
OS:Version,
  {6e6ca318-76d3-41af-afab-a6386234e804}, !- Handle
  3.11.0;                                 !- Version Identifier

OS:Site,
  {9486d251-7cca-4483-be9e-975252c07d7a}, !- Handle
  Mugla,                                  !- Name
  37.2094,                                !- Latitude {deg}
  28.3669,                                !- Longitude {deg}
  3,                                      !- Time Zone {hr}
  646,                                    !- Elevation {m}
  ,                                       !- Terrain
  No;                                     !- Keep Site Location Information

OS:YearDescription,
  {424669ba-26e9-4ead-ac1b-1be407292bd1}, !- Handle
  ,                                       !- Calendar Year
  Sunday;                                 !- Day of Week for Start Day

OS:ClimateZones,
  {cbaa226a-c652-461e-aa98-ce4382fabb7d}, !- Handle
  ASHRAE,                                 !- Climate Zone Institution Name 1
  ANSI/ASHRAE Standard 169,               !- Climate Zone Document Name 1
  2006,                                   !- Climate Zone Document Year 1
  3A,                                     !- Climate Zone Value 1
  CEC,                                    !- Climate Zone Institution Name 2
  California Climate Zone Descriptions,   !- Climate Zone Document Name 2
  1995,                                   !- Climate Zone Document Year 2
  ;                                       !- Climate Zone Value 2

OS:Building,
  {d707216a-df70-4631-9d72-da4427bbf7aa}, !- Handle
  Building 1,                             !- Name
  ,                                       !- Building Sector Type
  -0,                                     !- North Axis {deg}
  ,                                       !- Nominal Floor to Floor Height {m}
  ,                                       !- Space Type Name
  ,                                       !- Default Construction Set Name
  ;                                       !- Default Schedule Set Name

OS:Facility,
  {429f074d-51fa-4903-9354-1f725c2318ef}; !- Handle

OS:SimulationControl,
  {f3f81ce0-db4e-44b6-b711-e92664ba9907}; !- Handle

OS:Sizing:Parameters,
  {a22d3f43-a205-4d6b-a363-b3f48c2a4f14}, !- Handle
  1.25,                                   !- Heating Sizing Factor
  1.15;                                   !- Cooling Sizing Factor

OS:Timestep,
  {78239f9f-269a-421d-b7ea-9b2f5ef0afe7}, !- Handle
  6;                                      !- Number of Timesteps per Hour

OS:ShadowCalculation,
  {71b1535f-3567-49de-b003-18737bc9bd94}, !- Handle
  PolygonClipping,                        !- Shading Calculation Method
  ,                                       !- Shading Calculation Update Frequency Method
  20,                                     !- Shading Calculation Update Frequency
  15000,                                  !- Maximum Figures in Shadow Overlap Calculations
  ,                                       !- Polygon Clipping Algorithm
  512,                                    !- Pixel Counting Resolution
  ,                                       !- Sky Diffuse Modeling Algorithm
  No,                                     !- Output External Shading Calculation Results
  No,                                     !- Disable Self-Shading Within Shading Zone Groups
  No;                                     !- Disable Self-Shading From Shading Zone Groups to Other Zones

OS:HeatBalanceAlgorithm,
  {f8a4b286-f760-43a3-bcd1-fa6f8a42861d}, !- Handle
  ConductionTransferFunction,             !- Algorithm
  200;                                    !- Surface Temperature Upper Limit {C}

OS:RunPeriod,
  {d0e959a1-729c-40fe-9301-54deda875a76}, !- Handle
  Run Period 1,                           !- Name
  1,                                      !- Begin Month
  1,                                      !- Begin Day of Month
  12,                                     !- End Month
  31,                                     !- End Day of Month
  ,                                       !- Use Weather File Holidays and Special Days
  ,                                       !- Use Weather File Daylight Saving Period
  ,                                       !- Apply Weekend Holiday Rule
  ,                                       !- Use Weather File Rain Indicators
  ,                                       !- Use Weather File Snow Indicators
  ;                                       !- Number of Times Runperiod to be Repeated

OS:LifeCycleCost:Parameters,
  {6932248c-0fc7-4253-b014-6651e0c3295b}, !- Handle
  ,                                       !- Analysis Type
  ,                                       !- Discounting Convention
  ,                                       !- Inflation Approach
  ,                                       !- Real Discount Rate
  ,                                       !- Nominal Discount Rate
  ,                                       !- Inflation
  ,                                       !- Base Date Month
  ,                                       !- Base Date Year
  ,                                       !- Service Date Month
  ,                                       !- Service Date Year
  ;                                       !- Length of Study Period in Years

OS:SizingPeriod:DesignDay,
  {aad5072a-c776-4ca6-8377-42eb99c7501a}, !- Handle
  Mugla Ann Htg 99.6% Condns DB,          !- Name
  -3.1,                                   !- Maximum Dry-Bulb Temperature {C}
  0,                                      !- Daily Dry-Bulb Temperature Range {deltaC}
  93801,                                  !- Barometric Pressure {Pa}
  1.8,                                    !- Wind Speed {m/s}
  290,                                    !- Wind Direction {deg}
  0,                                      !- Sky Clearness
  No,                                     !- Rain Indicator
  No,                                     !- Snow Indicator
  21,                                     !- Day of Month
  1,                                      !- Month
  WinterDesignDay,                        !- Day Type
  No,                                     !- Daylight Saving Time Indicator
  Wetbulb,                                !- Humidity Condition Type
  ,                                       !- Humidity Condition Day Schedule Name
  -3.1,                                   !- Wetbulb or DewPoint at Maximum Dry-Bulb {C}
  ,                                       !- Humidity Ratio at Maximum Dry-Bulb {kgWater/kgDryAir}
  ,                                       !- Enthalpy at Maximum Dry-Bulb {J/kg}
  DefaultMultipliers,                     !- Dry-Bulb Temperature Range Modifier Type
  ,                                       !- Dry-Bulb Temperature Range Modifier Day Schedule Name
  ASHRAEClearSky;                         !- Solar Model Indicator

OS:SizingPeriod:DesignDay,
  {04fddb27-df2d-4037-ac2a-091cf7b01243}, !- Handle
  Mugla Ann Htg 99% Condns DB,            !- Name
  -1.7,                                   !- Maximum Dry-Bulb Temperature {C}
  0,                                      !- Daily Dry-Bulb Temperature Range {deltaC}
  93801,                                  !- Barometric Pressure {Pa}
  1.8,                                    !- Wind Speed {m/s}
  290,                                    !- Wind Direction {deg}
  0,                                      !- Sky Clearness
  No,                                     !- Rain Indicator
  No,                                     !- Snow Indicator
  21,                                     !- Day of Month
  1,                                      !- Month
  WinterDesignDay,                        !- Day Type
  No,                                     !- Daylight Saving Time Indicator
  Wetbulb,                                !- Humidity Condition Type
  ,                                       !- Humidity Condition Day Schedule Name
  -1.7,                                   !- Wetbulb or DewPoint at Maximum Dry-Bulb {C}
  ,                                       !- Humidity Ratio at Maximum Dry-Bulb {kgWater/kgDryAir}
  ,                                       !- Enthalpy at Maximum Dry-Bulb {J/kg}
  DefaultMultipliers,                     !- Dry-Bulb Temperature Range Modifier Type
  ,                                       !- Dry-Bulb Temperature Range Modifier Day Schedule Name
  ASHRAEClearSky;                         !- Solar Model Indicator

OS:SizingPeriod:DesignDay,
  {032a1817-3f89-4580-b746-550d79386f0f}, !- Handle
  Mugla Ann Hum_n 99.6% Condns DP=>MCDB,  !- Name
  0.5,                                    !- Maximum Dry-Bulb Temperature {C}
  0,                                      !- Daily Dry-Bulb Temperature Range {deltaC}
  93801,                                  !- Barometric Pressure {Pa}
  1.8,                                    !- Wind Speed {m/s}
  290,                                    !- Wind Direction {deg}
  0,                                      !- Sky Clearness
  No,                                     !- Rain Indicator
  No,                                     !- Snow Indicator
  21,                                     !- Day of Month
  1,                                      !- Month
  WinterDesignDay,                        !- Day Type
  No,                                     !- Daylight Saving Time Indicator
  Dewpoint,                               !- Humidity Condition Type
  ,                                       !- Humidity Condition Day Schedule Name
  -10.6,                                  !- Wetbulb or DewPoint at Maximum Dry-Bulb {C}
  ,                                       !- Humidity Ratio at Maximum Dry-Bulb {kgWater/kgDryAir}
  ,                                       !- Enthalpy at Maximum Dry-Bulb {J/kg}
  DefaultMultipliers,                     !- Dry-Bulb Temperature Range Modifier Type
  ,                                       !- Dry-Bulb Temperature Range Modifier Day Schedule Name
  ASHRAEClearSky;                         !- Solar Model Indicator

OS:SizingPeriod:DesignDay,
  {49aa314b-fab4-4eff-8d56-a7865a9b0daf}, !- Handle
  Mugla Ann Hum_n 99% Condns DP=>MCDB,    !- Name
  1.5,                                    !- Maximum Dry-Bulb Temperature {C}
  0,                                      !- Daily Dry-Bulb Temperature Range {deltaC}
  93801,                                  !- Barometric Pressure {Pa}
  1.8,                                    !- Wind Speed {m/s}
  290,                                    !- Wind Direction {deg}
  0,                                      !- Sky Clearness
  No,                                     !- Rain Indicator
  No,                                     !- Snow Indicator
  21,                                     !- Day of Month
  1,                                      !- Month
  WinterDesignDay,                        !- Day Type
  No,                                     !- Daylight Saving Time Indicator
  Dewpoint,                               !- Humidity Condition Type
  ,                                       !- Humidity Condition Day Schedule Name
  -8.3,                                   !- Wetbulb or DewPoint at Maximum Dry-Bulb {C}
  ,                                       !- Humidity Ratio at Maximum Dry-Bulb {kgWater/kgDryAir}
  ,                                       !- Enthalpy at Maximum Dry-Bulb {J/kg}
  DefaultMultipliers,                     !- Dry-Bulb Temperature Range Modifier Type
  ,                                       !- Dry-Bulb Temperature Range Modifier Day Schedule Name
  ASHRAEClearSky;                         !- Solar Model Indicator

OS:SizingPeriod:DesignDay,
  {ee9f407c-5333-40b1-b77c-503cc6b56692}, !- Handle
  Mugla Ann Htg Wind 99.6% Condns WS=>MCDB, !- Name
  7.6,                                    !- Maximum Dry-Bulb Temperature {C}
  0,                                      !- Daily Dry-Bulb Temperature Range {deltaC}
  93801,                                  !- Barometric Pressure {Pa}
  5.8,                                    !- Wind Speed {m/s}
  290,                                    !- Wind Direction {deg}
  0,                                      !- Sky Clearness
  No,                                     !- Rain Indicator
  No,                                     !- Snow Indicator
  21,                                     !- Day of Month
  1,                                      !- Month
  WinterDesignDay,                        !- Day Type
  No,                                     !- Daylight Saving Time Indicator
  Wetbulb,                                !- Humidity Condition Type
  ,                                       !- Humidity Condition Day Schedule Name
  7.6,                                    !- Wetbulb or DewPoint at Maximum Dry-Bulb {C}
  ,                                       !- Humidity Ratio at Maximum Dry-Bulb {kgWater/kgDryAir}
  ,                                       !- Enthalpy at Maximum Dry-Bulb {J/kg}
  DefaultMultipliers,                     !- Dry-Bulb Temperature Range Modifier Type
  ,                                       !- Dry-Bulb Temperature Range Modifier Day Schedule Name
  ASHRAEClearSky;                         !- Solar Model Indicator

OS:SizingPeriod:DesignDay,
  {efe5b862-2aa3-4f00-8877-99a5492222d8}, !- Handle
  Mugla Ann Htg Wind 99% Condns WS=>MCDB, !- Name
  7,                                      !- Maximum Dry-Bulb Temperature {C}
  0,                                      !- Daily Dry-Bulb Temperature Range {deltaC}
  93801,                                  !- Barometric Pressure {Pa}
  5,                                      !- Wind Speed {m/s}
  290,                                    !- Wind Direction {deg}
  0,                                      !- Sky Clearness
  No,                                     !- Rain Indicator
  No,                                     !- Snow Indicator
  21,                                     !- Day of Month
  1,                                      !- Month
  WinterDesignDay,                        !- Day Type
  No,                                     !- Daylight Saving Time Indicator
  Wetbulb,                                !- Humidity Condition Type
  ,                                       !- Humidity Condition Day Schedule Name
  7,                                      !- Wetbulb or DewPoint at Maximum Dry-Bulb {C}
  ,                                       !- Humidity Ratio at Maximum Dry-Bulb {kgWater/kgDryAir}
  ,                                       !- Enthalpy at Maximum Dry-Bulb {J/kg}
  DefaultMultipliers,                     !- Dry-Bulb Temperature Range Modifier Type
  ,                                       !- Dry-Bulb Temperature Range Modifier Day Schedule Name
  ASHRAEClearSky;                         !- Solar Model Indicator

OS:SizingPeriod:DesignDay,
  {2925aa53-e27f-409c-ac8c-84bf36c11221}, !- Handle
  Mugla Ann Clg .4% Condns DB=>MWB,       !- Name
  37,                                     !- Maximum Dry-Bulb Temperature {C}
  14.2,                                   !- Daily Dry-Bulb Temperature Range {deltaC}
  93801,                                  !- Barometric Pressure {Pa}
  2.5,                                    !- Wind Speed {m/s}
  180,                                    !- Wind Direction {deg}
  ,                                       !- Sky Clearness
  No,                                     !- Rain Indicator
  No,                                     !- Snow Indicator
  21,                                     !- Day of Month
  7,                                      !- Month
  SummerDesignDay,                        !- Day Type
  No,                                     !- Daylight Saving Time Indicator
  Wetbulb,                                !- Humidity Condition Type
  ,                                       !- Humidity Condition Day Schedule Name
  19.4,                                   !- Wetbulb or DewPoint at Maximum Dry-Bulb {C}
  ,                                       !- Humidity Ratio at Maximum Dry-Bulb {kgWater/kgDryAir}
  ,                                       !- Enthalpy at Maximum Dry-Bulb {J/kg}
  DefaultMultipliers,                     !- Dry-Bulb Temperature Range Modifier Type
  ,                                       !- Dry-Bulb Temperature Range Modifier Day Schedule Name
  ASHRAETau2017;                          !- Solar Model Indicator

OS:SizingPeriod:DesignDay,
  {ff294f51-4b9c-4c3e-9b83-c1e781379ec7}, !- Handle
  Mugla Ann Clg 1% Condns DB=>MWB,        !- Name
  35.6,                                   !- Maximum Dry-Bulb Temperature {C}
  14.2,                                   !- Daily Dry-Bulb Temperature Range {deltaC}
  93801,                                  !- Barometric Pressure {Pa}
  2.5,                                    !- Wind Speed {m/s}
  180,                                    !- Wind Direction {deg}
  ,                                       !- Sky Clearness
  No,                                     !- Rain Indicator
  No,                                     !- Snow Indicator
  21,                                     !- Day of Month
  7,                                      !- Month
  SummerDesignDay,                        !- Day Type
  No,                                     !- Daylight Saving Time Indicator
  Wetbulb,                                !- Humidity Condition Type
  ,                                       !- Humidity Condition Day Schedule Name
  19.3,                                   !- Wetbulb or DewPoint at Maximum Dry-Bulb {C}
  ,                                       !- Humidity Ratio at Maximum Dry-Bulb {kgWater/kgDryAir}
  ,                                       !- Enthalpy at Maximum Dry-Bulb {J/kg}
  DefaultMultipliers,                     !- Dry-Bulb Temperature Range Modifier Type
  ,                                       !- Dry-Bulb Temperature Range Modifier Day Schedule Name
  ASHRAETau2017;                          !- Solar Model Indicator

OS:SizingPeriod:DesignDay,
  {c7dc96c3-2a56-4648-a712-0823f877cda0}, !- Handle
  Mugla Ann Clg 2% Condns DB=>MWB,        !- Name
  34.2,                                   !- Maximum Dry-Bulb Temperature {C}
  14.2,                                   !- Daily Dry-Bulb Temperature Range {deltaC}
  93801,                                  !- Barometric Pressure {Pa}
  2.5,                                    !- Wind Speed {m/s}
  180,                                    !- Wind Direction {deg}
  ,                                       !- Sky Clearness
  No,                                     !- Rain Indicator
  No,                                     !- Snow Indicator
  21,                                     !- Day of Month
  7,                                      !- Month
  SummerDesignDay,                        !- Day Type
  No,                                     !- Daylight Saving Time Indicator
  Wetbulb,                                !- Humidity Condition Type
  ,                                       !- Humidity Condition Day Schedule Name
  19.2,                                   !- Wetbulb or DewPoint at Maximum Dry-Bulb {C}
  ,                                       !- Humidity Ratio at Maximum Dry-Bulb {kgWater/kgDryAir}
  ,                                       !- Enthalpy at Maximum Dry-Bulb {J/kg}
  DefaultMultipliers,                     !- Dry-Bulb Temperature Range Modifier Type
  ,                                       !- Dry-Bulb Temperature Range Modifier Day Schedule Name
  ASHRAETau2017;                          !- Solar Model Indicator

OS:SizingPeriod:DesignDay,
  {d974cd3a-693c-4575-ba8a-cee4b9a904bb}, !- Handle
  Mugla Ann Clg .4% Condns WB=>MDB,       !- Name
  32.6,                                   !- Maximum Dry-Bulb Temperature {C}
  13.2,                                   !- Daily Dry-Bulb Temperature Range {deltaC}
  93801,                                  !- Barometric Pressure {Pa}
  2.5,                                    !- Wind Speed {m/s}
  180,                                    !- Wind Direction {deg}
  ,                                       !- Sky Clearness
  No,                                     !- Rain Indicator
  No,                                     !- Snow Indicator
  21,                                     !- Day of Month
  7,                                      !- Month
  SummerDesignDay,                        !- Day Type
  No,                                     !- Daylight Saving Time Indicator
  Wetbulb,                                !- Humidity Condition Type
  ,                                       !- Humidity Condition Day Schedule Name
  22.1,                                   !- Wetbulb or DewPoint at Maximum Dry-Bulb {C}
  ,                                       !- Humidity Ratio at Maximum Dry-Bulb {kgWater/kgDryAir}
  ,                                       !- Enthalpy at Maximum Dry-Bulb {J/kg}
  DefaultMultipliers,                     !- Dry-Bulb Temperature Range Modifier Type
  ,                                       !- Dry-Bulb Temperature Range Modifier Day Schedule Name
  ASHRAETau2017;                          !- Solar Model Indicator

OS:SizingPeriod:DesignDay,
  {298cfccd-1f61-4e2b-9302-4c9fa6a57908}, !- Handle
  Mugla Ann Clg 1% Condns WB=>MDB,        !- Name
  31.6,                                   !- Maximum Dry-Bulb Temperature {C}
  13.2,                                   !- Daily Dry-Bulb Temperature Range {deltaC}
  93801,                                  !- Barometric Pressure {Pa}
  2.5,                                    !- Wind Speed {m/s}
  180,                                    !- Wind Direction {deg}
  ,                                       !- Sky Clearness
  No,                                     !- Rain Indicator
  No,                                     !- Snow Indicator
  21,                                     !- Day of Month
  7,                                      !- Month
  SummerDesignDay,                        !- Day Type
  No,                                     !- Daylight Saving Time Indicator
  Wetbulb,                                !- Humidity Condition Type
  ,                                       !- Humidity Condition Day Schedule Name
  21.2,                                   !- Wetbulb or DewPoint at Maximum Dry-Bulb {C}
  ,                                       !- Humidity Ratio at Maximum Dry-Bulb {kgWater/kgDryAir}
  ,                                       !- Enthalpy at Maximum Dry-Bulb {J/kg}
  DefaultMultipliers,                     !- Dry-Bulb Temperature Range Modifier Type
  ,                                       !- Dry-Bulb Temperature Range Modifier Day Schedule Name
  ASHRAETau2017;                          !- Solar Model Indicator

OS:SizingPeriod:DesignDay,
  {cd703e8b-a022-4b5e-9d61-869eb8781c2f}, !- Handle
  Mugla Ann Clg 2% Condns WB=>MDB,        !- Name
  30.7,                                   !- Maximum Dry-Bulb Temperature {C}
  13.2,                                   !- Daily Dry-Bulb Temperature Range {deltaC}
  93801,                                  !- Barometric Pressure {Pa}
  2.5,                                    !- Wind Speed {m/s}
  180,                                    !- Wind Direction {deg}
  ,                                       !- Sky Clearness
  No,                                     !- Rain Indicator
  No,                                     !- Snow Indicator
  21,                                     !- Day of Month
  7,                                      !- Month
  SummerDesignDay,                        !- Day Type
  No,                                     !- Daylight Saving Time Indicator
  Wetbulb,                                !- Humidity Condition Type
  ,                                       !- Humidity Condition Day Schedule Name
  20.5,                                   !- Wetbulb or DewPoint at Maximum Dry-Bulb {C}
  ,                                       !- Humidity Ratio at Maximum Dry-Bulb {kgWater/kgDryAir}
  ,                                       !- Enthalpy at Maximum Dry-Bulb {J/kg}
  DefaultMultipliers,                     !- Dry-Bulb Temperature Range Modifier Type
  ,                                       !- Dry-Bulb Temperature Range Modifier Day Schedule Name
  ASHRAETau2017;                          !- Solar Model Indicator

OS:SizingPeriod:DesignDay,
  {830143d5-f7ec-4eb0-984c-1110fb8bdac0}, !- Handle
  Mugla Ann Clg .4% Condns DP=>MDB,       !- Name
  26.8,                                   !- Maximum Dry-Bulb Temperature {C}
  12.9,                                   !- Daily Dry-Bulb Temperature Range {deltaC}
  93801,                                  !- Barometric Pressure {Pa}
  2.5,                                    !- Wind Speed {m/s}
  180,                                    !- Wind Direction {deg}
  ,                                       !- Sky Clearness
  No,                                     !- Rain Indicator
  No,                                     !- Snow Indicator
  21,                                     !- Day of Month
  7,                                      !- Month
  SummerDesignDay,                        !- Day Type
  No,                                     !- Daylight Saving Time Indicator
  Dewpoint,                               !- Humidity Condition Type
  ,                                       !- Humidity Condition Day Schedule Name
  18.9,                                   !- Wetbulb or DewPoint at Maximum Dry-Bulb {C}
  ,                                       !- Humidity Ratio at Maximum Dry-Bulb {kgWater/kgDryAir}
  ,                                       !- Enthalpy at Maximum Dry-Bulb {J/kg}
  DefaultMultipliers,                     !- Dry-Bulb Temperature Range Modifier Type
  ,                                       !- Dry-Bulb Temperature Range Modifier Day Schedule Name
  ASHRAETau2017;                          !- Solar Model Indicator

OS:SizingPeriod:DesignDay,
  {5099e5ce-5577-4b64-a849-bfa00cc7ff8c}, !- Handle
  Mugla Ann Clg 1% Condns DP=>MDB,        !- Name
  25.8,                                   !- Maximum Dry-Bulb Temperature {C}
  12.9,                                   !- Daily Dry-Bulb Temperature Range {deltaC}
  93801,                                  !- Barometric Pressure {Pa}
  2.5,                                    !- Wind Speed {m/s}
  180,                                    !- Wind Direction {deg}
  ,                                       !- Sky Clearness
  No,                                     !- Rain Indicator
  No,                                     !- Snow Indicator
  21,                                     !- Day of Month
  7,                                      !- Month
  SummerDesignDay,                        !- Day Type
  No,                                     !- Daylight Saving Time Indicator
  Dewpoint,                               !- Humidity Condition Type
  ,                                       !- Humidity Condition Day Schedule Name
  17.8,                                   !- Wetbulb or DewPoint at Maximum Dry-Bulb {C}
  ,                                       !- Humidity Ratio at Maximum Dry-Bulb {kgWater/kgDryAir}
  ,                                       !- Enthalpy at Maximum Dry-Bulb {J/kg}
  DefaultMultipliers,                     !- Dry-Bulb Temperature Range Modifier Type
  ,                                       !- Dry-Bulb Temperature Range Modifier Day Schedule Name
  ASHRAETau2017;                          !- Solar Model Indicator

OS:SizingPeriod:DesignDay,
  {511b6b58-575f-4ba9-bb9d-502d8dce9b90}, !- Handle
  Mugla Ann Clg 2% Condns DP=>MDB,        !- Name
  25.2,                                   !- Maximum Dry-Bulb Temperature {C}
  12.9,                                   !- Daily Dry-Bulb Temperature Range {deltaC}
  93801,                                  !- Barometric Pressure {Pa}
  2.5,                                    !- Wind Speed {m/s}
  180,                                    !- Wind Direction {deg}
  ,                                       !- Sky Clearness
  No,                                     !- Rain Indicator
  No,                                     !- Snow Indicator
  21,                                     !- Day of Month
  7,                                      !- Month
  SummerDesignDay,                        !- Day Type
  No,                                     !- Daylight Saving Time Indicator
  Dewpoint,                               !- Humidity Condition Type
  ,                                       !- Humidity Condition Day Schedule Name
  16.9,                                   !- Wetbulb or DewPoint at Maximum Dry-Bulb {C}
  ,                                       !- Humidity Ratio at Maximum Dry-Bulb {kgWater/kgDryAir}
  ,                                       !- Enthalpy at Maximum Dry-Bulb {J/kg}
  DefaultMultipliers,                     !- Dry-Bulb Temperature Range Modifier Type
  ,                                       !- Dry-Bulb Temperature Range Modifier Day Schedule Name
  ASHRAETau2017;                          !- Solar Model Indicator

OS:SizingPeriod:DesignDay,
  {b4c633b5-02f8-40a8-a6ae-c1fd78cce60d}, !- Handle
  Mugla Ann Clg .4% Condns Enth=>MDB,     !- Name
  32.4,                                   !- Maximum Dry-Bulb Temperature {C}
  12.9,                                   !- Daily Dry-Bulb Temperature Range {deltaC}
  93801,                                  !- Barometric Pressure {Pa}
  2.5,                                    !- Wind Speed {m/s}
  180,                                    !- Wind Direction {deg}
  ,                                       !- Sky Clearness
  No,                                     !- Rain Indicator
  No,                                     !- Snow Indicator
  21,                                     !- Day of Month
  7,                                      !- Month
  SummerDesignDay,                        !- Day Type
  No,                                     !- Daylight Saving Time Indicator
  Enthalpy,                               !- Humidity Condition Type
  ,                                       !- Humidity Condition Day Schedule Name
  23,                                     !- Wetbulb or DewPoint at Maximum Dry-Bulb {C}
  ,                                       !- Humidity Ratio at Maximum Dry-Bulb {kgWater/kgDryAir}
  67900,                                  !- Enthalpy at Maximum Dry-Bulb {J/kg}
  DefaultMultipliers,                     !- Dry-Bulb Temperature Range Modifier Type
  ,                                       !- Dry-Bulb Temperature Range Modifier Day Schedule Name
  ASHRAETau2017;                          !- Solar Model Indicator

OS:SizingPeriod:DesignDay,
  {8343ce6f-13b4-421a-a883-1c18c5385fa7}, !- Handle
  Mugla Ann Clg 1% Condns Enth=>MDB,      !- Name
  31.5,                                   !- Maximum Dry-Bulb Temperature {C}
  12.9,                                   !- Daily Dry-Bulb Temperature Range {deltaC}
  93801,                                  !- Barometric Pressure {Pa}
  2.5,                                    !- Wind Speed {m/s}
  180,                                    !- Wind Direction {deg}
  ,                                       !- Sky Clearness
  No,                                     !- Rain Indicator
  No,                                     !- Snow Indicator
  21,                                     !- Day of Month
  7,                                      !- Month
  SummerDesignDay,                        !- Day Type
  No,                                     !- Daylight Saving Time Indicator
  Enthalpy,                               !- Humidity Condition Type
  ,                                       !- Humidity Condition Day Schedule Name
  23,                                     !- Wetbulb or DewPoint at Maximum Dry-Bulb {C}
  ,                                       !- Humidity Ratio at Maximum Dry-Bulb {kgWater/kgDryAir}
  64800,                                  !- Enthalpy at Maximum Dry-Bulb {J/kg}
  DefaultMultipliers,                     !- Dry-Bulb Temperature Range Modifier Type
  ,                                       !- Dry-Bulb Temperature Range Modifier Day Schedule Name
  ASHRAETau2017;                          !- Solar Model Indicator

OS:SizingPeriod:DesignDay,
  {b2e576eb-fe3c-4f86-ad3d-fde84cb59272}, !- Handle
  Mugla Ann Clg 2% Condns Enth=>MDB,      !- Name
  30.7,                                   !- Maximum Dry-Bulb Temperature {C}
  12.9,                                   !- Daily Dry-Bulb Temperature Range {deltaC}
  93801,                                  !- Barometric Pressure {Pa}
  2.5,                                    !- Wind Speed {m/s}
  180,                                    !- Wind Direction {deg}
  ,                                       !- Sky Clearness
  No,                                     !- Rain Indicator
  No,                                     !- Snow Indicator
  21,                                     !- Day of Month
  7,                                      !- Month
  SummerDesignDay,                        !- Day Type
  No,                                     !- Daylight Saving Time Indicator
  Enthalpy,                               !- Humidity Condition Type
  ,                                       !- Humidity Condition Day Schedule Name
  23,                                     !- Wetbulb or DewPoint at Maximum Dry-Bulb {C}
  ,                                       !- Humidity Ratio at Maximum Dry-Bulb {kgWater/kgDryAir}
  62000,                                  !- Enthalpy at Maximum Dry-Bulb {J/kg}
  DefaultMultipliers,                     !- Dry-Bulb Temperature Range Modifier Type
  ,                                       !- Dry-Bulb Temperature Range Modifier Day Schedule Name
  ASHRAETau2017;                          !- Solar Model Indicator

OS:SizingPeriod:DesignDay,
  {fc2d1764-bca0-498c-a644-ef4215eb0c1a}, !- Handle
  Mugla January .4% Condns DB=>MCWB,      !- Name
  14.7,                                   !- Maximum Dry-Bulb Temperature {C}
  7.7,                                    !- Daily Dry-Bulb Temperature Range {deltaC}
  93801,                                  !- Barometric Pressure {Pa}
  1.4,                                    !- Wind Speed {m/s}
  180,                                    !- Wind Direction {deg}
  ,                                       !- Sky Clearness
  No,                                     !- Rain Indicator
  No,                                     !- Snow Indicator
  21,                                     !- Day of Month
  1,                                      !- Month
  SummerDesignDay,                        !- Day Type
  No,                                     !- Daylight Saving Time Indicator
  Wetbulb,                                !- Humidity Condition Type
  ,                                       !- Humidity Condition Day Schedule Name
  9.3,                                    !- Wetbulb or DewPoint at Maximum Dry-Bulb {C}
  ,                                       !- Humidity Ratio at Maximum Dry-Bulb {kgWater/kgDryAir}
  ,                                       !- Enthalpy at Maximum Dry-Bulb {J/kg}
  DefaultMultipliers,                     !- Dry-Bulb Temperature Range Modifier Type
  ,                                       !- Dry-Bulb Temperature Range Modifier Day Schedule Name
  ASHRAETau2017;                          !- Solar Model Indicator

OS:SizingPeriod:DesignDay,
  {fe35f995-fde0-46fa-8ce6-56073365e1cd}, !- Handle
  Mugla February .4% Condns DB=>MCWB,     !- Name
  17.8,                                   !- Maximum Dry-Bulb Temperature {C}
  8.5,                                    !- Daily Dry-Bulb Temperature Range {deltaC}
  93801,                                  !- Barometric Pressure {Pa}
  1.5,                                    !- Wind Speed {m/s}
  180,                                    !- Wind Direction {deg}
  ,                                       !- Sky Clearness
  No,                                     !- Rain Indicator
  No,                                     !- Snow Indicator
  21,                                     !- Day of Month
  2,                                      !- Month
  SummerDesignDay,                        !- Day Type
  No,                                     !- Daylight Saving Time Indicator
  Wetbulb,                                !- Humidity Condition Type
  ,                                       !- Humidity Condition Day Schedule Name
  10.6,                                   !- Wetbulb or DewPoint at Maximum Dry-Bulb {C}
  ,                                       !- Humidity Ratio at Maximum Dry-Bulb {kgWater/kgDryAir}
  ,                                       !- Enthalpy at Maximum Dry-Bulb {J/kg}
  DefaultMultipliers,                     !- Dry-Bulb Temperature Range Modifier Type
  ,                                       !- Dry-Bulb Temperature Range Modifier Day Schedule Name
  ASHRAETau2017;                          !- Solar Model Indicator

OS:SizingPeriod:DesignDay,
  {0a476723-66be-41f9-9587-45eef500d843}, !- Handle
  Mugla March .4% Condns DB=>MCWB,        !- Name
  21.7,                                   !- Maximum Dry-Bulb Temperature {C}
  10,                                     !- Daily Dry-Bulb Temperature Range {deltaC}
  93801,                                  !- Barometric Pressure {Pa}
  1.6,                                    !- Wind Speed {m/s}
  180,                                    !- Wind Direction {deg}
  ,                                       !- Sky Clearness
  No,                                     !- Rain Indicator
  No,                                     !- Snow Indicator
  21,                                     !- Day of Month
  3,                                      !- Month
  SummerDesignDay,                        !- Day Type
  No,                                     !- Daylight Saving Time Indicator
  Wetbulb,                                !- Humidity Condition Type
  ,                                       !- Humidity Condition Day Schedule Name
  11.9,                                   !- Wetbulb or DewPoint at Maximum Dry-Bulb {C}
  ,                                       !- Humidity Ratio at Maximum Dry-Bulb {kgWater/kgDryAir}
  ,                                       !- Enthalpy at Maximum Dry-Bulb {J/kg}
  DefaultMultipliers,                     !- Dry-Bulb Temperature Range Modifier Type
  ,                                       !- Dry-Bulb Temperature Range Modifier Day Schedule Name
  ASHRAETau2017;                          !- Solar Model Indicator

OS:SizingPeriod:DesignDay,
  {0d08db15-d1ab-443f-bb95-526da1663c38}, !- Handle
  Mugla April .4% Condns DB=>MCWB,        !- Name
  27.7,                                   !- Maximum Dry-Bulb Temperature {C}
  10.9,                                   !- Daily Dry-Bulb Temperature Range {deltaC}
  93801,                                  !- Barometric Pressure {Pa}
  1.5,                                    !- Wind Speed {m/s}
  180,                                    !- Wind Direction {deg}
  ,                                       !- Sky Clearness
  No,                                     !- Rain Indicator
  No,                                     !- Snow Indicator
  21,                                     !- Day of Month
  4,                                      !- Month
  SummerDesignDay,                        !- Day Type
  No,                                     !- Daylight Saving Time Indicator
  Wetbulb,                                !- Humidity Condition Type
  ,                                       !- Humidity Condition Day Schedule Name
  15.1,                                   !- Wetbulb or DewPoint at Maximum Dry-Bulb {C}
  ,                                       !- Humidity Ratio at Maximum Dry-Bulb {kgWater/kgDryAir}
  ,                                       !- Enthalpy at Maximum Dry-Bulb {J/kg}
  DefaultMultipliers,                     !- Dry-Bulb Temperature Range Modifier Type
  ,                                       !- Dry-Bulb Temperature Range Modifier Day Schedule Name
  ASHRAETau2017;                          !- Solar Model Indicator

OS:SizingPeriod:DesignDay,
  {4086ae79-b3a7-44f2-b4fa-d25a88ba8787}, !- Handle
  Mugla May .4% Condns DB=>MCWB,          !- Name
  31.7,                                   !- Maximum Dry-Bulb Temperature {C}
  12.5,                                   !- Daily Dry-Bulb Temperature Range {deltaC}
  93801,                                  !- Barometric Pressure {Pa}
  1.5,                                    !- Wind Speed {m/s}
  180,                                    !- Wind Direction {deg}
  ,                                       !- Sky Clearness
  No,                                     !- Rain Indicator
  No,                                     !- Snow Indicator
  21,                                     !- Day of Month
  5,                                      !- Month
  SummerDesignDay,                        !- Day Type
  No,                                     !- Daylight Saving Time Indicator
  Wetbulb,                                !- Humidity Condition Type
  ,                                       !- Humidity Condition Day Schedule Name
  17.2,                                   !- Wetbulb or DewPoint at Maximum Dry-Bulb {C}
  ,                                       !- Humidity Ratio at Maximum Dry-Bulb {kgWater/kgDryAir}
  ,                                       !- Enthalpy at Maximum Dry-Bulb {J/kg}
  DefaultMultipliers,                     !- Dry-Bulb Temperature Range Modifier Type
  ,                                       !- Dry-Bulb Temperature Range Modifier Day Schedule Name
  ASHRAETau2017;                          !- Solar Model Indicator

OS:SizingPeriod:DesignDay,
  {efdc0bf1-14a8-4566-ac27-9226e62194a0}, !- Handle
  Mugla June .4% Condns DB=>MCWB,         !- Name
  37.6,                                   !- Maximum Dry-Bulb Temperature {C}
  12.7,                                   !- Daily Dry-Bulb Temperature Range {deltaC}
  93801,                                  !- Barometric Pressure {Pa}
  1.7,                                    !- Wind Speed {m/s}
  180,                                    !- Wind Direction {deg}
  ,                                       !- Sky Clearness
  No,                                     !- Rain Indicator
  No,                                     !- Snow Indicator
  21,                                     !- Day of Month
  6,                                      !- Month
  SummerDesignDay,                        !- Day Type
  No,                                     !- Daylight Saving Time Indicator
  Wetbulb,                                !- Humidity Condition Type
  ,                                       !- Humidity Condition Day Schedule Name
  18.6,                                   !- Wetbulb or DewPoint at Maximum Dry-Bulb {C}
  ,                                       !- Humidity Ratio at Maximum Dry-Bulb {kgWater/kgDryAir}
  ,                                       !- Enthalpy at Maximum Dry-Bulb {J/kg}
  DefaultMultipliers,                     !- Dry-Bulb Temperature Range Modifier Type
  ,                                       !- Dry-Bulb Temperature Range Modifier Day Schedule Name
  ASHRAETau2017;                          !- Solar Model Indicator

OS:SizingPeriod:DesignDay,
  {9e011f96-00d5-471f-a062-aea2b9f52e33}, !- Handle
  Mugla July .4% Condns DB=>MCWB,         !- Name
  39.4,                                   !- Maximum Dry-Bulb Temperature {C}
  12.9,                                   !- Daily Dry-Bulb Temperature Range {deltaC}
  93801,                                  !- Barometric Pressure {Pa}
  1.9,                                    !- Wind Speed {m/s}
  180,                                    !- Wind Direction {deg}
  ,                                       !- Sky Clearness
  No,                                     !- Rain Indicator
  No,                                     !- Snow Indicator
  21,                                     !- Day of Month
  7,                                      !- Month
  SummerDesignDay,                        !- Day Type
  No,                                     !- Daylight Saving Time Indicator
  Wetbulb,                                !- Humidity Condition Type
  ,                                       !- Humidity Condition Day Schedule Name
  19.6,                                   !- Wetbulb or DewPoint at Maximum Dry-Bulb {C}
  ,                                       !- Humidity Ratio at Maximum Dry-Bulb {kgWater/kgDryAir}
  ,                                       !- Enthalpy at Maximum Dry-Bulb {J/kg}
  DefaultMultipliers,                     !- Dry-Bulb Temperature Range Modifier Type
  ,                                       !- Dry-Bulb Temperature Range Modifier Day Schedule Name
  ASHRAETau2017;                          !- Solar Model Indicator

OS:SizingPeriod:DesignDay,
  {7352feee-493a-4ea5-9f9a-0c015192b025}, !- Handle
  Mugla August .4% Condns DB=>MCWB,       !- Name
  38.3,                                   !- Maximum Dry-Bulb Temperature {C}
  12.7,                                   !- Daily Dry-Bulb Temperature Range {deltaC}
  93801,                                  !- Barometric Pressure {Pa}
  1.9,                                    !- Wind Speed {m/s}
  180,                                    !- Wind Direction {deg}
  ,                                       !- Sky Clearness
  No,                                     !- Rain Indicator
  No,                                     !- Snow Indicator
  21,                                     !- Day of Month
  8,                                      !- Month
  SummerDesignDay,                        !- Day Type
  No,                                     !- Daylight Saving Time Indicator
  Wetbulb,                                !- Humidity Condition Type
  ,                                       !- Humidity Condition Day Schedule Name
  19.8,                                   !- Wetbulb or DewPoint at Maximum Dry-Bulb {C}
  ,                                       !- Humidity Ratio at Maximum Dry-Bulb {kgWater/kgDryAir}
  ,                                       !- Enthalpy at Maximum Dry-Bulb {J/kg}
  DefaultMultipliers,                     !- Dry-Bulb Temperature Range Modifier Type
  ,                                       !- Dry-Bulb Temperature Range Modifier Day Schedule Name
  ASHRAETau2017;                          !- Solar Model Indicator

OS:SizingPeriod:DesignDay,
  {da4b7b7f-f047-4b76-8b42-b8300b453dee}, !- Handle
  Mugla September .4% Condns DB=>MCWB,    !- Name
  35.7,                                   !- Maximum Dry-Bulb Temperature {C}
  12.8,                                   !- Daily Dry-Bulb Temperature Range {deltaC}
  93801,                                  !- Barometric Pressure {Pa}
  1.7,                                    !- Wind Speed {m/s}
  180,                                    !- Wind Direction {deg}
  ,                                       !- Sky Clearness
  No,                                     !- Rain Indicator
  No,                                     !- Snow Indicator
  21,                                     !- Day of Month
  9,                                      !- Month
  SummerDesignDay,                        !- Day Type
  No,                                     !- Daylight Saving Time Indicator
  Wetbulb,                                !- Humidity Condition Type
  ,                                       !- Humidity Condition Day Schedule Name
  18.2,                                   !- Wetbulb or DewPoint at Maximum Dry-Bulb {C}
  ,                                       !- Humidity Ratio at Maximum Dry-Bulb {kgWater/kgDryAir}
  ,                                       !- Enthalpy at Maximum Dry-Bulb {J/kg}
  DefaultMultipliers,                     !- Dry-Bulb Temperature Range Modifier Type
  ,                                       !- Dry-Bulb Temperature Range Modifier Day Schedule Name
  ASHRAETau2017;                          !- Solar Model Indicator

OS:SizingPeriod:DesignDay,
  {2dd5cb46-ab2a-42cb-89a7-e34e4749348f}, !- Handle
  Mugla October .4% Condns DB=>MCWB,      !- Name
  30,                                     !- Maximum Dry-Bulb Temperature {C}
  11.8,                                   !- Daily Dry-Bulb Temperature Range {deltaC}
  93801,                                  !- Barometric Pressure {Pa}
  1.3,                                    !- Wind Speed {m/s}
  180,                                    !- Wind Direction {deg}
  ,                                       !- Sky Clearness
  No,                                     !- Rain Indicator
  No,                                     !- Snow Indicator
  21,                                     !- Day of Month
  10,                                     !- Month
  SummerDesignDay,                        !- Day Type
  No,                                     !- Daylight Saving Time Indicator
  Wetbulb,                                !- Humidity Condition Type
  ,                                       !- Humidity Condition Day Schedule Name
  16.8,                                   !- Wetbulb or DewPoint at Maximum Dry-Bulb {C}
  ,                                       !- Humidity Ratio at Maximum Dry-Bulb {kgWater/kgDryAir}
  ,                                       !- Enthalpy at Maximum Dry-Bulb {J/kg}
  DefaultMultipliers,                     !- Dry-Bulb Temperature Range Modifier Type
  ,                                       !- Dry-Bulb Temperature Range Modifier Day Schedule Name
  ASHRAETau2017;                          !- Solar Model Indicator

OS:SizingPeriod:DesignDay,
  {f32cd5e5-bec2-46f5-9ea6-d87482ae190f}, !- Handle
  Mugla November .4% Condns DB=>MCWB,     !- Name
  23.4,                                   !- Maximum Dry-Bulb Temperature {C}
  10.3,                                   !- Daily Dry-Bulb Temperature Range {deltaC}
  93801,                                  !- Barometric Pressure {Pa}
  1.2,                                    !- Wind Speed {m/s}
  180,                                    !- Wind Direction {deg}
  ,                                       !- Sky Clearness
  No,                                     !- Rain Indicator
  No,                                     !- Snow Indicator
  21,                                     !- Day of Month
  11,                                     !- Month
  SummerDesignDay,                        !- Day Type
  No,                                     !- Daylight Saving Time Indicator
  Wetbulb,                                !- Humidity Condition Type
  ,                                       !- Humidity Condition Day Schedule Name
  14.3,                                   !- Wetbulb or DewPoint at Maximum Dry-Bulb {C}
  ,                                       !- Humidity Ratio at Maximum Dry-Bulb {kgWater/kgDryAir}
  ,                                       !- Enthalpy at Maximum Dry-Bulb {J/kg}
  DefaultMultipliers,                     !- Dry-Bulb Temperature Range Modifier Type
  ,                                       !- Dry-Bulb Temperature Range Modifier Day Schedule Name
  ASHRAETau2017;                          !- Solar Model Indicator

OS:SizingPeriod:DesignDay,
  {c991cc6e-57b4-463f-bc9b-5d4613c2f2f3}, !- Handle
  Mugla December .4% Condns DB=>MCWB,     !- Name
  16.9,                                   !- Maximum Dry-Bulb Temperature {C}
  7.9,                                    !- Daily Dry-Bulb Temperature Range {deltaC}
  93801,                                  !- Barometric Pressure {Pa}
  1.4,                                    !- Wind Speed {m/s}
  180,                                    !- Wind Direction {deg}
  ,                                       !- Sky Clearness
  No,                                     !- Rain Indicator
  No,                                     !- Snow Indicator
  21,                                     !- Day of Month
  12,                                     !- Month
  SummerDesignDay,                        !- Day Type
  No,                                     !- Daylight Saving Time Indicator
  Wetbulb,                                !- Humidity Condition Type
  ,                                       !- Humidity Condition Day Schedule Name
  10.2,                                   !- Wetbulb or DewPoint at Maximum Dry-Bulb {C}
  ,                                       !- Humidity Ratio at Maximum Dry-Bulb {kgWater/kgDryAir}
  ,                                       !- Enthalpy at Maximum Dry-Bulb {J/kg}
  DefaultMultipliers,                     !- Dry-Bulb Temperature Range Modifier Type
  ,                                       !- Dry-Bulb Temperature Range Modifier Day Schedule Name
  ASHRAETau2017;                          !- Solar Model Indicator

OS:SizingPeriod:DesignDay,
  {13b9150b-b5fe-47f0-a194-363c418dbc26}, !- Handle
  Mugla January 2% Condns DB=>MCWB,       !- Name
  13,                                     !- Maximum Dry-Bulb Temperature {C}
  7.7,                                    !- Daily Dry-Bulb Temperature Range {deltaC}
  93801,                                  !- Barometric Pressure {Pa}
  1.4,                                    !- Wind Speed {m/s}
  180,                                    !- Wind Direction {deg}
  ,                                       !- Sky Clearness
  No,                                     !- Rain Indicator
  No,                                     !- Snow Indicator
  21,                                     !- Day of Month
  1,                                      !- Month
  SummerDesignDay,                        !- Day Type
  No,                                     !- Daylight Saving Time Indicator
  Wetbulb,                                !- Humidity Condition Type
  ,                                       !- Humidity Condition Day Schedule Name
  9.2,                                    !- Wetbulb or DewPoint at Maximum Dry-Bulb {C}
  ,                                       !- Humidity Ratio at Maximum Dry-Bulb {kgWater/kgDryAir}
  ,                                       !- Enthalpy at Maximum Dry-Bulb {J/kg}
  DefaultMultipliers,                     !- Dry-Bulb Temperature Range Modifier Type
  ,                                       !- Dry-Bulb Temperature Range Modifier Day Schedule Name
  ASHRAETau2017;                          !- Solar Model Indicator

OS:SizingPeriod:DesignDay,
  {5576e029-42ff-421c-b93c-cf4e9a1cd94f}, !- Handle
  Mugla February 2% Condns DB=>MCWB,      !- Name
  15.4,                                   !- Maximum Dry-Bulb Temperature {C}
  8.5,                                    !- Daily Dry-Bulb Temperature Range {deltaC}
  93801,                                  !- Barometric Pressure {Pa}
  1.5,                                    !- Wind Speed {m/s}
  180,                                    !- Wind Direction {deg}
  ,                                       !- Sky Clearness
  No,                                     !- Rain Indicator
  No,                                     !- Snow Indicator
  21,                                     !- Day of Month
  2,                                      !- Month
  SummerDesignDay,                        !- Day Type
  No,                                     !- Daylight Saving Time Indicator
  Wetbulb,                                !- Humidity Condition Type
  ,                                       !- Humidity Condition Day Schedule Name
  9.4,                                    !- Wetbulb or DewPoint at Maximum Dry-Bulb {C}
  ,                                       !- Humidity Ratio at Maximum Dry-Bulb {kgWater/kgDryAir}
  ,                                       !- Enthalpy at Maximum Dry-Bulb {J/kg}
  DefaultMultipliers,                     !- Dry-Bulb Temperature Range Modifier Type
  ,                                       !- Dry-Bulb Temperature Range Modifier Day Schedule Name
  ASHRAETau2017;                          !- Solar Model Indicator

OS:SizingPeriod:DesignDay,
  {ef46af03-0594-4cac-b8ee-c82cb0dd8952}, !- Handle
  Mugla March 2% Condns DB=>MCWB,         !- Name
  19.3,                                   !- Maximum Dry-Bulb Temperature {C}
  10,                                     !- Daily Dry-Bulb Temperature Range {deltaC}
  93801,                                  !- Barometric Pressure {Pa}
  1.6,                                    !- Wind Speed {m/s}
  180,                                    !- Wind Direction {deg}
  ,                                       !- Sky Clearness
  No,                                     !- Rain Indicator
  No,                                     !- Snow Indicator
  21,                                     !- Day of Month
  3,                                      !- Month
  SummerDesignDay,                        !- Day Type
  No,                                     !- Daylight Saving Time Indicator
  Wetbulb,                                !- Humidity Condition Type
  ,                                       !- Humidity Condition Day Schedule Name
  11,                                     !- Wetbulb or DewPoint at Maximum Dry-Bulb {C}
  ,                                       !- Humidity Ratio at Maximum Dry-Bulb {kgWater/kgDryAir}
  ,                                       !- Enthalpy at Maximum Dry-Bulb {J/kg}
  DefaultMultipliers,                     !- Dry-Bulb Temperature Range Modifier Type
  ,                                       !- Dry-Bulb Temperature Range Modifier Day Schedule Name
  ASHRAETau2017;                          !- Solar Model Indicator

OS:SizingPeriod:DesignDay,
  {b5f36d9d-c4e8-455c-95b3-6e07d40af7d7}, !- Handle
  Mugla April 2% Condns DB=>MCWB,         !- Name
  24.7,                                   !- Maximum Dry-Bulb Temperature {C}
  10.9,                                   !- Daily Dry-Bulb Temperature Range {deltaC}
  93801,                                  !- Barometric Pressure {Pa}
  1.5,                                    !- Wind Speed {m/s}
  180,                                    !- Wind Direction {deg}
  ,                                       !- Sky Clearness
  No,                                     !- Rain Indicator
  No,                                     !- Snow Indicator
  21,                                     !- Day of Month
  4,                                      !- Month
  SummerDesignDay,                        !- Day Type
  No,                                     !- Daylight Saving Time Indicator
  Wetbulb,                                !- Humidity Condition Type
  ,                                       !- Humidity Condition Day Schedule Name
  14,                                     !- Wetbulb or DewPoint at Maximum Dry-Bulb {C}
  ,                                       !- Humidity Ratio at Maximum Dry-Bulb {kgWater/kgDryAir}
  ,                                       !- Enthalpy at Maximum Dry-Bulb {J/kg}
  DefaultMultipliers,                     !- Dry-Bulb Temperature Range Modifier Type
  ,                                       !- Dry-Bulb Temperature Range Modifier Day Schedule Name
  ASHRAETau2017;                          !- Solar Model Indicator

OS:SizingPeriod:DesignDay,
  {3a18e868-c428-40cd-b790-e63b33c6342a}, !- Handle
  Mugla May 2% Condns DB=>MCWB,           !- Name
  29.8,                                   !- Maximum Dry-Bulb Temperature {C}
  12.5,                                   !- Daily Dry-Bulb Temperature Range {deltaC}
  93801,                                  !- Barometric Pressure {Pa}
  1.5,                                    !- Wind Speed {m/s}
  180,                                    !- Wind Direction {deg}
  ,                                       !- Sky Clearness
  No,                                     !- Rain Indicator
  No,                                     !- Snow Indicator
  21,                                     !- Day of Month
  5,                                      !- Month
  SummerDesignDay,                        !- Day Type
  No,                                     !- Daylight Saving Time Indicator
  Wetbulb,                                !- Humidity Condition Type
  ,                                       !- Humidity Condition Day Schedule Name
  16.7,                                   !- Wetbulb or DewPoint at Maximum Dry-Bulb {C}
  ,                                       !- Humidity Ratio at Maximum Dry-Bulb {kgWater/kgDryAir}
  ,                                       !- Enthalpy at Maximum Dry-Bulb {J/kg}
  DefaultMultipliers,                     !- Dry-Bulb Temperature Range Modifier Type
  ,                                       !- Dry-Bulb Temperature Range Modifier Day Schedule Name
  ASHRAETau2017;                          !- Solar Model Indicator

OS:SizingPeriod:DesignDay,
  {f7d297cd-372a-4145-85d4-2cb50d798250}, !- Handle
  Mugla June 2% Condns DB=>MCWB,          !- Name
  35.1,                                   !- Maximum Dry-Bulb Temperature {C}
  12.7,                                   !- Daily Dry-Bulb Temperature Range {deltaC}
  93801,                                  !- Barometric Pressure {Pa}
  1.7,                                    !- Wind Speed {m/s}
  180,                                    !- Wind Direction {deg}
  ,                                       !- Sky Clearness
  No,                                     !- Rain Indicator
  No,                                     !- Snow Indicator
  21,                                     !- Day of Month
  6,                                      !- Month
  SummerDesignDay,                        !- Day Type
  No,                                     !- Daylight Saving Time Indicator
  Wetbulb,                                !- Humidity Condition Type
  ,                                       !- Humidity Condition Day Schedule Name
  19.1,                                   !- Wetbulb or DewPoint at Maximum Dry-Bulb {C}
  ,                                       !- Humidity Ratio at Maximum Dry-Bulb {kgWater/kgDryAir}
  ,                                       !- Enthalpy at Maximum Dry-Bulb {J/kg}
  DefaultMultipliers,                     !- Dry-Bulb Temperature Range Modifier Type
  ,                                       !- Dry-Bulb Temperature Range Modifier Day Schedule Name
  ASHRAETau2017;                          !- Solar Model Indicator

OS:SizingPeriod:DesignDay,
  {8b90746e-d2db-4fe7-90b5-2985bbc773a6}, !- Handle
  Mugla July 2% Condns DB=>MCWB,          !- Name
  37.2,                                   !- Maximum Dry-Bulb Temperature {C}
  12.9,                                   !- Daily Dry-Bulb Temperature Range {deltaC}
  93801,                                  !- Barometric Pressure {Pa}
  1.9,                                    !- Wind Speed {m/s}
  180,                                    !- Wind Direction {deg}
  ,                                       !- Sky Clearness
  No,                                     !- Rain Indicator
  No,                                     !- Snow Indicator
  21,                                     !- Day of Month
  7,                                      !- Month
  SummerDesignDay,                        !- Day Type
  No,                                     !- Daylight Saving Time Indicator
  Wetbulb,                                !- Humidity Condition Type
  ,                                       !- Humidity Condition Day Schedule Name
  19.7,                                   !- Wetbulb or DewPoint at Maximum Dry-Bulb {C}
  ,                                       !- Humidity Ratio at Maximum Dry-Bulb {kgWater/kgDryAir}
  ,                                       !- Enthalpy at Maximum Dry-Bulb {J/kg}
  DefaultMultipliers,                     !- Dry-Bulb Temperature Range Modifier Type
  ,                                       !- Dry-Bulb Temperature Range Modifier Day Schedule Name
  ASHRAETau2017;                          !- Solar Model Indicator

OS:SizingPeriod:DesignDay,
  {80a29b8a-4274-4555-8663-e2cb3468d67d}, !- Handle
  Mugla August 2% Condns DB=>MCWB,        !- Name
  36.7,                                   !- Maximum Dry-Bulb Temperature {C}
  12.7,                                   !- Daily Dry-Bulb Temperature Range {deltaC}
  93801,                                  !- Barometric Pressure {Pa}
  1.9,                                    !- Wind Speed {m/s}
  180,                                    !- Wind Direction {deg}
  ,                                       !- Sky Clearness
  No,                                     !- Rain Indicator
  No,                                     !- Snow Indicator
  21,                                     !- Day of Month
  8,                                      !- Month
  SummerDesignDay,                        !- Day Type
  No,                                     !- Daylight Saving Time Indicator
  Wetbulb,                                !- Humidity Condition Type
  ,                                       !- Humidity Condition Day Schedule Name
  19.4,                                   !- Wetbulb or DewPoint at Maximum Dry-Bulb {C}
  ,                                       !- Humidity Ratio at Maximum Dry-Bulb {kgWater/kgDryAir}
  ,                                       !- Enthalpy at Maximum Dry-Bulb {J/kg}
  DefaultMultipliers,                     !- Dry-Bulb Temperature Range Modifier Type
  ,                                       !- Dry-Bulb Temperature Range Modifier Day Schedule Name
  ASHRAETau2017;                          !- Solar Model Indicator

OS:SizingPeriod:DesignDay,
  {93493c2a-3364-4ee0-910c-d5f3e7ad4082}, !- Handle
  Mugla September 2% Condns DB=>MCWB,     !- Name
  33.6,                                   !- Maximum Dry-Bulb Temperature {C}
  12.8,                                   !- Daily Dry-Bulb Temperature Range {deltaC}
  93801,                                  !- Barometric Pressure {Pa}
  1.7,                                    !- Wind Speed {m/s}
  180,                                    !- Wind Direction {deg}
  ,                                       !- Sky Clearness
  No,                                     !- Rain Indicator
  No,                                     !- Snow Indicator
  21,                                     !- Day of Month
  9,                                      !- Month
  SummerDesignDay,                        !- Day Type
  No,                                     !- Daylight Saving Time Indicator
  Wetbulb,                                !- Humidity Condition Type
  ,                                       !- Humidity Condition Day Schedule Name
  18.2,                                   !- Wetbulb or DewPoint at Maximum Dry-Bulb {C}
  ,                                       !- Humidity Ratio at Maximum Dry-Bulb {kgWater/kgDryAir}
  ,                                       !- Enthalpy at Maximum Dry-Bulb {J/kg}
  DefaultMultipliers,                     !- Dry-Bulb Temperature Range Modifier Type
  ,                                       !- Dry-Bulb Temperature Range Modifier Day Schedule Name
  ASHRAETau2017;                          !- Solar Model Indicator

OS:SizingPeriod:DesignDay,
  {637c706e-5ade-4ca9-ac3a-86c8827f4b06}, !- Handle
  Mugla October 2% Condns DB=>MCWB,       !- Name
  27.3,                                   !- Maximum Dry-Bulb Temperature {C}
  11.8,                                   !- Daily Dry-Bulb Temperature Range {deltaC}
  93801,                                  !- Barometric Pressure {Pa}
  1.3,                                    !- Wind Speed {m/s}
  180,                                    !- Wind Direction {deg}
  ,                                       !- Sky Clearness
  No,                                     !- Rain Indicator
  No,                                     !- Snow Indicator
  21,                                     !- Day of Month
  10,                                     !- Month
  SummerDesignDay,                        !- Day Type
  No,                                     !- Daylight Saving Time Indicator
  Wetbulb,                                !- Humidity Condition Type
  ,                                       !- Humidity Condition Day Schedule Name
  16,                                     !- Wetbulb or DewPoint at Maximum Dry-Bulb {C}
  ,                                       !- Humidity Ratio at Maximum Dry-Bulb {kgWater/kgDryAir}
  ,                                       !- Enthalpy at Maximum Dry-Bulb {J/kg}
  DefaultMultipliers,                     !- Dry-Bulb Temperature Range Modifier Type
  ,                                       !- Dry-Bulb Temperature Range Modifier Day Schedule Name
  ASHRAETau2017;                          !- Solar Model Indicator

OS:SizingPeriod:DesignDay,
  {c710f274-bbaa-4e5b-8f18-e8e605cb8020}, !- Handle
  Mugla November 2% Condns DB=>MCWB,      !- Name
  20.6,                                   !- Maximum Dry-Bulb Temperature {C}
  10.3,                                   !- Daily Dry-Bulb Temperature Range {deltaC}
  93801,                                  !- Barometric Pressure {Pa}
  1.2,                                    !- Wind Speed {m/s}
  180,                                    !- Wind Direction {deg}
  ,                                       !- Sky Clearness
  No,                                     !- Rain Indicator
  No,                                     !- Snow Indicator
  21,                                     !- Day of Month
  11,                                     !- Month
  SummerDesignDay,                        !- Day Type
  No,                                     !- Daylight Saving Time Indicator
  Wetbulb,                                !- Humidity Condition Type
  ,                                       !- Humidity Condition Day Schedule Name
  12.9,                                   !- Wetbulb or DewPoint at Maximum Dry-Bulb {C}
  ,                                       !- Humidity Ratio at Maximum Dry-Bulb {kgWater/kgDryAir}
  ,                                       !- Enthalpy at Maximum Dry-Bulb {J/kg}
  DefaultMultipliers,                     !- Dry-Bulb Temperature Range Modifier Type
  ,                                       !- Dry-Bulb Temperature Range Modifier Day Schedule Name
  ASHRAETau2017;                          !- Solar Model Indicator

OS:SizingPeriod:DesignDay,
  {90659b0b-c61a-4875-bf8f-18299d491690}, !- Handle
  Mugla December 2% Condns DB=>MCWB,      !- Name
  14.3,                                   !- Maximum Dry-Bulb Temperature {C}
  7.9,                                    !- Daily Dry-Bulb Temperature Range {deltaC}
  93801,                                  !- Barometric Pressure {Pa}
  1.4,                                    !- Wind Speed {m/s}
  180,                                    !- Wind Direction {deg}
  ,                                       !- Sky Clearness
  No,                                     !- Rain Indicator
  No,                                     !- Snow Indicator
  21,                                     !- Day of Month
  12,                                     !- Month
  SummerDesignDay,                        !- Day Type
  No,                                     !- Daylight Saving Time Indicator
  Wetbulb,                                !- Humidity Condition Type
  ,                                       !- Humidity Condition Day Schedule Name
  10,                                     !- Wetbulb or DewPoint at Maximum Dry-Bulb {C}
  ,                                       !- Humidity Ratio at Maximum Dry-Bulb {kgWater/kgDryAir}
  ,                                       !- Enthalpy at Maximum Dry-Bulb {J/kg}
  DefaultMultipliers,                     !- Dry-Bulb Temperature Range Modifier Type
  ,                                       !- Dry-Bulb Temperature Range Modifier Day Schedule Name
  ASHRAETau2017;                          !- Solar Model Indicator

OS:SizingPeriod:DesignDay,
  {94516469-7180-4b40-acd0-4a90b23dd121}, !- Handle
  Mugla January 5% Condns DB=>MCWB,       !- Name
  11.7,                                   !- Maximum Dry-Bulb Temperature {C}
  10,                                     !- Daily Dry-Bulb Temperature Range {deltaC}
  93801,                                  !- Barometric Pressure {Pa}
  1.4,                                    !- Wind Speed {m/s}
  180,                                    !- Wind Direction {deg}
  ,                                       !- Sky Clearness
  No,                                     !- Rain Indicator
  No,                                     !- Snow Indicator
  21,                                     !- Day of Month
  1,                                      !- Month
  SummerDesignDay,                        !- Day Type
  No,                                     !- Daylight Saving Time Indicator
  Wetbulb,                                !- Humidity Condition Type
  ,                                       !- Humidity Condition Day Schedule Name
  8.8,                                    !- Wetbulb or DewPoint at Maximum Dry-Bulb {C}
  ,                                       !- Humidity Ratio at Maximum Dry-Bulb {kgWater/kgDryAir}
  ,                                       !- Enthalpy at Maximum Dry-Bulb {J/kg}
  DefaultMultipliers,                     !- Dry-Bulb Temperature Range Modifier Type
  ,                                       !- Dry-Bulb Temperature Range Modifier Day Schedule Name
  ASHRAETau2017;                          !- Solar Model Indicator

OS:SizingPeriod:DesignDay,
  {6d17690a-646c-425e-979f-df27a1cc8434}, !- Handle
  Mugla February 5% Condns DB=>MCWB,      !- Name
  13.5,                                   !- Maximum Dry-Bulb Temperature {C}
  12,                                     !- Daily Dry-Bulb Temperature Range {deltaC}
  93801,                                  !- Barometric Pressure {Pa}
  1.5,                                    !- Wind Speed {m/s}
  180,                                    !- Wind Direction {deg}
  ,                                       !- Sky Clearness
  No,                                     !- Rain Indicator
  No,                                     !- Snow Indicator
  21,                                     !- Day of Month
  2,                                      !- Month
  SummerDesignDay,                        !- Day Type
  No,                                     !- Daylight Saving Time Indicator
  Wetbulb,                                !- Humidity Condition Type
  ,                                       !- Humidity Condition Day Schedule Name
  8.8,                                    !- Wetbulb or DewPoint at Maximum Dry-Bulb {C}
  ,                                       !- Humidity Ratio at Maximum Dry-Bulb {kgWater/kgDryAir}
  ,                                       !- Enthalpy at Maximum Dry-Bulb {J/kg}
  DefaultMultipliers,                     !- Dry-Bulb Temperature Range Modifier Type
  ,                                       !- Dry-Bulb Temperature Range Modifier Day Schedule Name
  ASHRAETau2017;                          !- Solar Model Indicator

OS:SizingPeriod:DesignDay,
  {8d5fb780-1c46-49be-9828-39414e55d4a1}, !- Handle
  Mugla March 5% Condns DB=>MCWB,         !- Name
  17.5,                                   !- Maximum Dry-Bulb Temperature {C}
  13.6,                                   !- Daily Dry-Bulb Temperature Range {deltaC}
  93801,                                  !- Barometric Pressure {Pa}
  1.6,                                    !- Wind Speed {m/s}
  180,                                    !- Wind Direction {deg}
  ,                                       !- Sky Clearness
  No,                                     !- Rain Indicator
  No,                                     !- Snow Indicator
  21,                                     !- Day of Month
  3,                                      !- Month
  SummerDesignDay,                        !- Day Type
  No,                                     !- Daylight Saving Time Indicator
  Wetbulb,                                !- Humidity Condition Type
  ,                                       !- Humidity Condition Day Schedule Name
  10.5,                                   !- Wetbulb or DewPoint at Maximum Dry-Bulb {C}
  ,                                       !- Humidity Ratio at Maximum Dry-Bulb {kgWater/kgDryAir}
  ,                                       !- Enthalpy at Maximum Dry-Bulb {J/kg}
  DefaultMultipliers,                     !- Dry-Bulb Temperature Range Modifier Type
  ,                                       !- Dry-Bulb Temperature Range Modifier Day Schedule Name
  ASHRAETau2017;                          !- Solar Model Indicator

OS:SizingPeriod:DesignDay,
  {fd59e419-a56b-43b3-be27-5940704ca2f2}, !- Handle
  Mugla April 5% Condns DB=>MCWB,         !- Name
  22.4,                                   !- Maximum Dry-Bulb Temperature {C}
  15,                                     !- Daily Dry-Bulb Temperature Range {deltaC}
  93801,                                  !- Barometric Pressure {Pa}
  1.5,                                    !- Wind Speed {m/s}
  180,                                    !- Wind Direction {deg}
  ,                                       !- Sky Clearness
  No,                                     !- Rain Indicator
  No,                                     !- Snow Indicator
  21,                                     !- Day of Month
  4,                                      !- Month
  SummerDesignDay,                        !- Day Type
  No,                                     !- Daylight Saving Time Indicator
  Wetbulb,                                !- Humidity Condition Type
  ,                                       !- Humidity Condition Day Schedule Name
  13.3,                                   !- Wetbulb or DewPoint at Maximum Dry-Bulb {C}
  ,                                       !- Humidity Ratio at Maximum Dry-Bulb {kgWater/kgDryAir}
  ,                                       !- Enthalpy at Maximum Dry-Bulb {J/kg}
  DefaultMultipliers,                     !- Dry-Bulb Temperature Range Modifier Type
  ,                                       !- Dry-Bulb Temperature Range Modifier Day Schedule Name
  ASHRAETau2017;                          !- Solar Model Indicator

OS:SizingPeriod:DesignDay,
  {44d16686-f748-4914-81cc-9514e4f3428f}, !- Handle
  Mugla May 5% Condns DB=>MCWB,           !- Name
  28.3,                                   !- Maximum Dry-Bulb Temperature {C}
  15.1,                                   !- Daily Dry-Bulb Temperature Range {deltaC}
  93801,                                  !- Barometric Pressure {Pa}
  1.5,                                    !- Wind Speed {m/s}
  180,                                    !- Wind Direction {deg}
  ,                                       !- Sky Clearness
  No,                                     !- Rain Indicator
  No,                                     !- Snow Indicator
  21,                                     !- Day of Month
  5,                                      !- Month
  SummerDesignDay,                        !- Day Type
  No,                                     !- Daylight Saving Time Indicator
  Wetbulb,                                !- Humidity Condition Type
  ,                                       !- Humidity Condition Day Schedule Name
  16.5,                                   !- Wetbulb or DewPoint at Maximum Dry-Bulb {C}
  ,                                       !- Humidity Ratio at Maximum Dry-Bulb {kgWater/kgDryAir}
  ,                                       !- Enthalpy at Maximum Dry-Bulb {J/kg}
  DefaultMultipliers,                     !- Dry-Bulb Temperature Range Modifier Type
  ,                                       !- Dry-Bulb Temperature Range Modifier Day Schedule Name
  ASHRAETau2017;                          !- Solar Model Indicator

OS:SizingPeriod:DesignDay,
  {897597ff-10c2-49b8-bc88-c824850a1a88}, !- Handle
  Mugla June 5% Condns DB=>MCWB,          !- Name
  33.1,                                   !- Maximum Dry-Bulb Temperature {C}
  14,                                     !- Daily Dry-Bulb Temperature Range {deltaC}
  93801,                                  !- Barometric Pressure {Pa}
  1.7,                                    !- Wind Speed {m/s}
  180,                                    !- Wind Direction {deg}
  ,                                       !- Sky Clearness
  No,                                     !- Rain Indicator
  No,                                     !- Snow Indicator
  21,                                     !- Day of Month
  6,                                      !- Month
  SummerDesignDay,                        !- Day Type
  No,                                     !- Daylight Saving Time Indicator
  Wetbulb,                                !- Humidity Condition Type
  ,                                       !- Humidity Condition Day Schedule Name
  18.7,                                   !- Wetbulb or DewPoint at Maximum Dry-Bulb {C}
  ,                                       !- Humidity Ratio at Maximum Dry-Bulb {kgWater/kgDryAir}
  ,                                       !- Enthalpy at Maximum Dry-Bulb {J/kg}
  DefaultMultipliers,                     !- Dry-Bulb Temperature Range Modifier Type
  ,                                       !- Dry-Bulb Temperature Range Modifier Day Schedule Name
  ASHRAETau2017;                          !- Solar Model Indicator

OS:SizingPeriod:DesignDay,
  {4a4d79a0-2b33-4f44-8d76-4d2766dde875}, !- Handle
  Mugla July 5% Condns DB=>MCWB,          !- Name
  35.7,                                   !- Maximum Dry-Bulb Temperature {C}
  14.2,                                   !- Daily Dry-Bulb Temperature Range {deltaC}
  93801,                                  !- Barometric Pressure {Pa}
  1.9,                                    !- Wind Speed {m/s}
  180,                                    !- Wind Direction {deg}
  ,                                       !- Sky Clearness
  No,                                     !- Rain Indicator
  No,                                     !- Snow Indicator
  21,                                     !- Day of Month
  7,                                      !- Month
  SummerDesignDay,                        !- Day Type
  No,                                     !- Daylight Saving Time Indicator
  Wetbulb,                                !- Humidity Condition Type
  ,                                       !- Humidity Condition Day Schedule Name
  19.5,                                   !- Wetbulb or DewPoint at Maximum Dry-Bulb {C}
  ,                                       !- Humidity Ratio at Maximum Dry-Bulb {kgWater/kgDryAir}
  ,                                       !- Enthalpy at Maximum Dry-Bulb {J/kg}
  DefaultMultipliers,                     !- Dry-Bulb Temperature Range Modifier Type
  ,                                       !- Dry-Bulb Temperature Range Modifier Day Schedule Name
  ASHRAETau2017;                          !- Solar Model Indicator

OS:SizingPeriod:DesignDay,
  {babeb9d3-37ec-4677-8df0-82a8c9a13e54}, !- Handle
  Mugla August 5% Condns DB=>MCWB,        !- Name
  35.4,                                   !- Maximum Dry-Bulb Temperature {C}
  14,                                     !- Daily Dry-Bulb Temperature Range {deltaC}
  93801,                                  !- Barometric Pressure {Pa}
  1.9,                                    !- Wind Speed {m/s}
  180,                                    !- Wind Direction {deg}
  ,                                       !- Sky Clearness
  No,                                     !- Rain Indicator
  No,                                     !- Snow Indicator
  21,                                     !- Day of Month
  8,                                      !- Month
  SummerDesignDay,                        !- Day Type
  No,                                     !- Daylight Saving Time Indicator
  Wetbulb,                                !- Humidity Condition Type
  ,                                       !- Humidity Condition Day Schedule Name
  19.3,                                   !- Wetbulb or DewPoint at Maximum Dry-Bulb {C}
  ,                                       !- Humidity Ratio at Maximum Dry-Bulb {kgWater/kgDryAir}
  ,                                       !- Enthalpy at Maximum Dry-Bulb {J/kg}
  DefaultMultipliers,                     !- Dry-Bulb Temperature Range Modifier Type
  ,                                       !- Dry-Bulb Temperature Range Modifier Day Schedule Name
  ASHRAETau2017;                          !- Solar Model Indicator

OS:SizingPeriod:DesignDay,
  {d6b00d21-c00a-431f-bbc4-4c82f426c962}, !- Handle
  Mugla September 5% Condns DB=>MCWB,     !- Name
  31.7,                                   !- Maximum Dry-Bulb Temperature {C}
  14.8,                                   !- Daily Dry-Bulb Temperature Range {deltaC}
  93801,                                  !- Barometric Pressure {Pa}
  1.7,                                    !- Wind Speed {m/s}
  180,                                    !- Wind Direction {deg}
  ,                                       !- Sky Clearness
  No,                                     !- Rain Indicator
  No,                                     !- Snow Indicator
  21,                                     !- Day of Month
  9,                                      !- Month
  SummerDesignDay,                        !- Day Type
  No,                                     !- Daylight Saving Time Indicator
  Wetbulb,                                !- Humidity Condition Type
  ,                                       !- Humidity Condition Day Schedule Name
  18,                                     !- Wetbulb or DewPoint at Maximum Dry-Bulb {C}
  ,                                       !- Humidity Ratio at Maximum Dry-Bulb {kgWater/kgDryAir}
  ,                                       !- Enthalpy at Maximum Dry-Bulb {J/kg}
  DefaultMultipliers,                     !- Dry-Bulb Temperature Range Modifier Type
  ,                                       !- Dry-Bulb Temperature Range Modifier Day Schedule Name
  ASHRAETau2017;                          !- Solar Model Indicator

OS:SizingPeriod:DesignDay,
  {b48981fa-ff79-4de1-a875-41ed6dd5758c}, !- Handle
  Mugla October 5% Condns DB=>MCWB,       !- Name
  25.4,                                   !- Maximum Dry-Bulb Temperature {C}
  14.6,                                   !- Daily Dry-Bulb Temperature Range {deltaC}
  93801,                                  !- Barometric Pressure {Pa}
  1.3,                                    !- Wind Speed {m/s}
  180,                                    !- Wind Direction {deg}
  ,                                       !- Sky Clearness
  No,                                     !- Rain Indicator
  No,                                     !- Snow Indicator
  21,                                     !- Day of Month
  10,                                     !- Month
  SummerDesignDay,                        !- Day Type
  No,                                     !- Daylight Saving Time Indicator
  Wetbulb,                                !- Humidity Condition Type
  ,                                       !- Humidity Condition Day Schedule Name
  15.3,                                   !- Wetbulb or DewPoint at Maximum Dry-Bulb {C}
  ,                                       !- Humidity Ratio at Maximum Dry-Bulb {kgWater/kgDryAir}
  ,                                       !- Enthalpy at Maximum Dry-Bulb {J/kg}
  DefaultMultipliers,                     !- Dry-Bulb Temperature Range Modifier Type
  ,                                       !- Dry-Bulb Temperature Range Modifier Day Schedule Name
  ASHRAETau2017;                          !- Solar Model Indicator

OS:SizingPeriod:DesignDay,
  {f22c7590-7692-4bf9-a203-db7105440a8a}, !- Handle
  Mugla November 5% Condns DB=>MCWB,      !- Name
  18.6,                                   !- Maximum Dry-Bulb Temperature {C}
  13.9,                                   !- Daily Dry-Bulb Temperature Range {deltaC}
  93801,                                  !- Barometric Pressure {Pa}
  1.2,                                    !- Wind Speed {m/s}
  180,                                    !- Wind Direction {deg}
  ,                                       !- Sky Clearness
  No,                                     !- Rain Indicator
  No,                                     !- Snow Indicator
  21,                                     !- Day of Month
  11,                                     !- Month
  SummerDesignDay,                        !- Day Type
  No,                                     !- Daylight Saving Time Indicator
  Wetbulb,                                !- Humidity Condition Type
  ,                                       !- Humidity Condition Day Schedule Name
  12.6,                                   !- Wetbulb or DewPoint at Maximum Dry-Bulb {C}
  ,                                       !- Humidity Ratio at Maximum Dry-Bulb {kgWater/kgDryAir}
  ,                                       !- Enthalpy at Maximum Dry-Bulb {J/kg}
  DefaultMultipliers,                     !- Dry-Bulb Temperature Range Modifier Type
  ,                                       !- Dry-Bulb Temperature Range Modifier Day Schedule Name
  ASHRAETau2017;                          !- Solar Model Indicator

OS:SizingPeriod:DesignDay,
  {40ca6032-c92f-4242-8d4d-24539dbc8cab}, !- Handle
  Mugla December 5% Condns DB=>MCWB,      !- Name
  12.8,                                   !- Maximum Dry-Bulb Temperature {C}
  10.7,                                   !- Daily Dry-Bulb Temperature Range {deltaC}
  93801,                                  !- Barometric Pressure {Pa}
  1.4,                                    !- Wind Speed {m/s}
  180,                                    !- Wind Direction {deg}
  ,                                       !- Sky Clearness
  No,                                     !- Rain Indicator
  No,                                     !- Snow Indicator
  21,                                     !- Day of Month
  12,                                     !- Month
  SummerDesignDay,                        !- Day Type
  No,                                     !- Daylight Saving Time Indicator
  Wetbulb,                                !- Humidity Condition Type
  ,                                       !- Humidity Condition Day Schedule Name
  9.9,                                    !- Wetbulb or DewPoint at Maximum Dry-Bulb {C}
  ,                                       !- Humidity Ratio at Maximum Dry-Bulb {kgWater/kgDryAir}
  ,                                       !- Enthalpy at Maximum Dry-Bulb {J/kg}
  DefaultMultipliers,                     !- Dry-Bulb Temperature Range Modifier Type
  ,                                       !- Dry-Bulb Temperature Range Modifier Day Schedule Name
  ASHRAETau2017;                          !- Solar Model Indicator

OS:SizingPeriod:DesignDay,
  {0f0d1183-3178-4410-bac5-867b3690b17c}, !- Handle
  Mugla January 10% Condns DB=>MCWB,      !- Name
  10.5,                                   !- Maximum Dry-Bulb Temperature {C}
  10,                                     !- Daily Dry-Bulb Temperature Range {deltaC}
  93801,                                  !- Barometric Pressure {Pa}
  1.4,                                    !- Wind Speed {m/s}
  180,                                    !- Wind Direction {deg}
  ,                                       !- Sky Clearness
  No,                                     !- Rain Indicator
  No,                                     !- Snow Indicator
  21,                                     !- Day of Month
  1,                                      !- Month
  SummerDesignDay,                        !- Day Type
  No,                                     !- Daylight Saving Time Indicator
  Wetbulb,                                !- Humidity Condition Type
  ,                                       !- Humidity Condition Day Schedule Name
  8.2,                                    !- Wetbulb or DewPoint at Maximum Dry-Bulb {C}
  ,                                       !- Humidity Ratio at Maximum Dry-Bulb {kgWater/kgDryAir}
  ,                                       !- Enthalpy at Maximum Dry-Bulb {J/kg}
  DefaultMultipliers,                     !- Dry-Bulb Temperature Range Modifier Type
  ,                                       !- Dry-Bulb Temperature Range Modifier Day Schedule Name
  ASHRAETau2017;                          !- Solar Model Indicator

OS:SizingPeriod:DesignDay,
  {60f6b2b8-e93c-4d45-97fc-a2bfca5cdb86}, !- Handle
  Mugla February 10% Condns DB=>MCWB,     !- Name
  11.8,                                   !- Maximum Dry-Bulb Temperature {C}
  12,                                     !- Daily Dry-Bulb Temperature Range {deltaC}
  93801,                                  !- Barometric Pressure {Pa}
  1.5,                                    !- Wind Speed {m/s}
  180,                                    !- Wind Direction {deg}
  ,                                       !- Sky Clearness
  No,                                     !- Rain Indicator
  No,                                     !- Snow Indicator
  21,                                     !- Day of Month
  2,                                      !- Month
  SummerDesignDay,                        !- Day Type
  No,                                     !- Daylight Saving Time Indicator
  Wetbulb,                                !- Humidity Condition Type
  ,                                       !- Humidity Condition Day Schedule Name
  8.3,                                    !- Wetbulb or DewPoint at Maximum Dry-Bulb {C}
  ,                                       !- Humidity Ratio at Maximum Dry-Bulb {kgWater/kgDryAir}
  ,                                       !- Enthalpy at Maximum Dry-Bulb {J/kg}
  DefaultMultipliers,                     !- Dry-Bulb Temperature Range Modifier Type
  ,                                       !- Dry-Bulb Temperature Range Modifier Day Schedule Name
  ASHRAETau2017;                          !- Solar Model Indicator

OS:SizingPeriod:DesignDay,
  {2b5bd896-3e14-43e1-959c-781ac29097e1}, !- Handle
  Mugla March 10% Condns DB=>MCWB,        !- Name
  15.6,                                   !- Maximum Dry-Bulb Temperature {C}
  13.6,                                   !- Daily Dry-Bulb Temperature Range {deltaC}
  93801,                                  !- Barometric Pressure {Pa}
  1.6,                                    !- Wind Speed {m/s}
  180,                                    !- Wind Direction {deg}
  ,                                       !- Sky Clearness
  No,                                     !- Rain Indicator
  No,                                     !- Snow Indicator
  21,                                     !- Day of Month
  3,                                      !- Month
  SummerDesignDay,                        !- Day Type
  No,                                     !- Daylight Saving Time Indicator
  Wetbulb,                                !- Humidity Condition Type
  ,                                       !- Humidity Condition Day Schedule Name
  9.8,                                    !- Wetbulb or DewPoint at Maximum Dry-Bulb {C}
  ,                                       !- Humidity Ratio at Maximum Dry-Bulb {kgWater/kgDryAir}
  ,                                       !- Enthalpy at Maximum Dry-Bulb {J/kg}
  DefaultMultipliers,                     !- Dry-Bulb Temperature Range Modifier Type
  ,                                       !- Dry-Bulb Temperature Range Modifier Day Schedule Name
  ASHRAETau2017;                          !- Solar Model Indicator

OS:SizingPeriod:DesignDay,
  {75b58328-7686-42e4-be38-78c7bf0c27dc}, !- Handle
  Mugla April 10% Condns DB=>MCWB,        !- Name
  20.1,                                   !- Maximum Dry-Bulb Temperature {C}
  15,                                     !- Daily Dry-Bulb Temperature Range {deltaC}
  93801,                                  !- Barometric Pressure {Pa}
  1.5,                                    !- Wind Speed {m/s}
  180,                                    !- Wind Direction {deg}
  ,                                       !- Sky Clearness
  No,                                     !- Rain Indicator
  No,                                     !- Snow Indicator
  21,                                     !- Day of Month
  4,                                      !- Month
  SummerDesignDay,                        !- Day Type
  No,                                     !- Daylight Saving Time Indicator
  Wetbulb,                                !- Humidity Condition Type
  ,                                       !- Humidity Condition Day Schedule Name
  12.4,                                   !- Wetbulb or DewPoint at Maximum Dry-Bulb {C}
  ,                                       !- Humidity Ratio at Maximum Dry-Bulb {kgWater/kgDryAir}
  ,                                       !- Enthalpy at Maximum Dry-Bulb {J/kg}
  DefaultMultipliers,                     !- Dry-Bulb Temperature Range Modifier Type
  ,                                       !- Dry-Bulb Temperature Range Modifier Day Schedule Name
  ASHRAETau2017;                          !- Solar Model Indicator

OS:SizingPeriod:DesignDay,
  {add137b3-c91c-4d1e-bcd4-1b28ad478c1a}, !- Handle
  Mugla May 10% Condns DB=>MCWB,          !- Name
  26.3,                                   !- Maximum Dry-Bulb Temperature {C}
  15.1,                                   !- Daily Dry-Bulb Temperature Range {deltaC}
  93801,                                  !- Barometric Pressure {Pa}
  1.5,                                    !- Wind Speed {m/s}
  180,                                    !- Wind Direction {deg}
  ,                                       !- Sky Clearness
  No,                                     !- Rain Indicator
  No,                                     !- Snow Indicator
  21,                                     !- Day of Month
  5,                                      !- Month
  SummerDesignDay,                        !- Day Type
  No,                                     !- Daylight Saving Time Indicator
  Wetbulb,                                !- Humidity Condition Type
  ,                                       !- Humidity Condition Day Schedule Name
  16,                                     !- Wetbulb or DewPoint at Maximum Dry-Bulb {C}
  ,                                       !- Humidity Ratio at Maximum Dry-Bulb {kgWater/kgDryAir}
  ,                                       !- Enthalpy at Maximum Dry-Bulb {J/kg}
  DefaultMultipliers,                     !- Dry-Bulb Temperature Range Modifier Type
  ,                                       !- Dry-Bulb Temperature Range Modifier Day Schedule Name
  ASHRAETau2017;                          !- Solar Model Indicator

OS:SizingPeriod:DesignDay,
  {c898b1dc-fb82-4543-94bf-479aaeaf597b}, !- Handle
  Mugla June 10% Condns DB=>MCWB,         !- Name
  31.4,                                   !- Maximum Dry-Bulb Temperature {C}
  14,                                     !- Daily Dry-Bulb Temperature Range {deltaC}
  93801,                                  !- Barometric Pressure {Pa}
  1.7,                                    !- Wind Speed {m/s}
  180,                                    !- Wind Direction {deg}
  ,                                       !- Sky Clearness
  No,                                     !- Rain Indicator
  No,                                     !- Snow Indicator
  21,                                     !- Day of Month
  6,                                      !- Month
  SummerDesignDay,                        !- Day Type
  No,                                     !- Daylight Saving Time Indicator
  Wetbulb,                                !- Humidity Condition Type
  ,                                       !- Humidity Condition Day Schedule Name
  18.4,                                   !- Wetbulb or DewPoint at Maximum Dry-Bulb {C}
  ,                                       !- Humidity Ratio at Maximum Dry-Bulb {kgWater/kgDryAir}
  ,                                       !- Enthalpy at Maximum Dry-Bulb {J/kg}
  DefaultMultipliers,                     !- Dry-Bulb Temperature Range Modifier Type
  ,                                       !- Dry-Bulb Temperature Range Modifier Day Schedule Name
  ASHRAETau2017;                          !- Solar Model Indicator

OS:SizingPeriod:DesignDay,
  {2e920702-2f09-4b55-a614-8d06fdef18c1}, !- Handle
  Mugla July 10% Condns DB=>MCWB,         !- Name
  34.2,                                   !- Maximum Dry-Bulb Temperature {C}
  14.2,                                   !- Daily Dry-Bulb Temperature Range {deltaC}
  93801,                                  !- Barometric Pressure {Pa}
  1.9,                                    !- Wind Speed {m/s}
  180,                                    !- Wind Direction {deg}
  ,                                       !- Sky Clearness
  No,                                     !- Rain Indicator
  No,                                     !- Snow Indicator
  21,                                     !- Day of Month
  7,                                      !- Month
  SummerDesignDay,                        !- Day Type
  No,                                     !- Daylight Saving Time Indicator
  Wetbulb,                                !- Humidity Condition Type
  ,                                       !- Humidity Condition Day Schedule Name
  19.2,                                   !- Wetbulb or DewPoint at Maximum Dry-Bulb {C}
  ,                                       !- Humidity Ratio at Maximum Dry-Bulb {kgWater/kgDryAir}
  ,                                       !- Enthalpy at Maximum Dry-Bulb {J/kg}
  DefaultMultipliers,                     !- Dry-Bulb Temperature Range Modifier Type
  ,                                       !- Dry-Bulb Temperature Range Modifier Day Schedule Name
  ASHRAETau2017;                          !- Solar Model Indicator

OS:SizingPeriod:DesignDay,
  {5932ffe3-6d0b-435c-ad58-869c3f79e84c}, !- Handle
  Mugla August 10% Condns DB=>MCWB,       !- Name
  34.1,                                   !- Maximum Dry-Bulb Temperature {C}
  14,                                     !- Daily Dry-Bulb Temperature Range {deltaC}
  93801,                                  !- Barometric Pressure {Pa}
  1.9,                                    !- Wind Speed {m/s}
  180,                                    !- Wind Direction {deg}
  ,                                       !- Sky Clearness
  No,                                     !- Rain Indicator
  No,                                     !- Snow Indicator
  21,                                     !- Day of Month
  8,                                      !- Month
  SummerDesignDay,                        !- Day Type
  No,                                     !- Daylight Saving Time Indicator
  Wetbulb,                                !- Humidity Condition Type
  ,                                       !- Humidity Condition Day Schedule Name
  19.4,                                   !- Wetbulb or DewPoint at Maximum Dry-Bulb {C}
  ,                                       !- Humidity Ratio at Maximum Dry-Bulb {kgWater/kgDryAir}
  ,                                       !- Enthalpy at Maximum Dry-Bulb {J/kg}
  DefaultMultipliers,                     !- Dry-Bulb Temperature Range Modifier Type
  ,                                       !- Dry-Bulb Temperature Range Modifier Day Schedule Name
  ASHRAETau2017;                          !- Solar Model Indicator

OS:SizingPeriod:DesignDay,
  {a1942712-289c-485d-bf77-925d383a9ad8}, !- Handle
  Mugla September 10% Condns DB=>MCWB,    !- Name
  29.8,                                   !- Maximum Dry-Bulb Temperature {C}
  14.8,                                   !- Daily Dry-Bulb Temperature Range {deltaC}
  93801,                                  !- Barometric Pressure {Pa}
  1.7,                                    !- Wind Speed {m/s}
  180,                                    !- Wind Direction {deg}
  ,                                       !- Sky Clearness
  No,                                     !- Rain Indicator
  No,                                     !- Snow Indicator
  21,                                     !- Day of Month
  9,                                      !- Month
  SummerDesignDay,                        !- Day Type
  No,                                     !- Daylight Saving Time Indicator
  Wetbulb,                                !- Humidity Condition Type
  ,                                       !- Humidity Condition Day Schedule Name
  17.5,                                   !- Wetbulb or DewPoint at Maximum Dry-Bulb {C}
  ,                                       !- Humidity Ratio at Maximum Dry-Bulb {kgWater/kgDryAir}
  ,                                       !- Enthalpy at Maximum Dry-Bulb {J/kg}
  DefaultMultipliers,                     !- Dry-Bulb Temperature Range Modifier Type
  ,                                       !- Dry-Bulb Temperature Range Modifier Day Schedule Name
  ASHRAETau2017;                          !- Solar Model Indicator

OS:SizingPeriod:DesignDay,
  {a8ab622c-647f-4369-ba15-95f5851eb795}, !- Handle
  Mugla October 10% Condns DB=>MCWB,      !- Name
  23.6,                                   !- Maximum Dry-Bulb Temperature {C}
  14.6,                                   !- Daily Dry-Bulb Temperature Range {deltaC}
  93801,                                  !- Barometric Pressure {Pa}
  1.3,                                    !- Wind Speed {m/s}
  180,                                    !- Wind Direction {deg}
  ,                                       !- Sky Clearness
  No,                                     !- Rain Indicator
  No,                                     !- Snow Indicator
  21,                                     !- Day of Month
  10,                                     !- Month
  SummerDesignDay,                        !- Day Type
  No,                                     !- Daylight Saving Time Indicator
  Wetbulb,                                !- Humidity Condition Type
  ,                                       !- Humidity Condition Day Schedule Name
  14.8,                                   !- Wetbulb or DewPoint at Maximum Dry-Bulb {C}
  ,                                       !- Humidity Ratio at Maximum Dry-Bulb {kgWater/kgDryAir}
  ,                                       !- Enthalpy at Maximum Dry-Bulb {J/kg}
  DefaultMultipliers,                     !- Dry-Bulb Temperature Range Modifier Type
  ,                                       !- Dry-Bulb Temperature Range Modifier Day Schedule Name
  ASHRAETau2017;                          !- Solar Model Indicator

OS:SizingPeriod:DesignDay,
  {625d90c4-6f5c-4ae0-9547-15c45c7b3aa5}, !- Handle
  Mugla November 10% Condns DB=>MCWB,     !- Name
  16.7,                                   !- Maximum Dry-Bulb Temperature {C}
  13.9,                                   !- Daily Dry-Bulb Temperature Range {deltaC}
  93801,                                  !- Barometric Pressure {Pa}
  1.2,                                    !- Wind Speed {m/s}
  180,                                    !- Wind Direction {deg}
  ,                                       !- Sky Clearness
  No,                                     !- Rain Indicator
  No,                                     !- Snow Indicator
  21,                                     !- Day of Month
  11,                                     !- Month
  SummerDesignDay,                        !- Day Type
  No,                                     !- Daylight Saving Time Indicator
  Wetbulb,                                !- Humidity Condition Type
  ,                                       !- Humidity Condition Day Schedule Name
  12.1,                                   !- Wetbulb or DewPoint at Maximum Dry-Bulb {C}
  ,                                       !- Humidity Ratio at Maximum Dry-Bulb {kgWater/kgDryAir}
  ,                                       !- Enthalpy at Maximum Dry-Bulb {J/kg}
  DefaultMultipliers,                     !- Dry-Bulb Temperature Range Modifier Type
  ,                                       !- Dry-Bulb Temperature Range Modifier Day Schedule Name
  ASHRAETau2017;                          !- Solar Model Indicator

OS:SizingPeriod:DesignDay,
  {788862a3-ca11-4752-8750-457fafb9d7df}, !- Handle
  Mugla December 10% Condns DB=>MCWB,     !- Name
  11.7,                                   !- Maximum Dry-Bulb Temperature {C}
  10.7,                                   !- Daily Dry-Bulb Temperature Range {deltaC}
  93801,                                  !- Barometric Pressure {Pa}
  1.4,                                    !- Wind Speed {m/s}
  180,                                    !- Wind Direction {deg}
  ,                                       !- Sky Clearness
  No,                                     !- Rain Indicator
  No,                                     !- Snow Indicator
  21,                                     !- Day of Month
  12,                                     !- Month
  SummerDesignDay,                        !- Day Type
  No,                                     !- Daylight Saving Time Indicator
  Wetbulb,                                !- Humidity Condition Type
  ,                                       !- Humidity Condition Day Schedule Name
  9.5,                                    !- Wetbulb or DewPoint at Maximum Dry-Bulb {C}
  ,                                       !- Humidity Ratio at Maximum Dry-Bulb {kgWater/kgDryAir}
  ,                                       !- Enthalpy at Maximum Dry-Bulb {J/kg}
  DefaultMultipliers,                     !- Dry-Bulb Temperature Range Modifier Type
  ,                                       !- Dry-Bulb Temperature Range Modifier Day Schedule Name
  ASHRAETau2017;                          !- Solar Model Indicator

OS:SizingPeriod:DesignDay,
  {0a25d558-e081-48e6-a007-c17cd2310ce2}, !- Handle
  Mugla January .4% Condns WB=>MCDB,      !- Name
  12.5,                                   !- Maximum Dry-Bulb Temperature {C}
  7.7,                                    !- Daily Dry-Bulb Temperature Range {deltaC}
  93801,                                  !- Barometric Pressure {Pa}
  1.4,                                    !- Wind Speed {m/s}
  180,                                    !- Wind Direction {deg}
  ,                                       !- Sky Clearness
  No,                                     !- Rain Indicator
  No,                                     !- Snow Indicator
  21,                                     !- Day of Month
  1,                                      !- Month
  SummerDesignDay,                        !- Day Type
  No,                                     !- Daylight Saving Time Indicator
  Wetbulb,                                !- Humidity Condition Type
  ,                                       !- Humidity Condition Day Schedule Name
  11.3,                                   !- Wetbulb or DewPoint at Maximum Dry-Bulb {C}
  ,                                       !- Humidity Ratio at Maximum Dry-Bulb {kgWater/kgDryAir}
  ,                                       !- Enthalpy at Maximum Dry-Bulb {J/kg}
  DefaultMultipliers,                     !- Dry-Bulb Temperature Range Modifier Type
  ,                                       !- Dry-Bulb Temperature Range Modifier Day Schedule Name
  ASHRAETau2017;                          !- Solar Model Indicator

OS:SizingPeriod:DesignDay,
  {6a5e09a2-26b6-4424-9d2f-70616fa4963b}, !- Handle
  Mugla February .4% Condns WB=>MCDB,     !- Name
  16.1,                                   !- Maximum Dry-Bulb Temperature {C}
  8.5,                                    !- Daily Dry-Bulb Temperature Range {deltaC}
  93801,                                  !- Barometric Pressure {Pa}
  1.5,                                    !- Wind Speed {m/s}
  180,                                    !- Wind Direction {deg}
  ,                                       !- Sky Clearness
  No,                                     !- Rain Indicator
  No,                                     !- Snow Indicator
  21,                                     !- Day of Month
  2,                                      !- Month
  SummerDesignDay,                        !- Day Type
  No,                                     !- Daylight Saving Time Indicator
  Wetbulb,                                !- Humidity Condition Type
  ,                                       !- Humidity Condition Day Schedule Name
  11.6,                                   !- Wetbulb or DewPoint at Maximum Dry-Bulb {C}
  ,                                       !- Humidity Ratio at Maximum Dry-Bulb {kgWater/kgDryAir}
  ,                                       !- Enthalpy at Maximum Dry-Bulb {J/kg}
  DefaultMultipliers,                     !- Dry-Bulb Temperature Range Modifier Type
  ,                                       !- Dry-Bulb Temperature Range Modifier Day Schedule Name
  ASHRAETau2017;                          !- Solar Model Indicator

OS:SizingPeriod:DesignDay,
  {7b122773-877a-4d22-b757-4b01f2e0175c}, !- Handle
  Mugla March .4% Condns WB=>MCDB,        !- Name
  19.3,                                   !- Maximum Dry-Bulb Temperature {C}
  10,                                     !- Daily Dry-Bulb Temperature Range {deltaC}
  93801,                                  !- Barometric Pressure {Pa}
  1.6,                                    !- Wind Speed {m/s}
  180,                                    !- Wind Direction {deg}
  ,                                       !- Sky Clearness
  No,                                     !- Rain Indicator
  No,                                     !- Snow Indicator
  21,                                     !- Day of Month
  3,                                      !- Month
  SummerDesignDay,                        !- Day Type
  No,                                     !- Daylight Saving Time Indicator
  Wetbulb,                                !- Humidity Condition Type
  ,                                       !- Humidity Condition Day Schedule Name
  13.1,                                   !- Wetbulb or DewPoint at Maximum Dry-Bulb {C}
  ,                                       !- Humidity Ratio at Maximum Dry-Bulb {kgWater/kgDryAir}
  ,                                       !- Enthalpy at Maximum Dry-Bulb {J/kg}
  DefaultMultipliers,                     !- Dry-Bulb Temperature Range Modifier Type
  ,                                       !- Dry-Bulb Temperature Range Modifier Day Schedule Name
  ASHRAETau2017;                          !- Solar Model Indicator

OS:SizingPeriod:DesignDay,
  {318470dd-9d1f-4970-8ca5-b678609bbc7f}, !- Handle
  Mugla April .4% Condns WB=>MCDB,        !- Name
  24.7,                                   !- Maximum Dry-Bulb Temperature {C}
  10.9,                                   !- Daily Dry-Bulb Temperature Range {deltaC}
  93801,                                  !- Barometric Pressure {Pa}
  1.5,                                    !- Wind Speed {m/s}
  180,                                    !- Wind Direction {deg}
  ,                                       !- Sky Clearness
  No,                                     !- Rain Indicator
  No,                                     !- Snow Indicator
  21,                                     !- Day of Month
  4,                                      !- Month
  SummerDesignDay,                        !- Day Type
  No,                                     !- Daylight Saving Time Indicator
  Wetbulb,                                !- Humidity Condition Type
  ,                                       !- Humidity Condition Day Schedule Name
  16.2,                                   !- Wetbulb or DewPoint at Maximum Dry-Bulb {C}
  ,                                       !- Humidity Ratio at Maximum Dry-Bulb {kgWater/kgDryAir}
  ,                                       !- Enthalpy at Maximum Dry-Bulb {J/kg}
  DefaultMultipliers,                     !- Dry-Bulb Temperature Range Modifier Type
  ,                                       !- Dry-Bulb Temperature Range Modifier Day Schedule Name
  ASHRAETau2017;                          !- Solar Model Indicator

OS:SizingPeriod:DesignDay,
  {e4a714e6-9ec9-4257-a725-8dbd04f39e33}, !- Handle
  Mugla May .4% Condns WB=>MCDB,          !- Name
  28.8,                                   !- Maximum Dry-Bulb Temperature {C}
  12.5,                                   !- Daily Dry-Bulb Temperature Range {deltaC}
  93801,                                  !- Barometric Pressure {Pa}
  1.5,                                    !- Wind Speed {m/s}
  180,                                    !- Wind Direction {deg}
  ,                                       !- Sky Clearness
  No,                                     !- Rain Indicator
  No,                                     !- Snow Indicator
  21,                                     !- Day of Month
  5,                                      !- Month
  SummerDesignDay,                        !- Day Type
  No,                                     !- Daylight Saving Time Indicator
  Wetbulb,                                !- Humidity Condition Type
  ,                                       !- Humidity Condition Day Schedule Name
  19.6,                                   !- Wetbulb or DewPoint at Maximum Dry-Bulb {C}
  ,                                       !- Humidity Ratio at Maximum Dry-Bulb {kgWater/kgDryAir}
  ,                                       !- Enthalpy at Maximum Dry-Bulb {J/kg}
  DefaultMultipliers,                     !- Dry-Bulb Temperature Range Modifier Type
  ,                                       !- Dry-Bulb Temperature Range Modifier Day Schedule Name
  ASHRAETau2017;                          !- Solar Model Indicator

OS:SizingPeriod:DesignDay,
  {2dea8c4b-65fa-490d-becf-a04eaca5a1a5}, !- Handle
  Mugla June .4% Condns WB=>MCDB,         !- Name
  32.2,                                   !- Maximum Dry-Bulb Temperature {C}
  12.7,                                   !- Daily Dry-Bulb Temperature Range {deltaC}
  93801,                                  !- Barometric Pressure {Pa}
  1.7,                                    !- Wind Speed {m/s}
  180,                                    !- Wind Direction {deg}
  ,                                       !- Sky Clearness
  No,                                     !- Rain Indicator
  No,                                     !- Snow Indicator
  21,                                     !- Day of Month
  6,                                      !- Month
  SummerDesignDay,                        !- Day Type
  No,                                     !- Daylight Saving Time Indicator
  Wetbulb,                                !- Humidity Condition Type
  ,                                       !- Humidity Condition Day Schedule Name
  21.7,                                   !- Wetbulb or DewPoint at Maximum Dry-Bulb {C}
  ,                                       !- Humidity Ratio at Maximum Dry-Bulb {kgWater/kgDryAir}
  ,                                       !- Enthalpy at Maximum Dry-Bulb {J/kg}
  DefaultMultipliers,                     !- Dry-Bulb Temperature Range Modifier Type
  ,                                       !- Dry-Bulb Temperature Range Modifier Day Schedule Name
  ASHRAETau2017;                          !- Solar Model Indicator

OS:SizingPeriod:DesignDay,
  {6af1bf94-70d9-4b12-bf48-0ba547c02d90}, !- Handle
  Mugla July .4% Condns WB=>MCDB,         !- Name
  34.1,                                   !- Maximum Dry-Bulb Temperature {C}
  12.9,                                   !- Daily Dry-Bulb Temperature Range {deltaC}
  93801,                                  !- Barometric Pressure {Pa}
  1.9,                                    !- Wind Speed {m/s}
  180,                                    !- Wind Direction {deg}
  ,                                       !- Sky Clearness
  No,                                     !- Rain Indicator
  No,                                     !- Snow Indicator
  21,                                     !- Day of Month
  7,                                      !- Month
  SummerDesignDay,                        !- Day Type
  No,                                     !- Daylight Saving Time Indicator
  Wetbulb,                                !- Humidity Condition Type
  ,                                       !- Humidity Condition Day Schedule Name
  23.6,                                   !- Wetbulb or DewPoint at Maximum Dry-Bulb {C}
  ,                                       !- Humidity Ratio at Maximum Dry-Bulb {kgWater/kgDryAir}
  ,                                       !- Enthalpy at Maximum Dry-Bulb {J/kg}
  DefaultMultipliers,                     !- Dry-Bulb Temperature Range Modifier Type
  ,                                       !- Dry-Bulb Temperature Range Modifier Day Schedule Name
  ASHRAETau2017;                          !- Solar Model Indicator

OS:SizingPeriod:DesignDay,
  {bf8596a1-003b-4845-92c8-7d413307249b}, !- Handle
  Mugla August .4% Condns WB=>MCDB,       !- Name
  33.3,                                   !- Maximum Dry-Bulb Temperature {C}
  12.7,                                   !- Daily Dry-Bulb Temperature Range {deltaC}
  93801,                                  !- Barometric Pressure {Pa}
  1.9,                                    !- Wind Speed {m/s}
  180,                                    !- Wind Direction {deg}
  ,                                       !- Sky Clearness
  No,                                     !- Rain Indicator
  No,                                     !- Snow Indicator
  21,                                     !- Day of Month
  8,                                      !- Month
  SummerDesignDay,                        !- Day Type
  No,                                     !- Daylight Saving Time Indicator
  Wetbulb,                                !- Humidity Condition Type
  ,                                       !- Humidity Condition Day Schedule Name
  23.6,                                   !- Wetbulb or DewPoint at Maximum Dry-Bulb {C}
  ,                                       !- Humidity Ratio at Maximum Dry-Bulb {kgWater/kgDryAir}
  ,                                       !- Enthalpy at Maximum Dry-Bulb {J/kg}
  DefaultMultipliers,                     !- Dry-Bulb Temperature Range Modifier Type
  ,                                       !- Dry-Bulb Temperature Range Modifier Day Schedule Name
  ASHRAETau2017;                          !- Solar Model Indicator

OS:SizingPeriod:DesignDay,
  {81ded88e-c0a2-4cac-9b40-e0ed325dd71d}, !- Handle
  Mugla September .4% Condns WB=>MCDB,    !- Name
  29.7,                                   !- Maximum Dry-Bulb Temperature {C}
  12.8,                                   !- Daily Dry-Bulb Temperature Range {deltaC}
  93801,                                  !- Barometric Pressure {Pa}
  1.7,                                    !- Wind Speed {m/s}
  180,                                    !- Wind Direction {deg}
  ,                                       !- Sky Clearness
  No,                                     !- Rain Indicator
  No,                                     !- Snow Indicator
  21,                                     !- Day of Month
  9,                                      !- Month
  SummerDesignDay,                        !- Day Type
  No,                                     !- Daylight Saving Time Indicator
  Wetbulb,                                !- Humidity Condition Type
  ,                                       !- Humidity Condition Day Schedule Name
  21.2,                                   !- Wetbulb or DewPoint at Maximum Dry-Bulb {C}
  ,                                       !- Humidity Ratio at Maximum Dry-Bulb {kgWater/kgDryAir}
  ,                                       !- Enthalpy at Maximum Dry-Bulb {J/kg}
  DefaultMultipliers,                     !- Dry-Bulb Temperature Range Modifier Type
  ,                                       !- Dry-Bulb Temperature Range Modifier Day Schedule Name
  ASHRAETau2017;                          !- Solar Model Indicator

OS:SizingPeriod:DesignDay,
  {664727d4-df03-4f61-a122-347957504d65}, !- Handle
  Mugla October .4% Condns WB=>MCDB,      !- Name
  25,                                     !- Maximum Dry-Bulb Temperature {C}
  11.8,                                   !- Daily Dry-Bulb Temperature Range {deltaC}
  93801,                                  !- Barometric Pressure {Pa}
  1.3,                                    !- Wind Speed {m/s}
  180,                                    !- Wind Direction {deg}
  ,                                       !- Sky Clearness
  No,                                     !- Rain Indicator
  No,                                     !- Snow Indicator
  21,                                     !- Day of Month
  10,                                     !- Month
  SummerDesignDay,                        !- Day Type
  No,                                     !- Daylight Saving Time Indicator
  Wetbulb,                                !- Humidity Condition Type
  ,                                       !- Humidity Condition Day Schedule Name
  18.6,                                   !- Wetbulb or DewPoint at Maximum Dry-Bulb {C}
  ,                                       !- Humidity Ratio at Maximum Dry-Bulb {kgWater/kgDryAir}
  ,                                       !- Enthalpy at Maximum Dry-Bulb {J/kg}
  DefaultMultipliers,                     !- Dry-Bulb Temperature Range Modifier Type
  ,                                       !- Dry-Bulb Temperature Range Modifier Day Schedule Name
  ASHRAETau2017;                          !- Solar Model Indicator

OS:SizingPeriod:DesignDay,
  {8e07b9d1-04e0-419c-bd78-dae55d3be98d}, !- Handle
  Mugla November .4% Condns WB=>MCDB,     !- Name
  18.5,                                   !- Maximum Dry-Bulb Temperature {C}
  10.3,                                   !- Daily Dry-Bulb Temperature Range {deltaC}
  93801,                                  !- Barometric Pressure {Pa}
  1.2,                                    !- Wind Speed {m/s}
  180,                                    !- Wind Direction {deg}
  ,                                       !- Sky Clearness
  No,                                     !- Rain Indicator
  No,                                     !- Snow Indicator
  21,                                     !- Day of Month
  11,                                     !- Month
  SummerDesignDay,                        !- Day Type
  No,                                     !- Daylight Saving Time Indicator
  Wetbulb,                                !- Humidity Condition Type
  ,                                       !- Humidity Condition Day Schedule Name
  17.1,                                   !- Wetbulb or DewPoint at Maximum Dry-Bulb {C}
  ,                                       !- Humidity Ratio at Maximum Dry-Bulb {kgWater/kgDryAir}
  ,                                       !- Enthalpy at Maximum Dry-Bulb {J/kg}
  DefaultMultipliers,                     !- Dry-Bulb Temperature Range Modifier Type
  ,                                       !- Dry-Bulb Temperature Range Modifier Day Schedule Name
  ASHRAETau2017;                          !- Solar Model Indicator

OS:SizingPeriod:DesignDay,
  {5ef9f963-f592-4172-bf0a-cf894cb5a3ce}, !- Handle
  Mugla December .4% Condns WB=>MCDB,     !- Name
  13.7,                                   !- Maximum Dry-Bulb Temperature {C}
  7.9,                                    !- Daily Dry-Bulb Temperature Range {deltaC}
  93801,                                  !- Barometric Pressure {Pa}
  1.4,                                    !- Wind Speed {m/s}
  180,                                    !- Wind Direction {deg}
  ,                                       !- Sky Clearness
  No,                                     !- Rain Indicator
  No,                                     !- Snow Indicator
  21,                                     !- Day of Month
  12,                                     !- Month
  SummerDesignDay,                        !- Day Type
  No,                                     !- Daylight Saving Time Indicator
  Wetbulb,                                !- Humidity Condition Type
  ,                                       !- Humidity Condition Day Schedule Name
  12.5,                                   !- Wetbulb or DewPoint at Maximum Dry-Bulb {C}
  ,                                       !- Humidity Ratio at Maximum Dry-Bulb {kgWater/kgDryAir}
  ,                                       !- Enthalpy at Maximum Dry-Bulb {J/kg}
  DefaultMultipliers,                     !- Dry-Bulb Temperature Range Modifier Type
  ,                                       !- Dry-Bulb Temperature Range Modifier Day Schedule Name
  ASHRAETau2017;                          !- Solar Model Indicator

OS:SizingPeriod:DesignDay,
  {2ccc7daa-1c93-48ef-9850-d08f504d983c}, !- Handle
  Mugla January 2% Condns WB=>MCDB,       !- Name
  11.8,                                   !- Maximum Dry-Bulb Temperature {C}
  7.7,                                    !- Daily Dry-Bulb Temperature Range {deltaC}
  93801,                                  !- Barometric Pressure {Pa}
  1.4,                                    !- Wind Speed {m/s}
  180,                                    !- Wind Direction {deg}
  ,                                       !- Sky Clearness
  No,                                     !- Rain Indicator
  No,                                     !- Snow Indicator
  21,                                     !- Day of Month
  1,                                      !- Month
  SummerDesignDay,                        !- Day Type
  No,                                     !- Daylight Saving Time Indicator
  Wetbulb,                                !- Humidity Condition Type
  ,                                       !- Humidity Condition Day Schedule Name
  10.1,                                   !- Wetbulb or DewPoint at Maximum Dry-Bulb {C}
  ,                                       !- Humidity Ratio at Maximum Dry-Bulb {kgWater/kgDryAir}
  ,                                       !- Enthalpy at Maximum Dry-Bulb {J/kg}
  DefaultMultipliers,                     !- Dry-Bulb Temperature Range Modifier Type
  ,                                       !- Dry-Bulb Temperature Range Modifier Day Schedule Name
  ASHRAETau2017;                          !- Solar Model Indicator

OS:SizingPeriod:DesignDay,
  {dcdd9fc7-4552-40d4-937c-6e562b929f7e}, !- Handle
  Mugla February 2% Condns WB=>MCDB,      !- Name
  13.5,                                   !- Maximum Dry-Bulb Temperature {C}
  8.5,                                    !- Daily Dry-Bulb Temperature Range {deltaC}
  93801,                                  !- Barometric Pressure {Pa}
  1.5,                                    !- Wind Speed {m/s}
  180,                                    !- Wind Direction {deg}
  ,                                       !- Sky Clearness
  No,                                     !- Rain Indicator
  No,                                     !- Snow Indicator
  21,                                     !- Day of Month
  2,                                      !- Month
  SummerDesignDay,                        !- Day Type
  No,                                     !- Daylight Saving Time Indicator
  Wetbulb,                                !- Humidity Condition Type
  ,                                       !- Humidity Condition Day Schedule Name
  10.3,                                   !- Wetbulb or DewPoint at Maximum Dry-Bulb {C}
  ,                                       !- Humidity Ratio at Maximum Dry-Bulb {kgWater/kgDryAir}
  ,                                       !- Enthalpy at Maximum Dry-Bulb {J/kg}
  DefaultMultipliers,                     !- Dry-Bulb Temperature Range Modifier Type
  ,                                       !- Dry-Bulb Temperature Range Modifier Day Schedule Name
  ASHRAETau2017;                          !- Solar Model Indicator

OS:SizingPeriod:DesignDay,
  {a8e0f5a9-6770-446f-ad89-89262c5e94e6}, !- Handle
  Mugla March 2% Condns WB=>MCDB,         !- Name
  17.1,                                   !- Maximum Dry-Bulb Temperature {C}
  10,                                     !- Daily Dry-Bulb Temperature Range {deltaC}
  93801,                                  !- Barometric Pressure {Pa}
  1.6,                                    !- Wind Speed {m/s}
  180,                                    !- Wind Direction {deg}
  ,                                       !- Sky Clearness
  No,                                     !- Rain Indicator
  No,                                     !- Snow Indicator
  21,                                     !- Day of Month
  3,                                      !- Month
  SummerDesignDay,                        !- Day Type
  No,                                     !- Daylight Saving Time Indicator
  Wetbulb,                                !- Humidity Condition Type
  ,                                       !- Humidity Condition Day Schedule Name
  11.9,                                   !- Wetbulb or DewPoint at Maximum Dry-Bulb {C}
  ,                                       !- Humidity Ratio at Maximum Dry-Bulb {kgWater/kgDryAir}
  ,                                       !- Enthalpy at Maximum Dry-Bulb {J/kg}
  DefaultMultipliers,                     !- Dry-Bulb Temperature Range Modifier Type
  ,                                       !- Dry-Bulb Temperature Range Modifier Day Schedule Name
  ASHRAETau2017;                          !- Solar Model Indicator

OS:SizingPeriod:DesignDay,
  {0d321251-2608-4ed0-aef9-adbd47e6a871}, !- Handle
  Mugla April 2% Condns WB=>MCDB,         !- Name
  23.1,                                   !- Maximum Dry-Bulb Temperature {C}
  10.9,                                   !- Daily Dry-Bulb Temperature Range {deltaC}
  93801,                                  !- Barometric Pressure {Pa}
  1.5,                                    !- Wind Speed {m/s}
  180,                                    !- Wind Direction {deg}
  ,                                       !- Sky Clearness
  No,                                     !- Rain Indicator
  No,                                     !- Snow Indicator
  21,                                     !- Day of Month
  4,                                      !- Month
  SummerDesignDay,                        !- Day Type
  No,                                     !- Daylight Saving Time Indicator
  Wetbulb,                                !- Humidity Condition Type
  ,                                       !- Humidity Condition Day Schedule Name
  15,                                     !- Wetbulb or DewPoint at Maximum Dry-Bulb {C}
  ,                                       !- Humidity Ratio at Maximum Dry-Bulb {kgWater/kgDryAir}
  ,                                       !- Enthalpy at Maximum Dry-Bulb {J/kg}
  DefaultMultipliers,                     !- Dry-Bulb Temperature Range Modifier Type
  ,                                       !- Dry-Bulb Temperature Range Modifier Day Schedule Name
  ASHRAETau2017;                          !- Solar Model Indicator

OS:SizingPeriod:DesignDay,
  {fceebeec-dcf7-4063-ab10-906ce91d4c4f}, !- Handle
  Mugla May 2% Condns WB=>MCDB,           !- Name
  27,                                     !- Maximum Dry-Bulb Temperature {C}
  12.5,                                   !- Daily Dry-Bulb Temperature Range {deltaC}
  93801,                                  !- Barometric Pressure {Pa}
  1.5,                                    !- Wind Speed {m/s}
  180,                                    !- Wind Direction {deg}
  ,                                       !- Sky Clearness
  No,                                     !- Rain Indicator
  No,                                     !- Snow Indicator
  21,                                     !- Day of Month
  5,                                      !- Month
  SummerDesignDay,                        !- Day Type
  No,                                     !- Daylight Saving Time Indicator
  Wetbulb,                                !- Humidity Condition Type
  ,                                       !- Humidity Condition Day Schedule Name
  18.2,                                   !- Wetbulb or DewPoint at Maximum Dry-Bulb {C}
  ,                                       !- Humidity Ratio at Maximum Dry-Bulb {kgWater/kgDryAir}
  ,                                       !- Enthalpy at Maximum Dry-Bulb {J/kg}
  DefaultMultipliers,                     !- Dry-Bulb Temperature Range Modifier Type
  ,                                       !- Dry-Bulb Temperature Range Modifier Day Schedule Name
  ASHRAETau2017;                          !- Solar Model Indicator

OS:SizingPeriod:DesignDay,
  {acacd57c-4102-4570-8202-7ed1c15b0fdf}, !- Handle
  Mugla June 2% Condns WB=>MCDB,          !- Name
  31.2,                                   !- Maximum Dry-Bulb Temperature {C}
  12.7,                                   !- Daily Dry-Bulb Temperature Range {deltaC}
  93801,                                  !- Barometric Pressure {Pa}
  1.7,                                    !- Wind Speed {m/s}
  180,                                    !- Wind Direction {deg}
  ,                                       !- Sky Clearness
  No,                                     !- Rain Indicator
  No,                                     !- Snow Indicator
  21,                                     !- Day of Month
  6,                                      !- Month
  SummerDesignDay,                        !- Day Type
  No,                                     !- Daylight Saving Time Indicator
  Wetbulb,                                !- Humidity Condition Type
  ,                                       !- Humidity Condition Day Schedule Name
  20.8,                                   !- Wetbulb or DewPoint at Maximum Dry-Bulb {C}
  ,                                       !- Humidity Ratio at Maximum Dry-Bulb {kgWater/kgDryAir}
  ,                                       !- Enthalpy at Maximum Dry-Bulb {J/kg}
  DefaultMultipliers,                     !- Dry-Bulb Temperature Range Modifier Type
  ,                                       !- Dry-Bulb Temperature Range Modifier Day Schedule Name
  ASHRAETau2017;                          !- Solar Model Indicator

OS:SizingPeriod:DesignDay,
  {fcb71681-959d-46a0-9ba6-3b07e6861566}, !- Handle
  Mugla July 2% Condns WB=>MCDB,          !- Name
  32.7,                                   !- Maximum Dry-Bulb Temperature {C}
  12.9,                                   !- Daily Dry-Bulb Temperature Range {deltaC}
  93801,                                  !- Barometric Pressure {Pa}
  1.9,                                    !- Wind Speed {m/s}
  180,                                    !- Wind Direction {deg}
  ,                                       !- Sky Clearness
  No,                                     !- Rain Indicator
  No,                                     !- Snow Indicator
  21,                                     !- Day of Month
  7,                                      !- Month
  SummerDesignDay,                        !- Day Type
  No,                                     !- Daylight Saving Time Indicator
  Wetbulb,                                !- Humidity Condition Type
  ,                                       !- Humidity Condition Day Schedule Name
  22.2,                                   !- Wetbulb or DewPoint at Maximum Dry-Bulb {C}
  ,                                       !- Humidity Ratio at Maximum Dry-Bulb {kgWater/kgDryAir}
  ,                                       !- Enthalpy at Maximum Dry-Bulb {J/kg}
  DefaultMultipliers,                     !- Dry-Bulb Temperature Range Modifier Type
  ,                                       !- Dry-Bulb Temperature Range Modifier Day Schedule Name
  ASHRAETau2017;                          !- Solar Model Indicator

OS:SizingPeriod:DesignDay,
  {a2e755c7-a93c-421c-829c-21e79b32871f}, !- Handle
  Mugla August 2% Condns WB=>MCDB,        !- Name
  32.6,                                   !- Maximum Dry-Bulb Temperature {C}
  12.7,                                   !- Daily Dry-Bulb Temperature Range {deltaC}
  93801,                                  !- Barometric Pressure {Pa}
  1.9,                                    !- Wind Speed {m/s}
  180,                                    !- Wind Direction {deg}
  ,                                       !- Sky Clearness
  No,                                     !- Rain Indicator
  No,                                     !- Snow Indicator
  21,                                     !- Day of Month
  8,                                      !- Month
  SummerDesignDay,                        !- Day Type
  No,                                     !- Daylight Saving Time Indicator
  Wetbulb,                                !- Humidity Condition Type
  ,                                       !- Humidity Condition Day Schedule Name
  22.2,                                   !- Wetbulb or DewPoint at Maximum Dry-Bulb {C}
  ,                                       !- Humidity Ratio at Maximum Dry-Bulb {kgWater/kgDryAir}
  ,                                       !- Enthalpy at Maximum Dry-Bulb {J/kg}
  DefaultMultipliers,                     !- Dry-Bulb Temperature Range Modifier Type
  ,                                       !- Dry-Bulb Temperature Range Modifier Day Schedule Name
  ASHRAETau2017;                          !- Solar Model Indicator

OS:SizingPeriod:DesignDay,
  {d096ec69-13b6-4ad5-8016-387c92a76b32}, !- Handle
  Mugla September 2% Condns WB=>MCDB,     !- Name
  29.2,                                   !- Maximum Dry-Bulb Temperature {C}
  12.8,                                   !- Daily Dry-Bulb Temperature Range {deltaC}
  93801,                                  !- Barometric Pressure {Pa}
  1.7,                                    !- Wind Speed {m/s}
  180,                                    !- Wind Direction {deg}
  ,                                       !- Sky Clearness
  No,                                     !- Rain Indicator
  No,                                     !- Snow Indicator
  21,                                     !- Day of Month
  9,                                      !- Month
  SummerDesignDay,                        !- Day Type
  No,                                     !- Daylight Saving Time Indicator
  Wetbulb,                                !- Humidity Condition Type
  ,                                       !- Humidity Condition Day Schedule Name
  20,                                     !- Wetbulb or DewPoint at Maximum Dry-Bulb {C}
  ,                                       !- Humidity Ratio at Maximum Dry-Bulb {kgWater/kgDryAir}
  ,                                       !- Enthalpy at Maximum Dry-Bulb {J/kg}
  DefaultMultipliers,                     !- Dry-Bulb Temperature Range Modifier Type
  ,                                       !- Dry-Bulb Temperature Range Modifier Day Schedule Name
  ASHRAETau2017;                          !- Solar Model Indicator

OS:SizingPeriod:DesignDay,
  {f6b0b10f-0a38-4789-8f06-2bfeaf772f72}, !- Handle
  Mugla October 2% Condns WB=>MCDB,       !- Name
  23.3,                                   !- Maximum Dry-Bulb Temperature {C}
  11.8,                                   !- Daily Dry-Bulb Temperature Range {deltaC}
  93801,                                  !- Barometric Pressure {Pa}
  1.3,                                    !- Wind Speed {m/s}
  180,                                    !- Wind Direction {deg}
  ,                                       !- Sky Clearness
  No,                                     !- Rain Indicator
  No,                                     !- Snow Indicator
  21,                                     !- Day of Month
  10,                                     !- Month
  SummerDesignDay,                        !- Day Type
  No,                                     !- Daylight Saving Time Indicator
  Wetbulb,                                !- Humidity Condition Type
  ,                                       !- Humidity Condition Day Schedule Name
  17.5,                                   !- Wetbulb or DewPoint at Maximum Dry-Bulb {C}
  ,                                       !- Humidity Ratio at Maximum Dry-Bulb {kgWater/kgDryAir}
  ,                                       !- Enthalpy at Maximum Dry-Bulb {J/kg}
  DefaultMultipliers,                     !- Dry-Bulb Temperature Range Modifier Type
  ,                                       !- Dry-Bulb Temperature Range Modifier Day Schedule Name
  ASHRAETau2017;                          !- Solar Model Indicator

OS:SizingPeriod:DesignDay,
  {709a8544-2718-4f61-937a-88d2e508277c}, !- Handle
  Mugla November 2% Condns WB=>MCDB,      !- Name
  17.9,                                   !- Maximum Dry-Bulb Temperature {C}
  10.3,                                   !- Daily Dry-Bulb Temperature Range {deltaC}
  93801,                                  !- Barometric Pressure {Pa}
  1.2,                                    !- Wind Speed {m/s}
  180,                                    !- Wind Direction {deg}
  ,                                       !- Sky Clearness
  No,                                     !- Rain Indicator
  No,                                     !- Snow Indicator
  21,                                     !- Day of Month
  11,                                     !- Month
  SummerDesignDay,                        !- Day Type
  No,                                     !- Daylight Saving Time Indicator
  Wetbulb,                                !- Humidity Condition Type
  ,                                       !- Humidity Condition Day Schedule Name
  14.6,                                   !- Wetbulb or DewPoint at Maximum Dry-Bulb {C}
  ,                                       !- Humidity Ratio at Maximum Dry-Bulb {kgWater/kgDryAir}
  ,                                       !- Enthalpy at Maximum Dry-Bulb {J/kg}
  DefaultMultipliers,                     !- Dry-Bulb Temperature Range Modifier Type
  ,                                       !- Dry-Bulb Temperature Range Modifier Day Schedule Name
  ASHRAETau2017;                          !- Solar Model Indicator

OS:SizingPeriod:DesignDay,
  {16bca0e7-1705-4be9-ba4b-412bf63e9bd1}, !- Handle
  Mugla December 2% Condns WB=>MCDB,      !- Name
  12.8,                                   !- Maximum Dry-Bulb Temperature {C}
  7.9,                                    !- Daily Dry-Bulb Temperature Range {deltaC}
  93801,                                  !- Barometric Pressure {Pa}
  1.4,                                    !- Wind Speed {m/s}
  180,                                    !- Wind Direction {deg}
  ,                                       !- Sky Clearness
  No,                                     !- Rain Indicator
  No,                                     !- Snow Indicator
  21,                                     !- Day of Month
  12,                                     !- Month
  SummerDesignDay,                        !- Day Type
  No,                                     !- Daylight Saving Time Indicator
  Wetbulb,                                !- Humidity Condition Type
  ,                                       !- Humidity Condition Day Schedule Name
  11.4,                                   !- Wetbulb or DewPoint at Maximum Dry-Bulb {C}
  ,                                       !- Humidity Ratio at Maximum Dry-Bulb {kgWater/kgDryAir}
  ,                                       !- Enthalpy at Maximum Dry-Bulb {J/kg}
  DefaultMultipliers,                     !- Dry-Bulb Temperature Range Modifier Type
  ,                                       !- Dry-Bulb Temperature Range Modifier Day Schedule Name
  ASHRAETau2017;                          !- Solar Model Indicator

OS:SizingPeriod:DesignDay,
  {882d1be8-1053-456e-bdb3-cf5012c9f14e}, !- Handle
  Mugla January 5% Condns WB=>MCDB,       !- Name
  10.9,                                   !- Maximum Dry-Bulb Temperature {C}
  7.5,                                    !- Daily Dry-Bulb Temperature Range {deltaC}
  93801,                                  !- Barometric Pressure {Pa}
  1.4,                                    !- Wind Speed {m/s}
  180,                                    !- Wind Direction {deg}
  ,                                       !- Sky Clearness
  No,                                     !- Rain Indicator
  No,                                     !- Snow Indicator
  21,                                     !- Day of Month
  1,                                      !- Month
  SummerDesignDay,                        !- Day Type
  No,                                     !- Daylight Saving Time Indicator
  Wetbulb,                                !- Humidity Condition Type
  ,                                       !- Humidity Condition Day Schedule Name
  9.3,                                    !- Wetbulb or DewPoint at Maximum Dry-Bulb {C}
  ,                                       !- Humidity Ratio at Maximum Dry-Bulb {kgWater/kgDryAir}
  ,                                       !- Enthalpy at Maximum Dry-Bulb {J/kg}
  DefaultMultipliers,                     !- Dry-Bulb Temperature Range Modifier Type
  ,                                       !- Dry-Bulb Temperature Range Modifier Day Schedule Name
  ASHRAETau2017;                          !- Solar Model Indicator

OS:SizingPeriod:DesignDay,
  {a02cdb95-d3fc-49bc-a636-c72155f5faa4}, !- Handle
  Mugla February 5% Condns WB=>MCDB,      !- Name
  12.2,                                   !- Maximum Dry-Bulb Temperature {C}
  9.4,                                    !- Daily Dry-Bulb Temperature Range {deltaC}
  93801,                                  !- Barometric Pressure {Pa}
  1.5,                                    !- Wind Speed {m/s}
  180,                                    !- Wind Direction {deg}
  ,                                       !- Sky Clearness
  No,                                     !- Rain Indicator
  No,                                     !- Snow Indicator
  21,                                     !- Day of Month
  2,                                      !- Month
  SummerDesignDay,                        !- Day Type
  No,                                     !- Daylight Saving Time Indicator
  Wetbulb,                                !- Humidity Condition Type
  ,                                       !- Humidity Condition Day Schedule Name
  9.6,                                    !- Wetbulb or DewPoint at Maximum Dry-Bulb {C}
  ,                                       !- Humidity Ratio at Maximum Dry-Bulb {kgWater/kgDryAir}
  ,                                       !- Enthalpy at Maximum Dry-Bulb {J/kg}
  DefaultMultipliers,                     !- Dry-Bulb Temperature Range Modifier Type
  ,                                       !- Dry-Bulb Temperature Range Modifier Day Schedule Name
  ASHRAETau2017;                          !- Solar Model Indicator

OS:SizingPeriod:DesignDay,
  {cc95520c-69de-4b11-a355-f99ffa437e23}, !- Handle
  Mugla March 5% Condns WB=>MCDB,         !- Name
  16,                                     !- Maximum Dry-Bulb Temperature {C}
  11.7,                                   !- Daily Dry-Bulb Temperature Range {deltaC}
  93801,                                  !- Barometric Pressure {Pa}
  1.6,                                    !- Wind Speed {m/s}
  180,                                    !- Wind Direction {deg}
  ,                                       !- Sky Clearness
  No,                                     !- Rain Indicator
  No,                                     !- Snow Indicator
  21,                                     !- Day of Month
  3,                                      !- Month
  SummerDesignDay,                        !- Day Type
  No,                                     !- Daylight Saving Time Indicator
  Wetbulb,                                !- Humidity Condition Type
  ,                                       !- Humidity Condition Day Schedule Name
  11.2,                                   !- Wetbulb or DewPoint at Maximum Dry-Bulb {C}
  ,                                       !- Humidity Ratio at Maximum Dry-Bulb {kgWater/kgDryAir}
  ,                                       !- Enthalpy at Maximum Dry-Bulb {J/kg}
  DefaultMultipliers,                     !- Dry-Bulb Temperature Range Modifier Type
  ,                                       !- Dry-Bulb Temperature Range Modifier Day Schedule Name
  ASHRAETau2017;                          !- Solar Model Indicator

OS:SizingPeriod:DesignDay,
  {bf63ea96-3e8d-4819-9f5e-85d4699f2c87}, !- Handle
  Mugla April 5% Condns WB=>MCDB,         !- Name
  21,                                     !- Maximum Dry-Bulb Temperature {C}
  13.6,                                   !- Daily Dry-Bulb Temperature Range {deltaC}
  93801,                                  !- Barometric Pressure {Pa}
  1.5,                                    !- Wind Speed {m/s}
  180,                                    !- Wind Direction {deg}
  ,                                       !- Sky Clearness
  No,                                     !- Rain Indicator
  No,                                     !- Snow Indicator
  21,                                     !- Day of Month
  4,                                      !- Month
  SummerDesignDay,                        !- Day Type
  No,                                     !- Daylight Saving Time Indicator
  Wetbulb,                                !- Humidity Condition Type
  ,                                       !- Humidity Condition Day Schedule Name
  13.9,                                   !- Wetbulb or DewPoint at Maximum Dry-Bulb {C}
  ,                                       !- Humidity Ratio at Maximum Dry-Bulb {kgWater/kgDryAir}
  ,                                       !- Enthalpy at Maximum Dry-Bulb {J/kg}
  DefaultMultipliers,                     !- Dry-Bulb Temperature Range Modifier Type
  ,                                       !- Dry-Bulb Temperature Range Modifier Day Schedule Name
  ASHRAETau2017;                          !- Solar Model Indicator

OS:SizingPeriod:DesignDay,
  {a83f4b0a-0afc-4312-92d0-b8d41b576632}, !- Handle
  Mugla May 5% Condns WB=>MCDB,           !- Name
  25.6,                                   !- Maximum Dry-Bulb Temperature {C}
  13.5,                                   !- Daily Dry-Bulb Temperature Range {deltaC}
  93801,                                  !- Barometric Pressure {Pa}
  1.5,                                    !- Wind Speed {m/s}
  180,                                    !- Wind Direction {deg}
  ,                                       !- Sky Clearness
  No,                                     !- Rain Indicator
  No,                                     !- Snow Indicator
  21,                                     !- Day of Month
  5,                                      !- Month
  SummerDesignDay,                        !- Day Type
  No,                                     !- Daylight Saving Time Indicator
  Wetbulb,                                !- Humidity Condition Type
  ,                                       !- Humidity Condition Day Schedule Name
  17.3,                                   !- Wetbulb or DewPoint at Maximum Dry-Bulb {C}
  ,                                       !- Humidity Ratio at Maximum Dry-Bulb {kgWater/kgDryAir}
  ,                                       !- Enthalpy at Maximum Dry-Bulb {J/kg}
  DefaultMultipliers,                     !- Dry-Bulb Temperature Range Modifier Type
  ,                                       !- Dry-Bulb Temperature Range Modifier Day Schedule Name
  ASHRAETau2017;                          !- Solar Model Indicator

OS:SizingPeriod:DesignDay,
  {750ce02e-4c4f-4fea-9645-da2df402e15e}, !- Handle
  Mugla June 5% Condns WB=>MCDB,          !- Name
  29.9,                                   !- Maximum Dry-Bulb Temperature {C}
  13.1,                                   !- Daily Dry-Bulb Temperature Range {deltaC}
  93801,                                  !- Barometric Pressure {Pa}
  1.7,                                    !- Wind Speed {m/s}
  180,                                    !- Wind Direction {deg}
  ,                                       !- Sky Clearness
  No,                                     !- Rain Indicator
  No,                                     !- Snow Indicator
  21,                                     !- Day of Month
  6,                                      !- Month
  SummerDesignDay,                        !- Day Type
  No,                                     !- Daylight Saving Time Indicator
  Wetbulb,                                !- Humidity Condition Type
  ,                                       !- Humidity Condition Day Schedule Name
  19.8,                                   !- Wetbulb or DewPoint at Maximum Dry-Bulb {C}
  ,                                       !- Humidity Ratio at Maximum Dry-Bulb {kgWater/kgDryAir}
  ,                                       !- Enthalpy at Maximum Dry-Bulb {J/kg}
  DefaultMultipliers,                     !- Dry-Bulb Temperature Range Modifier Type
  ,                                       !- Dry-Bulb Temperature Range Modifier Day Schedule Name
  ASHRAETau2017;                          !- Solar Model Indicator

OS:SizingPeriod:DesignDay,
  {b53055ba-6dc6-4933-828f-09d9f1bc92f6}, !- Handle
  Mugla July 5% Condns WB=>MCDB,          !- Name
  32,                                     !- Maximum Dry-Bulb Temperature {C}
  13.2,                                   !- Daily Dry-Bulb Temperature Range {deltaC}
  93801,                                  !- Barometric Pressure {Pa}
  1.9,                                    !- Wind Speed {m/s}
  180,                                    !- Wind Direction {deg}
  ,                                       !- Sky Clearness
  No,                                     !- Rain Indicator
  No,                                     !- Snow Indicator
  21,                                     !- Day of Month
  7,                                      !- Month
  SummerDesignDay,                        !- Day Type
  No,                                     !- Daylight Saving Time Indicator
  Wetbulb,                                !- Humidity Condition Type
  ,                                       !- Humidity Condition Day Schedule Name
  21.2,                                   !- Wetbulb or DewPoint at Maximum Dry-Bulb {C}
  ,                                       !- Humidity Ratio at Maximum Dry-Bulb {kgWater/kgDryAir}
  ,                                       !- Enthalpy at Maximum Dry-Bulb {J/kg}
  DefaultMultipliers,                     !- Dry-Bulb Temperature Range Modifier Type
  ,                                       !- Dry-Bulb Temperature Range Modifier Day Schedule Name
  ASHRAETau2017;                          !- Solar Model Indicator

OS:SizingPeriod:DesignDay,
  {392b9fef-8250-4fbf-b16c-fa32acaf4a9e}, !- Handle
  Mugla August 5% Condns WB=>MCDB,        !- Name
  31.5,                                   !- Maximum Dry-Bulb Temperature {C}
  12.7,                                   !- Daily Dry-Bulb Temperature Range {deltaC}
  93801,                                  !- Barometric Pressure {Pa}
  1.9,                                    !- Wind Speed {m/s}
  180,                                    !- Wind Direction {deg}
  ,                                       !- Sky Clearness
  No,                                     !- Rain Indicator
  No,                                     !- Snow Indicator
  21,                                     !- Day of Month
  8,                                      !- Month
  SummerDesignDay,                        !- Day Type
  No,                                     !- Daylight Saving Time Indicator
  Wetbulb,                                !- Humidity Condition Type
  ,                                       !- Humidity Condition Day Schedule Name
  21.3,                                   !- Wetbulb or DewPoint at Maximum Dry-Bulb {C}
  ,                                       !- Humidity Ratio at Maximum Dry-Bulb {kgWater/kgDryAir}
  ,                                       !- Enthalpy at Maximum Dry-Bulb {J/kg}
  DefaultMultipliers,                     !- Dry-Bulb Temperature Range Modifier Type
  ,                                       !- Dry-Bulb Temperature Range Modifier Day Schedule Name
  ASHRAETau2017;                          !- Solar Model Indicator

OS:SizingPeriod:DesignDay,
  {8a34a1a1-e96b-49a3-b467-5aea66aa647e}, !- Handle
  Mugla September 5% Condns WB=>MCDB,     !- Name
  28.3,                                   !- Maximum Dry-Bulb Temperature {C}
  13.1,                                   !- Daily Dry-Bulb Temperature Range {deltaC}
  93801,                                  !- Barometric Pressure {Pa}
  1.7,                                    !- Wind Speed {m/s}
  180,                                    !- Wind Direction {deg}
  ,                                       !- Sky Clearness
  No,                                     !- Rain Indicator
  No,                                     !- Snow Indicator
  21,                                     !- Day of Month
  9,                                      !- Month
  SummerDesignDay,                        !- Day Type
  No,                                     !- Daylight Saving Time Indicator
  Wetbulb,                                !- Humidity Condition Type
  ,                                       !- Humidity Condition Day Schedule Name
  19.1,                                   !- Wetbulb or DewPoint at Maximum Dry-Bulb {C}
  ,                                       !- Humidity Ratio at Maximum Dry-Bulb {kgWater/kgDryAir}
  ,                                       !- Enthalpy at Maximum Dry-Bulb {J/kg}
  DefaultMultipliers,                     !- Dry-Bulb Temperature Range Modifier Type
  ,                                       !- Dry-Bulb Temperature Range Modifier Day Schedule Name
  ASHRAETau2017;                          !- Solar Model Indicator

OS:SizingPeriod:DesignDay,
  {b1ac9cdf-1dda-4807-8de3-3dff2ca6ff99}, !- Handle
  Mugla October 5% Condns WB=>MCDB,       !- Name
  22.3,                                   !- Maximum Dry-Bulb Temperature {C}
  12.2,                                   !- Daily Dry-Bulb Temperature Range {deltaC}
  93801,                                  !- Barometric Pressure {Pa}
  1.3,                                    !- Wind Speed {m/s}
  180,                                    !- Wind Direction {deg}
  ,                                       !- Sky Clearness
  No,                                     !- Rain Indicator
  No,                                     !- Snow Indicator
  21,                                     !- Day of Month
  10,                                     !- Month
  SummerDesignDay,                        !- Day Type
  No,                                     !- Daylight Saving Time Indicator
  Wetbulb,                                !- Humidity Condition Type
  ,                                       !- Humidity Condition Day Schedule Name
  16.6,                                   !- Wetbulb or DewPoint at Maximum Dry-Bulb {C}
  ,                                       !- Humidity Ratio at Maximum Dry-Bulb {kgWater/kgDryAir}
  ,                                       !- Enthalpy at Maximum Dry-Bulb {J/kg}
  DefaultMultipliers,                     !- Dry-Bulb Temperature Range Modifier Type
  ,                                       !- Dry-Bulb Temperature Range Modifier Day Schedule Name
  ASHRAETau2017;                          !- Solar Model Indicator

OS:SizingPeriod:DesignDay,
  {8744d2bc-e1f9-45a9-b156-545a2f2fa7bf}, !- Handle
  Mugla November 5% Condns WB=>MCDB,      !- Name
  16.9,                                   !- Maximum Dry-Bulb Temperature {C}
  10.2,                                   !- Daily Dry-Bulb Temperature Range {deltaC}
  93801,                                  !- Barometric Pressure {Pa}
  1.2,                                    !- Wind Speed {m/s}
  180,                                    !- Wind Direction {deg}
  ,                                       !- Sky Clearness
  No,                                     !- Rain Indicator
  No,                                     !- Snow Indicator
  21,                                     !- Day of Month
  11,                                     !- Month
  SummerDesignDay,                        !- Day Type
  No,                                     !- Daylight Saving Time Indicator
  Wetbulb,                                !- Humidity Condition Type
  ,                                       !- Humidity Condition Day Schedule Name
  13.6,                                   !- Wetbulb or DewPoint at Maximum Dry-Bulb {C}
  ,                                       !- Humidity Ratio at Maximum Dry-Bulb {kgWater/kgDryAir}
  ,                                       !- Enthalpy at Maximum Dry-Bulb {J/kg}
  DefaultMultipliers,                     !- Dry-Bulb Temperature Range Modifier Type
  ,                                       !- Dry-Bulb Temperature Range Modifier Day Schedule Name
  ASHRAETau2017;                          !- Solar Model Indicator

OS:SizingPeriod:DesignDay,
  {66c851da-c014-4425-80dc-26ef3868bba7}, !- Handle
  Mugla December 5% Condns WB=>MCDB,      !- Name
  12,                                     !- Maximum Dry-Bulb Temperature {C}
  7.2,                                    !- Daily Dry-Bulb Temperature Range {deltaC}
  93801,                                  !- Barometric Pressure {Pa}
  1.4,                                    !- Wind Speed {m/s}
  180,                                    !- Wind Direction {deg}
  ,                                       !- Sky Clearness
  No,                                     !- Rain Indicator
  No,                                     !- Snow Indicator
  21,                                     !- Day of Month
  12,                                     !- Month
  SummerDesignDay,                        !- Day Type
  No,                                     !- Daylight Saving Time Indicator
  Wetbulb,                                !- Humidity Condition Type
  ,                                       !- Humidity Condition Day Schedule Name
  10.5,                                   !- Wetbulb or DewPoint at Maximum Dry-Bulb {C}
  ,                                       !- Humidity Ratio at Maximum Dry-Bulb {kgWater/kgDryAir}
  ,                                       !- Enthalpy at Maximum Dry-Bulb {J/kg}
  DefaultMultipliers,                     !- Dry-Bulb Temperature Range Modifier Type
  ,                                       !- Dry-Bulb Temperature Range Modifier Day Schedule Name
  ASHRAETau2017;                          !- Solar Model Indicator

OS:SizingPeriod:DesignDay,
  {6f203164-7fff-4a41-8425-a6df20c0013c}, !- Handle
  Mugla January 10% Condns WB=>MCDB,      !- Name
  10.1,                                   !- Maximum Dry-Bulb Temperature {C}
  7.5,                                    !- Daily Dry-Bulb Temperature Range {deltaC}
  93801,                                  !- Barometric Pressure {Pa}
  1.4,                                    !- Wind Speed {m/s}
  180,                                    !- Wind Direction {deg}
  ,                                       !- Sky Clearness
  No,                                     !- Rain Indicator
  No,                                     !- Snow Indicator
  21,                                     !- Day of Month
  1,                                      !- Month
  SummerDesignDay,                        !- Day Type
  No,                                     !- Daylight Saving Time Indicator
  Wetbulb,                                !- Humidity Condition Type
  ,                                       !- Humidity Condition Day Schedule Name
  8.6,                                    !- Wetbulb or DewPoint at Maximum Dry-Bulb {C}
  ,                                       !- Humidity Ratio at Maximum Dry-Bulb {kgWater/kgDryAir}
  ,                                       !- Enthalpy at Maximum Dry-Bulb {J/kg}
  DefaultMultipliers,                     !- Dry-Bulb Temperature Range Modifier Type
  ,                                       !- Dry-Bulb Temperature Range Modifier Day Schedule Name
  ASHRAETau2017;                          !- Solar Model Indicator

OS:SizingPeriod:DesignDay,
  {4d42f06b-4b81-4619-a99b-d4907024970a}, !- Handle
  Mugla February 10% Condns WB=>MCDB,     !- Name
  11.2,                                   !- Maximum Dry-Bulb Temperature {C}
  9.4,                                    !- Daily Dry-Bulb Temperature Range {deltaC}
  93801,                                  !- Barometric Pressure {Pa}
  1.5,                                    !- Wind Speed {m/s}
  180,                                    !- Wind Direction {deg}
  ,                                       !- Sky Clearness
  No,                                     !- Rain Indicator
  No,                                     !- Snow Indicator
  21,                                     !- Day of Month
  2,                                      !- Month
  SummerDesignDay,                        !- Day Type
  No,                                     !- Daylight Saving Time Indicator
  Wetbulb,                                !- Humidity Condition Type
  ,                                       !- Humidity Condition Day Schedule Name
  8.9,                                    !- Wetbulb or DewPoint at Maximum Dry-Bulb {C}
  ,                                       !- Humidity Ratio at Maximum Dry-Bulb {kgWater/kgDryAir}
  ,                                       !- Enthalpy at Maximum Dry-Bulb {J/kg}
  DefaultMultipliers,                     !- Dry-Bulb Temperature Range Modifier Type
  ,                                       !- Dry-Bulb Temperature Range Modifier Day Schedule Name
  ASHRAETau2017;                          !- Solar Model Indicator

OS:SizingPeriod:DesignDay,
  {4fa2dfd5-3181-4f9c-807b-df2ef46f4293}, !- Handle
  Mugla March 10% Condns WB=>MCDB,        !- Name
  14.6,                                   !- Maximum Dry-Bulb Temperature {C}
  11.7,                                   !- Daily Dry-Bulb Temperature Range {deltaC}
  93801,                                  !- Barometric Pressure {Pa}
  1.6,                                    !- Wind Speed {m/s}
  180,                                    !- Wind Direction {deg}
  ,                                       !- Sky Clearness
  No,                                     !- Rain Indicator
  No,                                     !- Snow Indicator
  21,                                     !- Day of Month
  3,                                      !- Month
  SummerDesignDay,                        !- Day Type
  No,                                     !- Daylight Saving Time Indicator
  Wetbulb,                                !- Humidity Condition Type
  ,                                       !- Humidity Condition Day Schedule Name
  10.4,                                   !- Wetbulb or DewPoint at Maximum Dry-Bulb {C}
  ,                                       !- Humidity Ratio at Maximum Dry-Bulb {kgWater/kgDryAir}
  ,                                       !- Enthalpy at Maximum Dry-Bulb {J/kg}
  DefaultMultipliers,                     !- Dry-Bulb Temperature Range Modifier Type
  ,                                       !- Dry-Bulb Temperature Range Modifier Day Schedule Name
  ASHRAETau2017;                          !- Solar Model Indicator

OS:SizingPeriod:DesignDay,
  {fa9e7aa0-d65f-4f3f-853d-17330b0022fe}, !- Handle
  Mugla April 10% Condns WB=>MCDB,        !- Name
  18.8,                                   !- Maximum Dry-Bulb Temperature {C}
  13.6,                                   !- Daily Dry-Bulb Temperature Range {deltaC}
  93801,                                  !- Barometric Pressure {Pa}
  1.5,                                    !- Wind Speed {m/s}
  180,                                    !- Wind Direction {deg}
  ,                                       !- Sky Clearness
  No,                                     !- Rain Indicator
  No,                                     !- Snow Indicator
  21,                                     !- Day of Month
  4,                                      !- Month
  SummerDesignDay,                        !- Day Type
  No,                                     !- Daylight Saving Time Indicator
  Wetbulb,                                !- Humidity Condition Type
  ,                                       !- Humidity Condition Day Schedule Name
  12.9,                                   !- Wetbulb or DewPoint at Maximum Dry-Bulb {C}
  ,                                       !- Humidity Ratio at Maximum Dry-Bulb {kgWater/kgDryAir}
  ,                                       !- Enthalpy at Maximum Dry-Bulb {J/kg}
  DefaultMultipliers,                     !- Dry-Bulb Temperature Range Modifier Type
  ,                                       !- Dry-Bulb Temperature Range Modifier Day Schedule Name
  ASHRAETau2017;                          !- Solar Model Indicator

OS:SizingPeriod:DesignDay,
  {af09aee4-1525-4f7b-ad51-a0bf295fe9b3}, !- Handle
  Mugla May 10% Condns WB=>MCDB,          !- Name
  24.3,                                   !- Maximum Dry-Bulb Temperature {C}
  13.5,                                   !- Daily Dry-Bulb Temperature Range {deltaC}
  93801,                                  !- Barometric Pressure {Pa}
  1.5,                                    !- Wind Speed {m/s}
  180,                                    !- Wind Direction {deg}
  ,                                       !- Sky Clearness
  No,                                     !- Rain Indicator
  No,                                     !- Snow Indicator
  21,                                     !- Day of Month
  5,                                      !- Month
  SummerDesignDay,                        !- Day Type
  No,                                     !- Daylight Saving Time Indicator
  Wetbulb,                                !- Humidity Condition Type
  ,                                       !- Humidity Condition Day Schedule Name
  16.4,                                   !- Wetbulb or DewPoint at Maximum Dry-Bulb {C}
  ,                                       !- Humidity Ratio at Maximum Dry-Bulb {kgWater/kgDryAir}
  ,                                       !- Enthalpy at Maximum Dry-Bulb {J/kg}
  DefaultMultipliers,                     !- Dry-Bulb Temperature Range Modifier Type
  ,                                       !- Dry-Bulb Temperature Range Modifier Day Schedule Name
  ASHRAETau2017;                          !- Solar Model Indicator

OS:SizingPeriod:DesignDay,
  {6714527b-b0f6-4b47-8495-b52fc2abc8b0}, !- Handle
  Mugla June 10% Condns WB=>MCDB,         !- Name
  29,                                     !- Maximum Dry-Bulb Temperature {C}
  13.1,                                   !- Daily Dry-Bulb Temperature Range {deltaC}
  93801,                                  !- Barometric Pressure {Pa}
  1.7,                                    !- Wind Speed {m/s}
  180,                                    !- Wind Direction {deg}
  ,                                       !- Sky Clearness
  No,                                     !- Rain Indicator
  No,                                     !- Snow Indicator
  21,                                     !- Day of Month
  6,                                      !- Month
  SummerDesignDay,                        !- Day Type
  No,                                     !- Daylight Saving Time Indicator
  Wetbulb,                                !- Humidity Condition Type
  ,                                       !- Humidity Condition Day Schedule Name
  19,                                     !- Wetbulb or DewPoint at Maximum Dry-Bulb {C}
  ,                                       !- Humidity Ratio at Maximum Dry-Bulb {kgWater/kgDryAir}
  ,                                       !- Enthalpy at Maximum Dry-Bulb {J/kg}
  DefaultMultipliers,                     !- Dry-Bulb Temperature Range Modifier Type
  ,                                       !- Dry-Bulb Temperature Range Modifier Day Schedule Name
  ASHRAETau2017;                          !- Solar Model Indicator

OS:SizingPeriod:DesignDay,
  {589ee792-2164-4cd4-b28d-c5041d8d1610}, !- Handle
  Mugla July 10% Condns WB=>MCDB,         !- Name
  31.1,                                   !- Maximum Dry-Bulb Temperature {C}
  13.2,                                   !- Daily Dry-Bulb Temperature Range {deltaC}
  93801,                                  !- Barometric Pressure {Pa}
  1.9,                                    !- Wind Speed {m/s}
  180,                                    !- Wind Direction {deg}
  ,                                       !- Sky Clearness
  No,                                     !- Rain Indicator
  No,                                     !- Snow Indicator
  21,                                     !- Day of Month
  7,                                      !- Month
  SummerDesignDay,                        !- Day Type
  No,                                     !- Daylight Saving Time Indicator
  Wetbulb,                                !- Humidity Condition Type
  ,                                       !- Humidity Condition Day Schedule Name
  20.4,                                   !- Wetbulb or DewPoint at Maximum Dry-Bulb {C}
  ,                                       !- Humidity Ratio at Maximum Dry-Bulb {kgWater/kgDryAir}
  ,                                       !- Enthalpy at Maximum Dry-Bulb {J/kg}
  DefaultMultipliers,                     !- Dry-Bulb Temperature Range Modifier Type
  ,                                       !- Dry-Bulb Temperature Range Modifier Day Schedule Name
  ASHRAETau2017;                          !- Solar Model Indicator

OS:SizingPeriod:DesignDay,
  {e41b6178-8658-4707-a8d2-3d4e5ad89fdf}, !- Handle
  Mugla August 10% Condns WB=>MCDB,       !- Name
  30.5,                                   !- Maximum Dry-Bulb Temperature {C}
  12.7,                                   !- Daily Dry-Bulb Temperature Range {deltaC}
  93801,                                  !- Barometric Pressure {Pa}
  1.9,                                    !- Wind Speed {m/s}
  180,                                    !- Wind Direction {deg}
  ,                                       !- Sky Clearness
  No,                                     !- Rain Indicator
  No,                                     !- Snow Indicator
  21,                                     !- Day of Month
  8,                                      !- Month
  SummerDesignDay,                        !- Day Type
  No,                                     !- Daylight Saving Time Indicator
  Wetbulb,                                !- Humidity Condition Type
  ,                                       !- Humidity Condition Day Schedule Name
  20.5,                                   !- Wetbulb or DewPoint at Maximum Dry-Bulb {C}
  ,                                       !- Humidity Ratio at Maximum Dry-Bulb {kgWater/kgDryAir}
  ,                                       !- Enthalpy at Maximum Dry-Bulb {J/kg}
  DefaultMultipliers,                     !- Dry-Bulb Temperature Range Modifier Type
  ,                                       !- Dry-Bulb Temperature Range Modifier Day Schedule Name
  ASHRAETau2017;                          !- Solar Model Indicator

OS:SizingPeriod:DesignDay,
  {848b7e3f-268d-4b1d-8c05-7329f9321170}, !- Handle
  Mugla September 10% Condns WB=>MCDB,    !- Name
  27.1,                                   !- Maximum Dry-Bulb Temperature {C}
  13.1,                                   !- Daily Dry-Bulb Temperature Range {deltaC}
  93801,                                  !- Barometric Pressure {Pa}
  1.7,                                    !- Wind Speed {m/s}
  180,                                    !- Wind Direction {deg}
  ,                                       !- Sky Clearness
  No,                                     !- Rain Indicator
  No,                                     !- Snow Indicator
  21,                                     !- Day of Month
  9,                                      !- Month
  SummerDesignDay,                        !- Day Type
  No,                                     !- Daylight Saving Time Indicator
  Wetbulb,                                !- Humidity Condition Type
  ,                                       !- Humidity Condition Day Schedule Name
  18.4,                                   !- Wetbulb or DewPoint at Maximum Dry-Bulb {C}
  ,                                       !- Humidity Ratio at Maximum Dry-Bulb {kgWater/kgDryAir}
  ,                                       !- Enthalpy at Maximum Dry-Bulb {J/kg}
  DefaultMultipliers,                     !- Dry-Bulb Temperature Range Modifier Type
  ,                                       !- Dry-Bulb Temperature Range Modifier Day Schedule Name
  ASHRAETau2017;                          !- Solar Model Indicator

OS:SizingPeriod:DesignDay,
  {6a8b9e31-97bc-49f6-a4ac-074ad45f2620}, !- Handle
  Mugla October 10% Condns WB=>MCDB,      !- Name
  21.3,                                   !- Maximum Dry-Bulb Temperature {C}
  12.2,                                   !- Daily Dry-Bulb Temperature Range {deltaC}
  93801,                                  !- Barometric Pressure {Pa}
  1.3,                                    !- Wind Speed {m/s}
  180,                                    !- Wind Direction {deg}
  ,                                       !- Sky Clearness
  No,                                     !- Rain Indicator
  No,                                     !- Snow Indicator
  21,                                     !- Day of Month
  10,                                     !- Month
  SummerDesignDay,                        !- Day Type
  No,                                     !- Daylight Saving Time Indicator
  Wetbulb,                                !- Humidity Condition Type
  ,                                       !- Humidity Condition Day Schedule Name
  15.7,                                   !- Wetbulb or DewPoint at Maximum Dry-Bulb {C}
  ,                                       !- Humidity Ratio at Maximum Dry-Bulb {kgWater/kgDryAir}
  ,                                       !- Enthalpy at Maximum Dry-Bulb {J/kg}
  DefaultMultipliers,                     !- Dry-Bulb Temperature Range Modifier Type
  ,                                       !- Dry-Bulb Temperature Range Modifier Day Schedule Name
  ASHRAETau2017;                          !- Solar Model Indicator

OS:SizingPeriod:DesignDay,
  {db3dd584-190e-48b0-a824-d8bf0e42e8e0}, !- Handle
  Mugla November 10% Condns WB=>MCDB,     !- Name
  15.5,                                   !- Maximum Dry-Bulb Temperature {C}
  10.2,                                   !- Daily Dry-Bulb Temperature Range {deltaC}
  93801,                                  !- Barometric Pressure {Pa}
  1.2,                                    !- Wind Speed {m/s}
  180,                                    !- Wind Direction {deg}
  ,                                       !- Sky Clearness
  No,                                     !- Rain Indicator
  No,                                     !- Snow Indicator
  21,                                     !- Day of Month
  11,                                     !- Month
  SummerDesignDay,                        !- Day Type
  No,                                     !- Daylight Saving Time Indicator
  Wetbulb,                                !- Humidity Condition Type
  ,                                       !- Humidity Condition Day Schedule Name
  12.7,                                   !- Wetbulb or DewPoint at Maximum Dry-Bulb {C}
  ,                                       !- Humidity Ratio at Maximum Dry-Bulb {kgWater/kgDryAir}
  ,                                       !- Enthalpy at Maximum Dry-Bulb {J/kg}
  DefaultMultipliers,                     !- Dry-Bulb Temperature Range Modifier Type
  ,                                       !- Dry-Bulb Temperature Range Modifier Day Schedule Name
  ASHRAETau2017;                          !- Solar Model Indicator

OS:SizingPeriod:DesignDay,
  {39823e67-7921-492b-b447-36ada38a4bc3}, !- Handle
  Mugla December 10% Condns WB=>MCDB,     !- Name
  11.3,                                   !- Maximum Dry-Bulb Temperature {C}
  7.2,                                    !- Daily Dry-Bulb Temperature Range {deltaC}
  93801,                                  !- Barometric Pressure {Pa}
  1.4,                                    !- Wind Speed {m/s}
  180,                                    !- Wind Direction {deg}
  ,                                       !- Sky Clearness
  No,                                     !- Rain Indicator
  No,                                     !- Snow Indicator
  21,                                     !- Day of Month
  12,                                     !- Month
  SummerDesignDay,                        !- Day Type
  No,                                     !- Daylight Saving Time Indicator
  Wetbulb,                                !- Humidity Condition Type
  ,                                       !- Humidity Condition Day Schedule Name
  9.8,                                    !- Wetbulb or DewPoint at Maximum Dry-Bulb {C}
  ,                                       !- Humidity Ratio at Maximum Dry-Bulb {kgWater/kgDryAir}
  ,                                       !- Enthalpy at Maximum Dry-Bulb {J/kg}
  DefaultMultipliers,                     !- Dry-Bulb Temperature Range Modifier Type
  ,                                       !- Dry-Bulb Temperature Range Modifier Day Schedule Name
  ASHRAETau2017;                          !- Solar Model Indicator

OS:Space,
  {057dd256-e818-4f60-9e2f-140af0f7e6db}, !- Handle
  kuzeydogu,                              !- Name
  {56c0fe9c-c716-41de-8687-5384b50f8a6f}, !- Space Type Name
  ,                                       !- Default Construction Set Name
  ,                                       !- Default Schedule Set Name
  ,                                       !- Direction of Relative North {deg}
  ,                                       !- X Origin {m}
  ,                                       !- Y Origin {m}
  ,                                       !- Z Origin {m}
  {c54b6040-0b68-4b8b-a053-2311a89c0eac}, !- Building Story Name
  {7ecbd726-829a-4d0c-a99c-9d3f00702060}, !- Thermal Zone Name
  ,                                       !- Part of Total Floor Area
  ,                                       !- Design Specification Outdoor Air Object Name
  ;                                       !- Building Unit Name

OS:ThermalZone,
  {7ecbd726-829a-4d0c-a99c-9d3f00702060}, !- Handle
  TZ_KUZEYDOGU,                           !- Name
  1,                                      !- Multiplier
  ,                                       !- Ceiling Height {m}
  ,                                       !- Volume {m3}
  ,                                       !- Floor Area {m2}
  ,                                       !- Zone Inside Convection Algorithm
  ,                                       !- Zone Outside Convection Algorithm
  ,                                       !- Zone Conditioning Equipment List Name
  {0b8a0119-a975-4090-9aa4-e7175b362c6c}, !- Zone Air Inlet Port List
  {9fe143fd-6aac-4b3c-ada4-c8eae465a010}, !- Zone Air Exhaust Port List
  {92d43a81-9cb4-42ec-8784-53dbe947b615}, !- Zone Air Node Name
  {7adf6dfc-826a-47de-9931-e71a001c01c8}, !- Zone Return Air Port List
  {25f17e3a-885b-4246-95ed-81eb84e29fff}, !- Primary Daylighting Control Name
  1,                                      !- Fraction of Zone Controlled by Primary Daylighting Control
  ,                                       !- Secondary Daylighting Control Name
  0,                                      !- Fraction of Zone Controlled by Secondary Daylighting Control
  ,                                       !- Illuminance Map Name
  {ac1c833d-0530-47b4-a337-8514a0944d30}, !- Group Rendering Name
  {fff41cf6-fb07-496a-95f5-6309e75f3b93}, !- Thermostat Name
  No;                                     !- Use Ideal Air Loads

OS:Node,
  {ee367bf6-2265-4226-982a-165af95b6067}, !- Handle
  Node 1,                                 !- Name
  {92d43a81-9cb4-42ec-8784-53dbe947b615}, !- Inlet Port
  ;                                       !- Outlet Port

OS:Connection,
  {92d43a81-9cb4-42ec-8784-53dbe947b615}, !- Handle
  {7ecbd726-829a-4d0c-a99c-9d3f00702060}, !- Source Object
  11,                                     !- Outlet Port
  {ee367bf6-2265-4226-982a-165af95b6067}, !- Target Object
  2;                                      !- Inlet Port

OS:PortList,
  {0b8a0119-a975-4090-9aa4-e7175b362c6c}, !- Handle
  {7ecbd726-829a-4d0c-a99c-9d3f00702060}; !- HVAC Component

OS:PortList,
  {9fe143fd-6aac-4b3c-ada4-c8eae465a010}, !- Handle
  {7ecbd726-829a-4d0c-a99c-9d3f00702060}; !- HVAC Component

OS:PortList,
  {7adf6dfc-826a-47de-9931-e71a001c01c8}, !- Handle
  {7ecbd726-829a-4d0c-a99c-9d3f00702060}; !- HVAC Component

OS:Sizing:Zone,
  {ba01b0b9-7f2f-4262-ba13-9d2377c27ff3}, !- Handle
  {7ecbd726-829a-4d0c-a99c-9d3f00702060}, !- Zone or ZoneList Name
  SupplyAirTemperature,                   !- Zone Cooling Design Supply Air Temperature Input Method
  14,                                     !- Zone Cooling Design Supply Air Temperature {C}
  11.11,                                  !- Zone Cooling Design Supply Air Temperature Difference {deltaC}
  SupplyAirTemperature,                   !- Zone Heating Design Supply Air Temperature Input Method
  40,                                     !- Zone Heating Design Supply Air Temperature {C}
  11.11,                                  !- Zone Heating Design Supply Air Temperature Difference {deltaC}
  0.0085,                                 !- Zone Cooling Design Supply Air Humidity Ratio {kg-H2O/kg-air}
  0.008,                                  !- Zone Heating Design Supply Air Humidity Ratio {kg-H2O/kg-air}
  ,                                       !- Zone Heating Sizing Factor
  ,                                       !- Zone Cooling Sizing Factor
  DesignDay,                              !- Cooling Design Air Flow Method
  ,                                       !- Cooling Design Air Flow Rate {m3/s}
  ,                                       !- Cooling Minimum Air Flow per Zone Floor Area {m3/s-m2}
  ,                                       !- Cooling Minimum Air Flow {m3/s}
  ,                                       !- Cooling Minimum Air Flow Fraction
  DesignDay,                              !- Heating Design Air Flow Method
  ,                                       !- Heating Design Air Flow Rate {m3/s}
  ,                                       !- Heating Maximum Air Flow per Zone Floor Area {m3/s-m2}
  ,                                       !- Heating Maximum Air Flow {m3/s}
  ,                                       !- Heating Maximum Air Flow Fraction
  No,                                     !- Account for Dedicated Outdoor Air System
  NeutralSupplyAir,                       !- Dedicated Outdoor Air System Control Strategy
  autosize,                               !- Dedicated Outdoor Air Low Setpoint Temperature for Design {C}
  autosize,                               !- Dedicated Outdoor Air High Setpoint Temperature for Design {C}
  Sensible Load Only No Latent Load,      !- Zone Load Sizing Method
  HumidityRatioDifference,                !- Zone Latent Cooling Design Supply Air Humidity Ratio Input Method
  ,                                       !- Zone Dehumidification Design Supply Air Humidity Ratio {kgWater/kgDryAir}
  0.005,                                  !- Zone Cooling Design Supply Air Humidity Ratio Difference {kgWater/kgDryAir}
  HumidityRatioDifference,                !- Zone Latent Heating Design Supply Air Humidity Ratio Input Method
  ,                                       !- Zone Humidification Design Supply Air Humidity Ratio {kgWater/kgDryAir}
  0.005,                                  !- Zone Humidification Design Supply Air Humidity Ratio Difference {kgWater/kgDryAir}
  ,                                       !- Zone Humidistat Dehumidification Set Point Schedule Name
  ,                                       !- Zone Humidistat Humidification Set Point Schedule Name
  ,                                       !- Design Zone Air Distribution Effectiveness in Cooling Mode
  ,                                       !- Design Zone Air Distribution Effectiveness in Heating Mode
  ,                                       !- Design Zone Secondary Recirculation Fraction {dimensionless}
  ,                                       !- Design Minimum Zone Ventilation Efficiency {dimensionless}
  Coincident;                             !- Sizing Option

OS:ZoneHVAC:EquipmentList,
  {f91e4a84-dae5-41eb-957d-4acd48b5d6a1}, !- Handle
  Zone HVAC Equipment List 1,             !- Name
  {7ecbd726-829a-4d0c-a99c-9d3f00702060}, !- Thermal Zone
  ;                                       !- Load Distribution Scheme

OS:Rendering:Color,
  {ac1c833d-0530-47b4-a337-8514a0944d30}, !- Handle
  Rendering Color 1,                      !- Name
  136,                                    !- Rendering Red Value
  34,                                     !- Rendering Green Value
  85,                                     !- Rendering Blue Value
  255;                                    !- Rendering Alpha Value

OS:BuildingStory,
  {c54b6040-0b68-4b8b-a053-2311a89c0eac}, !- Handle
  Story 1,                                !- Name
  0,                                      !- Nominal Z Coordinate {m}
  3,                                      !- Nominal Floor to Floor Height {m}
  ,                                       !- Default Construction Set Name
  ,                                       !- Default Schedule Set Name
  {068603f1-3f67-4b38-8d94-07444d256285}, !- Group Rendering Name
  3;                                      !- Nominal Floor to Ceiling Height {m}

OS:Rendering:Color,
  {068603f1-3f67-4b38-8d94-07444d256285}, !- Handle
  Rendering Color 2,                      !- Name
  51,                                     !- Rendering Red Value
  34,                                     !- Rendering Green Value
  136,                                    !- Rendering Blue Value
  255;                                    !- Rendering Alpha Value

OS:Space,
  {7cdc3079-84a7-4a76-b681-8f9ec3528da8}, !- Handle
  kuzeydogu_k1,                           !- Name
  {3c1828a9-074a-43cb-a83b-b662e4ecfaac}, !- Space Type Name
  ,                                       !- Default Construction Set Name
  ,                                       !- Default Schedule Set Name
  ,                                       !- Direction of Relative North {deg}
  ,                                       !- X Origin {m}
  ,                                       !- Y Origin {m}
  ,                                       !- Z Origin {m}
  {3883a775-7525-4043-8097-d08274a7aea0}, !- Building Story Name
  {6e57484e-25b4-487f-a484-7da9a9a66a88}, !- Thermal Zone Name
  ,                                       !- Part of Total Floor Area
  ,                                       !- Design Specification Outdoor Air Object Name
  ;                                       !- Building Unit Name

OS:ThermalZone,
  {6e57484e-25b4-487f-a484-7da9a9a66a88}, !- Handle
  TZ_KUZEYDOGU_K1,                        !- Name
  1,                                      !- Multiplier
  ,                                       !- Ceiling Height {m}
  ,                                       !- Volume {m3}
  ,                                       !- Floor Area {m2}
  ,                                       !- Zone Inside Convection Algorithm
  ,                                       !- Zone Outside Convection Algorithm
  ,                                       !- Zone Conditioning Equipment List Name
  {1f2bbbd4-4e34-4333-aa82-d0352144ad24}, !- Zone Air Inlet Port List
  {7f7a6aec-7332-4279-ab14-29254932e431}, !- Zone Air Exhaust Port List
  {2f870f1f-99f9-4ff8-a7ec-5736568f7bff}, !- Zone Air Node Name
  {56c6e9c9-c1b6-4292-8446-efce3abd7a08}, !- Zone Return Air Port List
  {97fef426-2be4-4b22-bfec-ee21e3d75bf9}, !- Primary Daylighting Control Name
  1,                                      !- Fraction of Zone Controlled by Primary Daylighting Control
  ,                                       !- Secondary Daylighting Control Name
  0,                                      !- Fraction of Zone Controlled by Secondary Daylighting Control
  ,                                       !- Illuminance Map Name
  {ad653c89-f17b-44d5-99bb-f7bfb1d8bcdf}, !- Group Rendering Name
  {eaa29c78-159f-4f13-82fa-44aedef3cd80}, !- Thermostat Name
  No;                                     !- Use Ideal Air Loads

OS:Node,
  {f5214a70-b28c-4873-87a0-c04b08a29cce}, !- Handle
  Node 2,                                 !- Name
  {2f870f1f-99f9-4ff8-a7ec-5736568f7bff}, !- Inlet Port
  ;                                       !- Outlet Port

OS:Connection,
  {2f870f1f-99f9-4ff8-a7ec-5736568f7bff}, !- Handle
  {6e57484e-25b4-487f-a484-7da9a9a66a88}, !- Source Object
  11,                                     !- Outlet Port
  {f5214a70-b28c-4873-87a0-c04b08a29cce}, !- Target Object
  2;                                      !- Inlet Port

OS:PortList,
  {1f2bbbd4-4e34-4333-aa82-d0352144ad24}, !- Handle
  {6e57484e-25b4-487f-a484-7da9a9a66a88}; !- HVAC Component

OS:PortList,
  {7f7a6aec-7332-4279-ab14-29254932e431}, !- Handle
  {6e57484e-25b4-487f-a484-7da9a9a66a88}; !- HVAC Component

OS:PortList,
  {56c6e9c9-c1b6-4292-8446-efce3abd7a08}, !- Handle
  {6e57484e-25b4-487f-a484-7da9a9a66a88}; !- HVAC Component

OS:Sizing:Zone,
  {f49353b4-0f8b-4ccf-8302-26034cb7a9f5}, !- Handle
  {6e57484e-25b4-487f-a484-7da9a9a66a88}, !- Zone or ZoneList Name
  SupplyAirTemperature,                   !- Zone Cooling Design Supply Air Temperature Input Method
  14,                                     !- Zone Cooling Design Supply Air Temperature {C}
  11.11,                                  !- Zone Cooling Design Supply Air Temperature Difference {deltaC}
  SupplyAirTemperature,                   !- Zone Heating Design Supply Air Temperature Input Method
  40,                                     !- Zone Heating Design Supply Air Temperature {C}
  11.11,                                  !- Zone Heating Design Supply Air Temperature Difference {deltaC}
  0.0085,                                 !- Zone Cooling Design Supply Air Humidity Ratio {kg-H2O/kg-air}
  0.008,                                  !- Zone Heating Design Supply Air Humidity Ratio {kg-H2O/kg-air}
  ,                                       !- Zone Heating Sizing Factor
  ,                                       !- Zone Cooling Sizing Factor
  DesignDay,                              !- Cooling Design Air Flow Method
  ,                                       !- Cooling Design Air Flow Rate {m3/s}
  ,                                       !- Cooling Minimum Air Flow per Zone Floor Area {m3/s-m2}
  ,                                       !- Cooling Minimum Air Flow {m3/s}
  ,                                       !- Cooling Minimum Air Flow Fraction
  DesignDay,                              !- Heating Design Air Flow Method
  ,                                       !- Heating Design Air Flow Rate {m3/s}
  ,                                       !- Heating Maximum Air Flow per Zone Floor Area {m3/s-m2}
  ,                                       !- Heating Maximum Air Flow {m3/s}
  ,                                       !- Heating Maximum Air Flow Fraction
  No,                                     !- Account for Dedicated Outdoor Air System
  NeutralSupplyAir,                       !- Dedicated Outdoor Air System Control Strategy
  autosize,                               !- Dedicated Outdoor Air Low Setpoint Temperature for Design {C}
  autosize,                               !- Dedicated Outdoor Air High Setpoint Temperature for Design {C}
  Sensible Load Only No Latent Load,      !- Zone Load Sizing Method
  HumidityRatioDifference,                !- Zone Latent Cooling Design Supply Air Humidity Ratio Input Method
  ,                                       !- Zone Dehumidification Design Supply Air Humidity Ratio {kgWater/kgDryAir}
  0.005,                                  !- Zone Cooling Design Supply Air Humidity Ratio Difference {kgWater/kgDryAir}
  HumidityRatioDifference,                !- Zone Latent Heating Design Supply Air Humidity Ratio Input Method
  ,                                       !- Zone Humidification Design Supply Air Humidity Ratio {kgWater/kgDryAir}
  0.005,                                  !- Zone Humidification Design Supply Air Humidity Ratio Difference {kgWater/kgDryAir}
  ,                                       !- Zone Humidistat Dehumidification Set Point Schedule Name
  ,                                       !- Zone Humidistat Humidification Set Point Schedule Name
  ,                                       !- Design Zone Air Distribution Effectiveness in Cooling Mode
  ,                                       !- Design Zone Air Distribution Effectiveness in Heating Mode
  ,                                       !- Design Zone Secondary Recirculation Fraction {dimensionless}
  ,                                       !- Design Minimum Zone Ventilation Efficiency {dimensionless}
  Coincident;                             !- Sizing Option

OS:ZoneHVAC:EquipmentList,
  {19caa8bd-4fa1-401c-9ba5-6a1d68f70fe4}, !- Handle
  Zone HVAC Equipment List 2,             !- Name
  {6e57484e-25b4-487f-a484-7da9a9a66a88}, !- Thermal Zone
  ;                                       !- Load Distribution Scheme

OS:Rendering:Color,
  {ad653c89-f17b-44d5-99bb-f7bfb1d8bcdf}, !- Handle
  Rendering Color 3,                      !- Name
  170,                                    !- Rendering Red Value
  68,                                     !- Rendering Green Value
  102,                                    !- Rendering Blue Value
  255;                                    !- Rendering Alpha Value

OS:BuildingStory,
  {3883a775-7525-4043-8097-d08274a7aea0}, !- Handle
  Story 2,                                !- Name
  3,                                      !- Nominal Z Coordinate {m}
  3,                                      !- Nominal Floor to Floor Height {m}
  ,                                       !- Default Construction Set Name
  ,                                       !- Default Schedule Set Name
  {6a1ccc29-9372-412b-8a97-dbde6f859e4e}, !- Group Rendering Name
  3;                                      !- Nominal Floor to Ceiling Height {m}

OS:Rendering:Color,
  {6a1ccc29-9372-412b-8a97-dbde6f859e4e}, !- Handle
  Rendering Color 4,                      !- Name
  17,                                     !- Rendering Red Value
  119,                                    !- Rendering Green Value
  51,                                     !- Rendering Blue Value
  255;                                    !- Rendering Alpha Value

OS:Space,
  {c68eee7a-4d10-42dc-bd28-8920685ddeef}, !- Handle
  guneydogu_k1,                           !- Name
  {3c1828a9-074a-43cb-a83b-b662e4ecfaac}, !- Space Type Name
  ,                                       !- Default Construction Set Name
  ,                                       !- Default Schedule Set Name
  ,                                       !- Direction of Relative North {deg}
  ,                                       !- X Origin {m}
  ,                                       !- Y Origin {m}
  ,                                       !- Z Origin {m}
  {3883a775-7525-4043-8097-d08274a7aea0}, !- Building Story Name
  {4b786a5c-4a54-4775-97ae-b13bd92de5bc}, !- Thermal Zone Name
  ,                                       !- Part of Total Floor Area
  ,                                       !- Design Specification Outdoor Air Object Name
  ;                                       !- Building Unit Name

OS:ThermalZone,
  {4b786a5c-4a54-4775-97ae-b13bd92de5bc}, !- Handle
  TZ_GUNEYDOGU_K1,                        !- Name
  1,                                      !- Multiplier
  ,                                       !- Ceiling Height {m}
  ,                                       !- Volume {m3}
  ,                                       !- Floor Area {m2}
  ,                                       !- Zone Inside Convection Algorithm
  ,                                       !- Zone Outside Convection Algorithm
  ,                                       !- Zone Conditioning Equipment List Name
  {119bf914-0911-4047-9f0f-9246c11abbb7}, !- Zone Air Inlet Port List
  {e22fa154-633f-41e7-a43a-b710bd82e38e}, !- Zone Air Exhaust Port List
  {3d453bd9-9f95-4da4-8250-3b93ccb55942}, !- Zone Air Node Name
  {6aabadde-4f74-45cf-975d-512cebeb945e}, !- Zone Return Air Port List
  {114a01b4-d788-4eb0-9f6e-53374e9b93d6}, !- Primary Daylighting Control Name
  1,                                      !- Fraction of Zone Controlled by Primary Daylighting Control
  ,                                       !- Secondary Daylighting Control Name
  ,                                       !- Fraction of Zone Controlled by Secondary Daylighting Control
  ,                                       !- Illuminance Map Name
  {547b1afa-7abd-405e-a19b-95b8a4807377}, !- Group Rendering Name
  {2122d420-1d44-4811-b101-bfceafec9b97}, !- Thermostat Name
  No;                                     !- Use Ideal Air Loads

OS:Node,
  {55b32417-d039-425f-88a4-1b22908d316e}, !- Handle
  Node 3,                                 !- Name
  {3d453bd9-9f95-4da4-8250-3b93ccb55942}, !- Inlet Port
  ;                                       !- Outlet Port

OS:Connection,
  {3d453bd9-9f95-4da4-8250-3b93ccb55942}, !- Handle
  {4b786a5c-4a54-4775-97ae-b13bd92de5bc}, !- Source Object
  11,                                     !- Outlet Port
  {55b32417-d039-425f-88a4-1b22908d316e}, !- Target Object
  2;                                      !- Inlet Port

OS:PortList,
  {119bf914-0911-4047-9f0f-9246c11abbb7}, !- Handle
  {4b786a5c-4a54-4775-97ae-b13bd92de5bc}; !- HVAC Component

OS:PortList,
  {e22fa154-633f-41e7-a43a-b710bd82e38e}, !- Handle
  {4b786a5c-4a54-4775-97ae-b13bd92de5bc}; !- HVAC Component

OS:PortList,
  {6aabadde-4f74-45cf-975d-512cebeb945e}, !- Handle
  {4b786a5c-4a54-4775-97ae-b13bd92de5bc}; !- HVAC Component

OS:Sizing:Zone,
  {70b103cc-60c5-4532-ba07-cfa11ed7f093}, !- Handle
  {4b786a5c-4a54-4775-97ae-b13bd92de5bc}, !- Zone or ZoneList Name
  SupplyAirTemperature,                   !- Zone Cooling Design Supply Air Temperature Input Method
  14,                                     !- Zone Cooling Design Supply Air Temperature {C}
  11.11,                                  !- Zone Cooling Design Supply Air Temperature Difference {deltaC}
  SupplyAirTemperature,                   !- Zone Heating Design Supply Air Temperature Input Method
  40,                                     !- Zone Heating Design Supply Air Temperature {C}
  11.11,                                  !- Zone Heating Design Supply Air Temperature Difference {deltaC}
  0.0085,                                 !- Zone Cooling Design Supply Air Humidity Ratio {kg-H2O/kg-air}
  0.008,                                  !- Zone Heating Design Supply Air Humidity Ratio {kg-H2O/kg-air}
  ,                                       !- Zone Heating Sizing Factor
  ,                                       !- Zone Cooling Sizing Factor
  DesignDay,                              !- Cooling Design Air Flow Method
  ,                                       !- Cooling Design Air Flow Rate {m3/s}
  ,                                       !- Cooling Minimum Air Flow per Zone Floor Area {m3/s-m2}
  ,                                       !- Cooling Minimum Air Flow {m3/s}
  ,                                       !- Cooling Minimum Air Flow Fraction
  DesignDay,                              !- Heating Design Air Flow Method
  ,                                       !- Heating Design Air Flow Rate {m3/s}
  ,                                       !- Heating Maximum Air Flow per Zone Floor Area {m3/s-m2}
  ,                                       !- Heating Maximum Air Flow {m3/s}
  ,                                       !- Heating Maximum Air Flow Fraction
  No,                                     !- Account for Dedicated Outdoor Air System
  NeutralSupplyAir,                       !- Dedicated Outdoor Air System Control Strategy
  autosize,                               !- Dedicated Outdoor Air Low Setpoint Temperature for Design {C}
  autosize,                               !- Dedicated Outdoor Air High Setpoint Temperature for Design {C}
  Sensible Load Only No Latent Load,      !- Zone Load Sizing Method
  HumidityRatioDifference,                !- Zone Latent Cooling Design Supply Air Humidity Ratio Input Method
  ,                                       !- Zone Dehumidification Design Supply Air Humidity Ratio {kgWater/kgDryAir}
  0.005,                                  !- Zone Cooling Design Supply Air Humidity Ratio Difference {kgWater/kgDryAir}
  HumidityRatioDifference,                !- Zone Latent Heating Design Supply Air Humidity Ratio Input Method
  ,                                       !- Zone Humidification Design Supply Air Humidity Ratio {kgWater/kgDryAir}
  0.005,                                  !- Zone Humidification Design Supply Air Humidity Ratio Difference {kgWater/kgDryAir}
  ,                                       !- Zone Humidistat Dehumidification Set Point Schedule Name
  ,                                       !- Zone Humidistat Humidification Set Point Schedule Name
  ,                                       !- Design Zone Air Distribution Effectiveness in Cooling Mode
  ,                                       !- Design Zone Air Distribution Effectiveness in Heating Mode
  ,                                       !- Design Zone Secondary Recirculation Fraction {dimensionless}
  ,                                       !- Design Minimum Zone Ventilation Efficiency {dimensionless}
  Coincident;                             !- Sizing Option

OS:ZoneHVAC:EquipmentList,
  {4bfb98b2-0488-44bc-a56a-816ea59ccc9e}, !- Handle
  Zone HVAC Equipment List 3,             !- Name
  {4b786a5c-4a54-4775-97ae-b13bd92de5bc}, !- Thermal Zone
  ;                                       !- Load Distribution Scheme

OS:Rendering:Color,
  {547b1afa-7abd-405e-a19b-95b8a4807377}, !- Handle
  Rendering Color 5,                      !- Name
  51,                                     !- Rendering Red Value
  34,                                     !- Rendering Green Value
  136,                                    !- Rendering Blue Value
  255;                                    !- Rendering Alpha Value

OS:Space,
  {4c52e717-7c93-48c2-bfd8-87d084726542}, !- Handle
  guneydogu,                              !- Name
  {501e32bd-ad3a-4cca-8626-19c223485646}, !- Space Type Name
  ,                                       !- Default Construction Set Name
  ,                                       !- Default Schedule Set Name
  ,                                       !- Direction of Relative North {deg}
  ,                                       !- X Origin {m}
  ,                                       !- Y Origin {m}
  ,                                       !- Z Origin {m}
  {c54b6040-0b68-4b8b-a053-2311a89c0eac}, !- Building Story Name
  {e4e0ae3d-1cd6-4c77-aaf8-75546b8d6104}, !- Thermal Zone Name
  ,                                       !- Part of Total Floor Area
  ,                                       !- Design Specification Outdoor Air Object Name
  ;                                       !- Building Unit Name

OS:ThermalZone,
  {e4e0ae3d-1cd6-4c77-aaf8-75546b8d6104}, !- Handle
  TZ_GUNEYDOGU,                           !- Name
  1,                                      !- Multiplier
  ,                                       !- Ceiling Height {m}
  ,                                       !- Volume {m3}
  ,                                       !- Floor Area {m2}
  ,                                       !- Zone Inside Convection Algorithm
  ,                                       !- Zone Outside Convection Algorithm
  ,                                       !- Zone Conditioning Equipment List Name
  {b690c36d-259b-45e7-a4b4-be190a9ff60f}, !- Zone Air Inlet Port List
  {4eda3418-245a-42c6-a400-c65517a4275b}, !- Zone Air Exhaust Port List
  {bfd92476-4001-450d-8fd8-ea5da98f261f}, !- Zone Air Node Name
  {4c511e23-6ac5-4fb1-ada1-c8b77d56ef67}, !- Zone Return Air Port List
  {592d885d-caa0-4f4e-b6d5-966d4894a82b}, !- Primary Daylighting Control Name
  1,                                      !- Fraction of Zone Controlled by Primary Daylighting Control
  ,                                       !- Secondary Daylighting Control Name
  ,                                       !- Fraction of Zone Controlled by Secondary Daylighting Control
  ,                                       !- Illuminance Map Name
  {ecfbae55-c36b-45ea-badb-9afc76297733}, !- Group Rendering Name
  {0b76bcbd-8543-4995-b856-f00f5bec8517}, !- Thermostat Name
  Yes;                                    !- Use Ideal Air Loads

OS:Node,
  {5b5d946c-16d7-42af-a2b4-ebb4e2484f59}, !- Handle
  Node 4,                                 !- Name
  {bfd92476-4001-450d-8fd8-ea5da98f261f}, !- Inlet Port
  ;                                       !- Outlet Port

OS:Connection,
  {bfd92476-4001-450d-8fd8-ea5da98f261f}, !- Handle
  {e4e0ae3d-1cd6-4c77-aaf8-75546b8d6104}, !- Source Object
  11,                                     !- Outlet Port
  {5b5d946c-16d7-42af-a2b4-ebb4e2484f59}, !- Target Object
  2;                                      !- Inlet Port

OS:PortList,
  {b690c36d-259b-45e7-a4b4-be190a9ff60f}, !- Handle
  {e4e0ae3d-1cd6-4c77-aaf8-75546b8d6104}; !- HVAC Component

OS:PortList,
  {4eda3418-245a-42c6-a400-c65517a4275b}, !- Handle
  {e4e0ae3d-1cd6-4c77-aaf8-75546b8d6104}; !- HVAC Component

OS:PortList,
  {4c511e23-6ac5-4fb1-ada1-c8b77d56ef67}, !- Handle
  {e4e0ae3d-1cd6-4c77-aaf8-75546b8d6104}; !- HVAC Component

OS:Sizing:Zone,
  {ca8e0658-44d3-4169-a660-80e769c295f9}, !- Handle
  {e4e0ae3d-1cd6-4c77-aaf8-75546b8d6104}, !- Zone or ZoneList Name
  SupplyAirTemperature,                   !- Zone Cooling Design Supply Air Temperature Input Method
  14,                                     !- Zone Cooling Design Supply Air Temperature {C}
  11.11,                                  !- Zone Cooling Design Supply Air Temperature Difference {deltaC}
  SupplyAirTemperature,                   !- Zone Heating Design Supply Air Temperature Input Method
  40,                                     !- Zone Heating Design Supply Air Temperature {C}
  11.11,                                  !- Zone Heating Design Supply Air Temperature Difference {deltaC}
  0.0085,                                 !- Zone Cooling Design Supply Air Humidity Ratio {kg-H2O/kg-air}
  0.008,                                  !- Zone Heating Design Supply Air Humidity Ratio {kg-H2O/kg-air}
  ,                                       !- Zone Heating Sizing Factor
  ,                                       !- Zone Cooling Sizing Factor
  DesignDay,                              !- Cooling Design Air Flow Method
  ,                                       !- Cooling Design Air Flow Rate {m3/s}
  ,                                       !- Cooling Minimum Air Flow per Zone Floor Area {m3/s-m2}
  ,                                       !- Cooling Minimum Air Flow {m3/s}
  ,                                       !- Cooling Minimum Air Flow Fraction
  DesignDay,                              !- Heating Design Air Flow Method
  ,                                       !- Heating Design Air Flow Rate {m3/s}
  ,                                       !- Heating Maximum Air Flow per Zone Floor Area {m3/s-m2}
  ,                                       !- Heating Maximum Air Flow {m3/s}
  ,                                       !- Heating Maximum Air Flow Fraction
  No,                                     !- Account for Dedicated Outdoor Air System
  NeutralSupplyAir,                       !- Dedicated Outdoor Air System Control Strategy
  autosize,                               !- Dedicated Outdoor Air Low Setpoint Temperature for Design {C}
  autosize,                               !- Dedicated Outdoor Air High Setpoint Temperature for Design {C}
  Sensible Load Only No Latent Load,      !- Zone Load Sizing Method
  HumidityRatioDifference,                !- Zone Latent Cooling Design Supply Air Humidity Ratio Input Method
  ,                                       !- Zone Dehumidification Design Supply Air Humidity Ratio {kgWater/kgDryAir}
  0.005,                                  !- Zone Cooling Design Supply Air Humidity Ratio Difference {kgWater/kgDryAir}
  HumidityRatioDifference,                !- Zone Latent Heating Design Supply Air Humidity Ratio Input Method
  ,                                       !- Zone Humidification Design Supply Air Humidity Ratio {kgWater/kgDryAir}
  0.005,                                  !- Zone Humidification Design Supply Air Humidity Ratio Difference {kgWater/kgDryAir}
  ,                                       !- Zone Humidistat Dehumidification Set Point Schedule Name
  ,                                       !- Zone Humidistat Humidification Set Point Schedule Name
  ,                                       !- Design Zone Air Distribution Effectiveness in Cooling Mode
  ,                                       !- Design Zone Air Distribution Effectiveness in Heating Mode
  ,                                       !- Design Zone Secondary Recirculation Fraction {dimensionless}
  ,                                       !- Design Minimum Zone Ventilation Efficiency {dimensionless}
  Coincident;                             !- Sizing Option

OS:ZoneHVAC:EquipmentList,
  {d3665a06-eb93-4016-b287-229b6640e709}, !- Handle
  Zone HVAC Equipment List 4,             !- Name
  {e4e0ae3d-1cd6-4c77-aaf8-75546b8d6104}, !- Thermal Zone
  ;                                       !- Load Distribution Scheme

OS:Rendering:Color,
  {ecfbae55-c36b-45ea-badb-9afc76297733}, !- Handle
  Rendering Color 6,                      !- Name
  68,                                     !- Rendering Red Value
  170,                                    !- Rendering Green Value
  153,                                    !- Rendering Blue Value
  255;                                    !- Rendering Alpha Value

OS:Space,
  {1d8249ec-3ace-49d5-ad14-634f9f22f242}, !- Handle
  batı,                                  !- Name
  {90bbaa1d-abda-4c9a-bb23-7bd03babb9f3}, !- Space Type Name
  {515575cc-fc49-43ec-941e-61815c9f9097}, !- Default Construction Set Name
  ,                                       !- Default Schedule Set Name
  ,                                       !- Direction of Relative North {deg}
  ,                                       !- X Origin {m}
  ,                                       !- Y Origin {m}
  ,                                       !- Z Origin {m}
  {c54b6040-0b68-4b8b-a053-2311a89c0eac}, !- Building Story Name
  {ea6c539e-168e-4996-85c9-a52184aaf00b}, !- Thermal Zone Name
  ,                                       !- Part of Total Floor Area
  ,                                       !- Design Specification Outdoor Air Object Name
  ;                                       !- Building Unit Name

OS:ThermalZone,
  {ea6c539e-168e-4996-85c9-a52184aaf00b}, !- Handle
  TZ_BATI,                                !- Name
  1,                                      !- Multiplier
  ,                                       !- Ceiling Height {m}
  ,                                       !- Volume {m3}
  ,                                       !- Floor Area {m2}
  ,                                       !- Zone Inside Convection Algorithm
  ,                                       !- Zone Outside Convection Algorithm
  ,                                       !- Zone Conditioning Equipment List Name
  {d286e04b-18b3-4e2e-b3ee-97128de4db42}, !- Zone Air Inlet Port List
  {be38e36c-e0a6-481e-b52e-2927d6490a1e}, !- Zone Air Exhaust Port List
  {b3ad1c91-377c-4636-b731-1c04740fbca4}, !- Zone Air Node Name
  {b3871f52-db55-4700-acda-d8fde7a41176}, !- Zone Return Air Port List
  {e87806c5-e624-4448-aff0-8f896d7ce0a9}, !- Primary Daylighting Control Name
  1,                                      !- Fraction of Zone Controlled by Primary Daylighting Control
  ,                                       !- Secondary Daylighting Control Name
  0,                                      !- Fraction of Zone Controlled by Secondary Daylighting Control
  ,                                       !- Illuminance Map Name
  {8696fd61-abef-4b35-89fa-f23d0831b71b}, !- Group Rendering Name
  {7120ca9a-cbdb-4c3e-9f12-b60df5468710}, !- Thermostat Name
  Yes;                                    !- Use Ideal Air Loads

OS:Node,
  {0bda2ce3-0b60-4f52-810e-82d4ed72f449}, !- Handle
  Node 5,                                 !- Name
  {b3ad1c91-377c-4636-b731-1c04740fbca4}, !- Inlet Port
  ;                                       !- Outlet Port

OS:Connection,
  {b3ad1c91-377c-4636-b731-1c04740fbca4}, !- Handle
  {ea6c539e-168e-4996-85c9-a52184aaf00b}, !- Source Object
  11,                                     !- Outlet Port
  {0bda2ce3-0b60-4f52-810e-82d4ed72f449}, !- Target Object
  2;                                      !- Inlet Port

OS:PortList,
  {d286e04b-18b3-4e2e-b3ee-97128de4db42}, !- Handle
  {ea6c539e-168e-4996-85c9-a52184aaf00b}; !- HVAC Component

OS:PortList,
  {be38e36c-e0a6-481e-b52e-2927d6490a1e}, !- Handle
  {ea6c539e-168e-4996-85c9-a52184aaf00b}; !- HVAC Component

OS:PortList,
  {b3871f52-db55-4700-acda-d8fde7a41176}, !- Handle
  {ea6c539e-168e-4996-85c9-a52184aaf00b}; !- HVAC Component

OS:Sizing:Zone,
  {08d953ed-1871-4f51-98ba-aeb52ed0c09a}, !- Handle
  {ea6c539e-168e-4996-85c9-a52184aaf00b}, !- Zone or ZoneList Name
  SupplyAirTemperature,                   !- Zone Cooling Design Supply Air Temperature Input Method
  14,                                     !- Zone Cooling Design Supply Air Temperature {C}
  11.11,                                  !- Zone Cooling Design Supply Air Temperature Difference {deltaC}
  SupplyAirTemperature,                   !- Zone Heating Design Supply Air Temperature Input Method
  40,                                     !- Zone Heating Design Supply Air Temperature {C}
  11.11,                                  !- Zone Heating Design Supply Air Temperature Difference {deltaC}
  0.0085,                                 !- Zone Cooling Design Supply Air Humidity Ratio {kg-H2O/kg-air}
  0.008,                                  !- Zone Heating Design Supply Air Humidity Ratio {kg-H2O/kg-air}
  ,                                       !- Zone Heating Sizing Factor
  ,                                       !- Zone Cooling Sizing Factor
  DesignDay,                              !- Cooling Design Air Flow Method
  ,                                       !- Cooling Design Air Flow Rate {m3/s}
  ,                                       !- Cooling Minimum Air Flow per Zone Floor Area {m3/s-m2}
  ,                                       !- Cooling Minimum Air Flow {m3/s}
  ,                                       !- Cooling Minimum Air Flow Fraction
  DesignDay,                              !- Heating Design Air Flow Method
  ,                                       !- Heating Design Air Flow Rate {m3/s}
  ,                                       !- Heating Maximum Air Flow per Zone Floor Area {m3/s-m2}
  ,                                       !- Heating Maximum Air Flow {m3/s}
  ,                                       !- Heating Maximum Air Flow Fraction
  No,                                     !- Account for Dedicated Outdoor Air System
  NeutralSupplyAir,                       !- Dedicated Outdoor Air System Control Strategy
  autosize,                               !- Dedicated Outdoor Air Low Setpoint Temperature for Design {C}
  autosize,                               !- Dedicated Outdoor Air High Setpoint Temperature for Design {C}
  Sensible Load Only No Latent Load,      !- Zone Load Sizing Method
  HumidityRatioDifference,                !- Zone Latent Cooling Design Supply Air Humidity Ratio Input Method
  ,                                       !- Zone Dehumidification Design Supply Air Humidity Ratio {kgWater/kgDryAir}
  0.005,                                  !- Zone Cooling Design Supply Air Humidity Ratio Difference {kgWater/kgDryAir}
  HumidityRatioDifference,                !- Zone Latent Heating Design Supply Air Humidity Ratio Input Method
  ,                                       !- Zone Humidification Design Supply Air Humidity Ratio {kgWater/kgDryAir}
  0.005,                                  !- Zone Humidification Design Supply Air Humidity Ratio Difference {kgWater/kgDryAir}
  ,                                       !- Zone Humidistat Dehumidification Set Point Schedule Name
  ,                                       !- Zone Humidistat Humidification Set Point Schedule Name
  ,                                       !- Design Zone Air Distribution Effectiveness in Cooling Mode
  ,                                       !- Design Zone Air Distribution Effectiveness in Heating Mode
  ,                                       !- Design Zone Secondary Recirculation Fraction {dimensionless}
  ,                                       !- Design Minimum Zone Ventilation Efficiency {dimensionless}
  Coincident;                             !- Sizing Option

OS:ZoneHVAC:EquipmentList,
  {55ebbb63-d44b-4092-8346-062a789c9490}, !- Handle
  Zone HVAC Equipment List 5,             !- Name
  {ea6c539e-168e-4996-85c9-a52184aaf00b}, !- Thermal Zone
  ;                                       !- Load Distribution Scheme

OS:Rendering:Color,
  {8696fd61-abef-4b35-89fa-f23d0831b71b}, !- Handle
  Rendering Color 7,                      !- Name
  204,                                    !- Rendering Red Value
  102,                                    !- Rendering Green Value
  119,                                    !- Rendering Blue Value
  255;                                    !- Rendering Alpha Value

OS:Space,
  {b02c06d7-4787-40c9-8140-f7f160e1f09a}, !- Handle
  kuzeybatı_k1,                          !- Name
  {3c1828a9-074a-43cb-a83b-b662e4ecfaac}, !- Space Type Name
  ,                                       !- Default Construction Set Name
  ,                                       !- Default Schedule Set Name
  ,                                       !- Direction of Relative North {deg}
  ,                                       !- X Origin {m}
  ,                                       !- Y Origin {m}
  ,                                       !- Z Origin {m}
  {3883a775-7525-4043-8097-d08274a7aea0}, !- Building Story Name
  {01a17436-6fc6-41de-b3df-f591ae1b1a81}, !- Thermal Zone Name
  ,                                       !- Part of Total Floor Area
  ,                                       !- Design Specification Outdoor Air Object Name
  ;                                       !- Building Unit Name

OS:ThermalZone,
  {01a17436-6fc6-41de-b3df-f591ae1b1a81}, !- Handle
  TZ_KUZEYBATI_K1,                        !- Name
  1,                                      !- Multiplier
  ,                                       !- Ceiling Height {m}
  ,                                       !- Volume {m3}
  ,                                       !- Floor Area {m2}
  ,                                       !- Zone Inside Convection Algorithm
  ,                                       !- Zone Outside Convection Algorithm
  ,                                       !- Zone Conditioning Equipment List Name
  {d5c983c7-c9ed-4231-a5ef-a9f320fc71a7}, !- Zone Air Inlet Port List
  {3c7a61ad-86fe-4409-9d86-1d3e2aa25e7b}, !- Zone Air Exhaust Port List
  {0655403b-d18c-41b6-b127-9f6c21112c69}, !- Zone Air Node Name
  {e3a1ef33-ffe0-44e6-b3f7-c30122c545fa}, !- Zone Return Air Port List
  ,                                       !- Primary Daylighting Control Name
  1,                                      !- Fraction of Zone Controlled by Primary Daylighting Control
  ,                                       !- Secondary Daylighting Control Name
  ,                                       !- Fraction of Zone Controlled by Secondary Daylighting Control
  ,                                       !- Illuminance Map Name
  {5c613cea-e4f3-4b46-8edb-1fd4e0215a3c}, !- Group Rendering Name
  {38200b6f-9b7f-4762-b939-69f7ed42e303}, !- Thermostat Name
  No;                                     !- Use Ideal Air Loads

OS:Node,
  {51c812b6-c174-4ac9-a995-f19919ec4888}, !- Handle
  Node 6,                                 !- Name
  {0655403b-d18c-41b6-b127-9f6c21112c69}, !- Inlet Port
  ;                                       !- Outlet Port

OS:Connection,
  {0655403b-d18c-41b6-b127-9f6c21112c69}, !- Handle
  {01a17436-6fc6-41de-b3df-f591ae1b1a81}, !- Source Object
  11,                                     !- Outlet Port
  {51c812b6-c174-4ac9-a995-f19919ec4888}, !- Target Object
  2;                                      !- Inlet Port

OS:PortList,
  {d5c983c7-c9ed-4231-a5ef-a9f320fc71a7}, !- Handle
  {01a17436-6fc6-41de-b3df-f591ae1b1a81}; !- HVAC Component

OS:PortList,
  {3c7a61ad-86fe-4409-9d86-1d3e2aa25e7b}, !- Handle
  {01a17436-6fc6-41de-b3df-f591ae1b1a81}; !- HVAC Component

OS:PortList,
  {e3a1ef33-ffe0-44e6-b3f7-c30122c545fa}, !- Handle
  {01a17436-6fc6-41de-b3df-f591ae1b1a81}; !- HVAC Component

OS:Sizing:Zone,
  {aa8afddd-bf44-47c8-9c70-79c7cedd296b}, !- Handle
  {01a17436-6fc6-41de-b3df-f591ae1b1a81}, !- Zone or ZoneList Name
  SupplyAirTemperature,                   !- Zone Cooling Design Supply Air Temperature Input Method
  14,                                     !- Zone Cooling Design Supply Air Temperature {C}
  11.11,                                  !- Zone Cooling Design Supply Air Temperature Difference {deltaC}
  SupplyAirTemperature,                   !- Zone Heating Design Supply Air Temperature Input Method
  40,                                     !- Zone Heating Design Supply Air Temperature {C}
  11.11,                                  !- Zone Heating Design Supply Air Temperature Difference {deltaC}
  0.0085,                                 !- Zone Cooling Design Supply Air Humidity Ratio {kg-H2O/kg-air}
  0.008,                                  !- Zone Heating Design Supply Air Humidity Ratio {kg-H2O/kg-air}
  ,                                       !- Zone Heating Sizing Factor
  ,                                       !- Zone Cooling Sizing Factor
  DesignDay,                              !- Cooling Design Air Flow Method
  ,                                       !- Cooling Design Air Flow Rate {m3/s}
  ,                                       !- Cooling Minimum Air Flow per Zone Floor Area {m3/s-m2}
  ,                                       !- Cooling Minimum Air Flow {m3/s}
  ,                                       !- Cooling Minimum Air Flow Fraction
  DesignDay,                              !- Heating Design Air Flow Method
  ,                                       !- Heating Design Air Flow Rate {m3/s}
  ,                                       !- Heating Maximum Air Flow per Zone Floor Area {m3/s-m2}
  ,                                       !- Heating Maximum Air Flow {m3/s}
  ,                                       !- Heating Maximum Air Flow Fraction
  No,                                     !- Account for Dedicated Outdoor Air System
  NeutralSupplyAir,                       !- Dedicated Outdoor Air System Control Strategy
  autosize,                               !- Dedicated Outdoor Air Low Setpoint Temperature for Design {C}
  autosize,                               !- Dedicated Outdoor Air High Setpoint Temperature for Design {C}
  Sensible Load Only No Latent Load,      !- Zone Load Sizing Method
  HumidityRatioDifference,                !- Zone Latent Cooling Design Supply Air Humidity Ratio Input Method
  ,                                       !- Zone Dehumidification Design Supply Air Humidity Ratio {kgWater/kgDryAir}
  0.005,                                  !- Zone Cooling Design Supply Air Humidity Ratio Difference {kgWater/kgDryAir}
  HumidityRatioDifference,                !- Zone Latent Heating Design Supply Air Humidity Ratio Input Method
  ,                                       !- Zone Humidification Design Supply Air Humidity Ratio {kgWater/kgDryAir}
  0.005,                                  !- Zone Humidification Design Supply Air Humidity Ratio Difference {kgWater/kgDryAir}
  ,                                       !- Zone Humidistat Dehumidification Set Point Schedule Name
  ,                                       !- Zone Humidistat Humidification Set Point Schedule Name
  ,                                       !- Design Zone Air Distribution Effectiveness in Cooling Mode
  ,                                       !- Design Zone Air Distribution Effectiveness in Heating Mode
  ,                                       !- Design Zone Secondary Recirculation Fraction {dimensionless}
  ,                                       !- Design Minimum Zone Ventilation Efficiency {dimensionless}
  Coincident;                             !- Sizing Option

OS:ZoneHVAC:EquipmentList,
  {2fd6a95b-4c99-447c-8df6-c7fe86c6206e}, !- Handle
  Zone HVAC Equipment List 6,             !- Name
  {01a17436-6fc6-41de-b3df-f591ae1b1a81}, !- Thermal Zone
  ;                                       !- Load Distribution Scheme

OS:Rendering:Color,
  {5c613cea-e4f3-4b46-8edb-1fd4e0215a3c}, !- Handle
  Rendering Color 8,                      !- Name
  102,                                    !- Rendering Red Value
  153,                                    !- Rendering Green Value
  204,                                    !- Rendering Blue Value
  255;                                    !- Rendering Alpha Value

OS:Space,
  {2e7c4290-f4dd-48c3-8462-262d1a1198f9}, !- Handle
  kuzey_k1,                               !- Name
  {501e32bd-ad3a-4cca-8626-19c223485646}, !- Space Type Name
  ,                                       !- Default Construction Set Name
  ,                                       !- Default Schedule Set Name
  ,                                       !- Direction of Relative North {deg}
  ,                                       !- X Origin {m}
  ,                                       !- Y Origin {m}
  ,                                       !- Z Origin {m}
  {3883a775-7525-4043-8097-d08274a7aea0}, !- Building Story Name
  {e64816dc-3b02-492c-87e8-3913f317b2cf}, !- Thermal Zone Name
  ,                                       !- Part of Total Floor Area
  ,                                       !- Design Specification Outdoor Air Object Name
  ;                                       !- Building Unit Name

OS:ThermalZone,
  {e64816dc-3b02-492c-87e8-3913f317b2cf}, !- Handle
  TZ_KUZEY_K1,                            !- Name
  1,                                      !- Multiplier
  ,                                       !- Ceiling Height {m}
  ,                                       !- Volume {m3}
  ,                                       !- Floor Area {m2}
  ,                                       !- Zone Inside Convection Algorithm
  ,                                       !- Zone Outside Convection Algorithm
  ,                                       !- Zone Conditioning Equipment List Name
  {09e3d463-cac6-4e91-a3a0-b6dbd7985561}, !- Zone Air Inlet Port List
  {9a9e3af1-f2a8-4419-a767-c22c13fefa9d}, !- Zone Air Exhaust Port List
  {e3527464-4812-4559-8e41-e95134444f97}, !- Zone Air Node Name
  {612f25e7-b944-42a8-bbd4-535e68b551dc}, !- Zone Return Air Port List
  ,                                       !- Primary Daylighting Control Name
  ,                                       !- Fraction of Zone Controlled by Primary Daylighting Control
  ,                                       !- Secondary Daylighting Control Name
  ,                                       !- Fraction of Zone Controlled by Secondary Daylighting Control
  ,                                       !- Illuminance Map Name
  {272602d1-6673-4970-803e-d969c393e07c}, !- Group Rendering Name
  ,                                       !- Thermostat Name
  Yes;                                    !- Use Ideal Air Loads

OS:Node,
  {1bbb9f4f-1d9a-4077-a4c6-4f9e14254d94}, !- Handle
  Node 7,                                 !- Name
  {e3527464-4812-4559-8e41-e95134444f97}, !- Inlet Port
  ;                                       !- Outlet Port

OS:Connection,
  {e3527464-4812-4559-8e41-e95134444f97}, !- Handle
  {e64816dc-3b02-492c-87e8-3913f317b2cf}, !- Source Object
  11,                                     !- Outlet Port
  {1bbb9f4f-1d9a-4077-a4c6-4f9e14254d94}, !- Target Object
  2;                                      !- Inlet Port

OS:PortList,
  {09e3d463-cac6-4e91-a3a0-b6dbd7985561}, !- Handle
  {e64816dc-3b02-492c-87e8-3913f317b2cf}; !- HVAC Component

OS:PortList,
  {9a9e3af1-f2a8-4419-a767-c22c13fefa9d}, !- Handle
  {e64816dc-3b02-492c-87e8-3913f317b2cf}; !- HVAC Component

OS:PortList,
  {612f25e7-b944-42a8-bbd4-535e68b551dc}, !- Handle
  {e64816dc-3b02-492c-87e8-3913f317b2cf}; !- HVAC Component

OS:Sizing:Zone,
  {d32350ec-b117-4fce-8542-99c359793d77}, !- Handle
  {e64816dc-3b02-492c-87e8-3913f317b2cf}, !- Zone or ZoneList Name
  SupplyAirTemperature,                   !- Zone Cooling Design Supply Air Temperature Input Method
  14,                                     !- Zone Cooling Design Supply Air Temperature {C}
  11.11,                                  !- Zone Cooling Design Supply Air Temperature Difference {deltaC}
  SupplyAirTemperature,                   !- Zone Heating Design Supply Air Temperature Input Method
  40,                                     !- Zone Heating Design Supply Air Temperature {C}
  11.11,                                  !- Zone Heating Design Supply Air Temperature Difference {deltaC}
  0.0085,                                 !- Zone Cooling Design Supply Air Humidity Ratio {kg-H2O/kg-air}
  0.008,                                  !- Zone Heating Design Supply Air Humidity Ratio {kg-H2O/kg-air}
  ,                                       !- Zone Heating Sizing Factor
  ,                                       !- Zone Cooling Sizing Factor
  DesignDay,                              !- Cooling Design Air Flow Method
  ,                                       !- Cooling Design Air Flow Rate {m3/s}
  ,                                       !- Cooling Minimum Air Flow per Zone Floor Area {m3/s-m2}
  ,                                       !- Cooling Minimum Air Flow {m3/s}
  ,                                       !- Cooling Minimum Air Flow Fraction
  DesignDay,                              !- Heating Design Air Flow Method
  ,                                       !- Heating Design Air Flow Rate {m3/s}
  ,                                       !- Heating Maximum Air Flow per Zone Floor Area {m3/s-m2}
  ,                                       !- Heating Maximum Air Flow {m3/s}
  ,                                       !- Heating Maximum Air Flow Fraction
  No,                                     !- Account for Dedicated Outdoor Air System
  NeutralSupplyAir,                       !- Dedicated Outdoor Air System Control Strategy
  autosize,                               !- Dedicated Outdoor Air Low Setpoint Temperature for Design {C}
  autosize,                               !- Dedicated Outdoor Air High Setpoint Temperature for Design {C}
  Sensible Load Only No Latent Load,      !- Zone Load Sizing Method
  HumidityRatioDifference,                !- Zone Latent Cooling Design Supply Air Humidity Ratio Input Method
  ,                                       !- Zone Dehumidification Design Supply Air Humidity Ratio {kgWater/kgDryAir}
  0.005,                                  !- Zone Cooling Design Supply Air Humidity Ratio Difference {kgWater/kgDryAir}
  HumidityRatioDifference,                !- Zone Latent Heating Design Supply Air Humidity Ratio Input Method
  ,                                       !- Zone Humidification Design Supply Air Humidity Ratio {kgWater/kgDryAir}
  0.005,                                  !- Zone Humidification Design Supply Air Humidity Ratio Difference {kgWater/kgDryAir}
  ,                                       !- Zone Humidistat Dehumidification Set Point Schedule Name
  ,                                       !- Zone Humidistat Humidification Set Point Schedule Name
  ,                                       !- Design Zone Air Distribution Effectiveness in Cooling Mode
  ,                                       !- Design Zone Air Distribution Effectiveness in Heating Mode
  ,                                       !- Design Zone Secondary Recirculation Fraction {dimensionless}
  ,                                       !- Design Minimum Zone Ventilation Efficiency {dimensionless}
  Coincident;                             !- Sizing Option

OS:ZoneHVAC:EquipmentList,
  {a4bf0690-d344-46e7-82ee-fbbb10a8fe85}, !- Handle
  Zone HVAC Equipment List 7,             !- Name
  {e64816dc-3b02-492c-87e8-3913f317b2cf}, !- Thermal Zone
  ;                                       !- Load Distribution Scheme

OS:Rendering:Color,
  {272602d1-6673-4970-803e-d969c393e07c}, !- Handle
  Rendering Color 9,                      !- Name
  102,                                    !- Rendering Red Value
  17,                                     !- Rendering Green Value
  0,                                      !- Rendering Blue Value
  255;                                    !- Rendering Alpha Value

OS:Space,
  {d2d308ee-b6a6-478b-b00c-72bcaaabb3fe}, !- Handle
  guneybatı_k1,                          !- Name
  {3c1828a9-074a-43cb-a83b-b662e4ecfaac}, !- Space Type Name
  ,                                       !- Default Construction Set Name
  ,                                       !- Default Schedule Set Name
  ,                                       !- Direction of Relative North {deg}
  ,                                       !- X Origin {m}
  ,                                       !- Y Origin {m}
  ,                                       !- Z Origin {m}
  {3883a775-7525-4043-8097-d08274a7aea0}, !- Building Story Name
  {4cb30a09-408c-4add-8076-a2406b3c8035}, !- Thermal Zone Name
  ,                                       !- Part of Total Floor Area
  ,                                       !- Design Specification Outdoor Air Object Name
  ;                                       !- Building Unit Name

OS:ThermalZone,
  {4cb30a09-408c-4add-8076-a2406b3c8035}, !- Handle
  TZ_GUNEYBATI_K1,                        !- Name
  1,                                      !- Multiplier
  ,                                       !- Ceiling Height {m}
  ,                                       !- Volume {m3}
  ,                                       !- Floor Area {m2}
  ,                                       !- Zone Inside Convection Algorithm
  ,                                       !- Zone Outside Convection Algorithm
  ,                                       !- Zone Conditioning Equipment List Name
  {8b1d91ce-ed35-4f5c-bff0-632b0674d380}, !- Zone Air Inlet Port List
  {bf8285cb-07c4-4fa1-abed-dda8c0713989}, !- Zone Air Exhaust Port List
  {f22cfd96-bde9-4ce0-828b-cdbf902d5cfb}, !- Zone Air Node Name
  {488266c8-4bd7-40b8-8a50-be5d8fa714c0}, !- Zone Return Air Port List
  {2f7f7b9a-9638-4b50-9cb4-5b6c8e59944c}, !- Primary Daylighting Control Name
  1,                                      !- Fraction of Zone Controlled by Primary Daylighting Control
  ,                                       !- Secondary Daylighting Control Name
  ,                                       !- Fraction of Zone Controlled by Secondary Daylighting Control
  ,                                       !- Illuminance Map Name
  {6401d241-2c13-4d5b-ab16-9332bb3eb899}, !- Group Rendering Name
  {33f26f48-c109-4d5a-a6e0-9beb9e2f4b5a}, !- Thermostat Name
  Yes;                                    !- Use Ideal Air Loads

OS:Node,
  {5be90633-5c15-470b-a5c8-ef3729fb03b8}, !- Handle
  Node 8,                                 !- Name
  {f22cfd96-bde9-4ce0-828b-cdbf902d5cfb}, !- Inlet Port
  ;                                       !- Outlet Port

OS:Connection,
  {f22cfd96-bde9-4ce0-828b-cdbf902d5cfb}, !- Handle
  {4cb30a09-408c-4add-8076-a2406b3c8035}, !- Source Object
  11,                                     !- Outlet Port
  {5be90633-5c15-470b-a5c8-ef3729fb03b8}, !- Target Object
  2;                                      !- Inlet Port

OS:PortList,
  {8b1d91ce-ed35-4f5c-bff0-632b0674d380}, !- Handle
  {4cb30a09-408c-4add-8076-a2406b3c8035}; !- HVAC Component

OS:PortList,
  {bf8285cb-07c4-4fa1-abed-dda8c0713989}, !- Handle
  {4cb30a09-408c-4add-8076-a2406b3c8035}; !- HVAC Component

OS:PortList,
  {488266c8-4bd7-40b8-8a50-be5d8fa714c0}, !- Handle
  {4cb30a09-408c-4add-8076-a2406b3c8035}; !- HVAC Component

OS:Sizing:Zone,
  {d48175ed-1299-4aa4-8ec9-cead756f7dbf}, !- Handle
  {4cb30a09-408c-4add-8076-a2406b3c8035}, !- Zone or ZoneList Name
  SupplyAirTemperature,                   !- Zone Cooling Design Supply Air Temperature Input Method
  14,                                     !- Zone Cooling Design Supply Air Temperature {C}
  11.11,                                  !- Zone Cooling Design Supply Air Temperature Difference {deltaC}
  SupplyAirTemperature,                   !- Zone Heating Design Supply Air Temperature Input Method
  40,                                     !- Zone Heating Design Supply Air Temperature {C}
  11.11,                                  !- Zone Heating Design Supply Air Temperature Difference {deltaC}
  0.0085,                                 !- Zone Cooling Design Supply Air Humidity Ratio {kg-H2O/kg-air}
  0.008,                                  !- Zone Heating Design Supply Air Humidity Ratio {kg-H2O/kg-air}
  ,                                       !- Zone Heating Sizing Factor
  ,                                       !- Zone Cooling Sizing Factor
  DesignDay,                              !- Cooling Design Air Flow Method
  ,                                       !- Cooling Design Air Flow Rate {m3/s}
  ,                                       !- Cooling Minimum Air Flow per Zone Floor Area {m3/s-m2}
  ,                                       !- Cooling Minimum Air Flow {m3/s}
  ,                                       !- Cooling Minimum Air Flow Fraction
  DesignDay,                              !- Heating Design Air Flow Method
  ,                                       !- Heating Design Air Flow Rate {m3/s}
  ,                                       !- Heating Maximum Air Flow per Zone Floor Area {m3/s-m2}
  ,                                       !- Heating Maximum Air Flow {m3/s}
  ,                                       !- Heating Maximum Air Flow Fraction
  No,                                     !- Account for Dedicated Outdoor Air System
  NeutralSupplyAir,                       !- Dedicated Outdoor Air System Control Strategy
  autosize,                               !- Dedicated Outdoor Air Low Setpoint Temperature for Design {C}
  autosize,                               !- Dedicated Outdoor Air High Setpoint Temperature for Design {C}
  Sensible Load Only No Latent Load,      !- Zone Load Sizing Method
  HumidityRatioDifference,                !- Zone Latent Cooling Design Supply Air Humidity Ratio Input Method
  ,                                       !- Zone Dehumidification Design Supply Air Humidity Ratio {kgWater/kgDryAir}
  0.005,                                  !- Zone Cooling Design Supply Air Humidity Ratio Difference {kgWater/kgDryAir}
  HumidityRatioDifference,                !- Zone Latent Heating Design Supply Air Humidity Ratio Input Method
  ,                                       !- Zone Humidification Design Supply Air Humidity Ratio {kgWater/kgDryAir}
  0.005,                                  !- Zone Humidification Design Supply Air Humidity Ratio Difference {kgWater/kgDryAir}
  ,                                       !- Zone Humidistat Dehumidification Set Point Schedule Name
  ,                                       !- Zone Humidistat Humidification Set Point Schedule Name
  ,                                       !- Design Zone Air Distribution Effectiveness in Cooling Mode
  ,                                       !- Design Zone Air Distribution Effectiveness in Heating Mode
  ,                                       !- Design Zone Secondary Recirculation Fraction {dimensionless}
  ,                                       !- Design Minimum Zone Ventilation Efficiency {dimensionless}
  Coincident;                             !- Sizing Option

OS:ZoneHVAC:EquipmentList,
  {80f1cea7-b3e3-4a5d-a5df-c5c1df56f0fb}, !- Handle
  Zone HVAC Equipment List 8,             !- Name
  {4cb30a09-408c-4add-8076-a2406b3c8035}, !- Thermal Zone
  ;                                       !- Load Distribution Scheme

OS:Rendering:Color,
  {6401d241-2c13-4d5b-ab16-9332bb3eb899}, !- Handle
  Rendering Color 10,                     !- Name
  170,                                    !- Rendering Red Value
  68,                                     !- Rendering Green Value
  153,                                    !- Rendering Blue Value
  255;                                    !- Rendering Alpha Value

OS:Space,
  {b6059baa-b6af-4d15-81d6-24b7a75cd0b4}, !- Handle
  guney_k1,                               !- Name
  {501e32bd-ad3a-4cca-8626-19c223485646}, !- Space Type Name
  ,                                       !- Default Construction Set Name
  ,                                       !- Default Schedule Set Name
  ,                                       !- Direction of Relative North {deg}
  ,                                       !- X Origin {m}
  ,                                       !- Y Origin {m}
  ,                                       !- Z Origin {m}
  {3883a775-7525-4043-8097-d08274a7aea0}, !- Building Story Name
  {580e0100-c798-41db-9f72-d451e29e24ef}, !- Thermal Zone Name
  ,                                       !- Part of Total Floor Area
  ,                                       !- Design Specification Outdoor Air Object Name
  ;                                       !- Building Unit Name

OS:ThermalZone,
  {580e0100-c798-41db-9f72-d451e29e24ef}, !- Handle
  TZ_GUNEY_K1,                            !- Name
  1,                                      !- Multiplier
  ,                                       !- Ceiling Height {m}
  ,                                       !- Volume {m3}
  ,                                       !- Floor Area {m2}
  ,                                       !- Zone Inside Convection Algorithm
  ,                                       !- Zone Outside Convection Algorithm
  ,                                       !- Zone Conditioning Equipment List Name
  {2f39f15f-6535-44e0-9e2b-9755ad942640}, !- Zone Air Inlet Port List
  {ef0b5a05-3df0-4904-a8dd-9cdd5ce25969}, !- Zone Air Exhaust Port List
  {f600ddc1-20ee-44e7-b2f8-ee9677e9683a}, !- Zone Air Node Name
  {a7e6c1ab-8351-4e22-a6da-4cf780f6cfb5}, !- Zone Return Air Port List
  ,                                       !- Primary Daylighting Control Name
  ,                                       !- Fraction of Zone Controlled by Primary Daylighting Control
  ,                                       !- Secondary Daylighting Control Name
  ,                                       !- Fraction of Zone Controlled by Secondary Daylighting Control
  ,                                       !- Illuminance Map Name
  {62459f0d-cdca-400e-8bd7-7fa8ec41849d}, !- Group Rendering Name
  {827d3cdc-572f-48e2-a4e3-7ee38fee3a3d}, !- Thermostat Name
  No;                                     !- Use Ideal Air Loads

OS:Node,
  {ca7271e0-4855-47a7-a070-ab89ec8b8cb1}, !- Handle
  Node 9,                                 !- Name
  {f600ddc1-20ee-44e7-b2f8-ee9677e9683a}, !- Inlet Port
  ;                                       !- Outlet Port

OS:Connection,
  {f600ddc1-20ee-44e7-b2f8-ee9677e9683a}, !- Handle
  {580e0100-c798-41db-9f72-d451e29e24ef}, !- Source Object
  11,                                     !- Outlet Port
  {ca7271e0-4855-47a7-a070-ab89ec8b8cb1}, !- Target Object
  2;                                      !- Inlet Port

OS:PortList,
  {2f39f15f-6535-44e0-9e2b-9755ad942640}, !- Handle
  {580e0100-c798-41db-9f72-d451e29e24ef}; !- HVAC Component

OS:PortList,
  {ef0b5a05-3df0-4904-a8dd-9cdd5ce25969}, !- Handle
  {580e0100-c798-41db-9f72-d451e29e24ef}; !- HVAC Component

OS:PortList,
  {a7e6c1ab-8351-4e22-a6da-4cf780f6cfb5}, !- Handle
  {580e0100-c798-41db-9f72-d451e29e24ef}; !- HVAC Component

OS:Sizing:Zone,
  {763fbffd-daba-4d5b-b401-ee3716b49d9e}, !- Handle
  {580e0100-c798-41db-9f72-d451e29e24ef}, !- Zone or ZoneList Name
  SupplyAirTemperature,                   !- Zone Cooling Design Supply Air Temperature Input Method
  14,                                     !- Zone Cooling Design Supply Air Temperature {C}
  11.11,                                  !- Zone Cooling Design Supply Air Temperature Difference {deltaC}
  SupplyAirTemperature,                   !- Zone Heating Design Supply Air Temperature Input Method
  40,                                     !- Zone Heating Design Supply Air Temperature {C}
  11.11,                                  !- Zone Heating Design Supply Air Temperature Difference {deltaC}
  0.0085,                                 !- Zone Cooling Design Supply Air Humidity Ratio {kg-H2O/kg-air}
  0.008,                                  !- Zone Heating Design Supply Air Humidity Ratio {kg-H2O/kg-air}
  ,                                       !- Zone Heating Sizing Factor
  ,                                       !- Zone Cooling Sizing Factor
  DesignDay,                              !- Cooling Design Air Flow Method
  ,                                       !- Cooling Design Air Flow Rate {m3/s}
  ,                                       !- Cooling Minimum Air Flow per Zone Floor Area {m3/s-m2}
  ,                                       !- Cooling Minimum Air Flow {m3/s}
  ,                                       !- Cooling Minimum Air Flow Fraction
  DesignDay,                              !- Heating Design Air Flow Method
  ,                                       !- Heating Design Air Flow Rate {m3/s}
  ,                                       !- Heating Maximum Air Flow per Zone Floor Area {m3/s-m2}
  ,                                       !- Heating Maximum Air Flow {m3/s}
  ,                                       !- Heating Maximum Air Flow Fraction
  No,                                     !- Account for Dedicated Outdoor Air System
  NeutralSupplyAir,                       !- Dedicated Outdoor Air System Control Strategy
  autosize,                               !- Dedicated Outdoor Air Low Setpoint Temperature for Design {C}
  autosize,                               !- Dedicated Outdoor Air High Setpoint Temperature for Design {C}
  Sensible Load Only No Latent Load,      !- Zone Load Sizing Method
  HumidityRatioDifference,                !- Zone Latent Cooling Design Supply Air Humidity Ratio Input Method
  ,                                       !- Zone Dehumidification Design Supply Air Humidity Ratio {kgWater/kgDryAir}
  0.005,                                  !- Zone Cooling Design Supply Air Humidity Ratio Difference {kgWater/kgDryAir}
  HumidityRatioDifference,                !- Zone Latent Heating Design Supply Air Humidity Ratio Input Method
  ,                                       !- Zone Humidification Design Supply Air Humidity Ratio {kgWater/kgDryAir}
  0.005,                                  !- Zone Humidification Design Supply Air Humidity Ratio Difference {kgWater/kgDryAir}
  ,                                       !- Zone Humidistat Dehumidification Set Point Schedule Name
  ,                                       !- Zone Humidistat Humidification Set Point Schedule Name
  ,                                       !- Design Zone Air Distribution Effectiveness in Cooling Mode
  ,                                       !- Design Zone Air Distribution Effectiveness in Heating Mode
  ,                                       !- Design Zone Secondary Recirculation Fraction {dimensionless}
  ,                                       !- Design Minimum Zone Ventilation Efficiency {dimensionless}
  Coincident;                             !- Sizing Option

OS:ZoneHVAC:EquipmentList,
  {5d76fa14-0d1d-4bd8-8ead-ab398fde6eff}, !- Handle
  Zone HVAC Equipment List 9,             !- Name
  {580e0100-c798-41db-9f72-d451e29e24ef}, !- Thermal Zone
  ;                                       !- Load Distribution Scheme

OS:Rendering:Color,
  {62459f0d-cdca-400e-8bd7-7fa8ec41849d}, !- Handle
  Rendering Color 11,                     !- Name
  136,                                    !- Rendering Red Value
  204,                                    !- Rendering Green Value
  238,                                    !- Rendering Blue Value
  255;                                    !- Rendering Alpha Value

OS:Material,
  {3a3cecbb-1bf2-417f-a611-154cfb6b443e}, !- Handle
  beton,                                  !- Name
  Rough,                                  !- Roughness
  0.2,                                    !- Thickness {m}
  1.75,                                   !- Conductivity {W/m-K}
  2200,                                   !- Density {kg/m3}
  1000,                                   !- Specific Heat {J/kg-K}
  ,                                       !- Thermal Absorptance
  0.5,                                    !- Solar Absorptance
  0.5;                                    !- Visible Absorptance

OS:StandardsInformation:Material,
  {1e59110c-d47f-45cf-ad7e-19accf820d75}, !- Handle
  {3a3cecbb-1bf2-417f-a611-154cfb6b443e}; !- Material Name

OS:Material,
  {74452b0a-de06-4f88-a3be-d09239a6e96b}, !- Handle
  siva(harc),                             !- Name
  Rough,                                  !- Roughness
  0.01,                                   !- Thickness {m}
  0.15,                                   !- Conductivity {W/m-K}
  2000,                                   !- Density {kg/m3}
  1000,                                   !- Specific Heat {J/kg-K}
  ,                                       !- Thermal Absorptance
  0.5,                                    !- Solar Absorptance
  0.5;                                    !- Visible Absorptance

OS:StandardsInformation:Material,
  {ff4a721b-8ce6-4144-ad6b-64b1b823c5fb}, !- Handle
  {74452b0a-de06-4f88-a3be-d09239a6e96b}; !- Material Name

OS:Material,
  {f0cfa5f1-2c78-4f76-84c9-c71d862b8505}, !- Handle
  ahsap,                                  !- Name
  MediumRough,                            !- Roughness
  0.05,                                   !- Thickness {m}
  0.15,                                   !- Conductivity {W/m-K}
  650,                                    !- Density {kg/m3}
  2300,                                   !- Specific Heat {J/kg-K}
  ,                                       !- Thermal Absorptance
  0.8,                                    !- Solar Absorptance
  0.8;                                    !- Visible Absorptance

OS:StandardsInformation:Material,
  {5b389abc-4020-4c0b-87ab-fa705b8f1080}, !- Handle
  {f0cfa5f1-2c78-4f76-84c9-c71d862b8505}; !- Material Name

OS:Material,
  {b26279bd-4baf-4b58-8411-0d5d1868ce57}, !- Handle
  Matal celik,                            !- Name
  Smooth,                                 !- Roughness
  0.04,                                   !- Thickness {m}
  55,                                     !- Conductivity {W/m-K}
  7800,                                   !- Density {kg/m3}
  460,                                    !- Specific Heat {J/kg-K}
  ,                                       !- Thermal Absorptance
  0.25,                                   !- Solar Absorptance
  0.25;                                   !- Visible Absorptance

OS:StandardsInformation:Material,
  {5610a3ac-7bd9-4a93-82e0-50a608ff114c}, !- Handle
  {b26279bd-4baf-4b58-8411-0d5d1868ce57}; !- Material Name

OS:Material,
  {3142be7d-01af-4578-bad6-7c40b0e1bf7a}, !- Handle
  tugla,                                  !- Name
  Rough,                                  !- Roughness
  0.19,                                   !- Thickness {m}
  0.5,                                    !- Conductivity {W/m-K}
  800,                                    !- Density {kg/m3}
  840;                                    !- Specific Heat {J/kg-K}

OS:StandardsInformation:Material,
  {39a7908c-df0e-4523-9dee-076e1d4b18e2}, !- Handle
  {3142be7d-01af-4578-bad6-7c40b0e1bf7a}; !- Material Name

OS:Material:NoMass,
  {daaa1101-9c63-452e-8b0a-6edc5496df64}, !- Handle
  izolasyon,                              !- Name
  MediumSmooth,                           !- Roughness
  1.5;                                    !- Thermal Resistance {m2-K/W}

OS:StandardsInformation:Material,
  {c022ddda-361c-4051-bc3c-00011e62caf1}, !- Handle
  {daaa1101-9c63-452e-8b0a-6edc5496df64}; !- Material Name

OS:WindowMaterial:Glazing,
  {19b6c127-18eb-4af5-81da-e08ebd8a1e2c}, !- Handle
  pencere cami,                           !- Name
  SpectralAverage,                        !- Optical Data Type
  ,                                       !- Window Glass Spectral Data Set Name
  0.006,                                  !- Thickness {m}
  0.7,                                    !- Solar Transmittance at Normal Incidence
  ,                                       !- Front Side Solar Reflectance at Normal Incidence
  ,                                       !- Back Side Solar Reflectance at Normal Incidence
  0.5,                                    !- Visible Transmittance at Normal Incidence
  ,                                       !- Front Side Visible Reflectance at Normal Incidence
  ,                                       !- Back Side Visible Reflectance at Normal Incidence
  ,                                       !- Infrared Transmittance at Normal Incidence
  ,                                       !- Front Side Infrared Hemispherical Emissivity
  ,                                       !- Back Side Infrared Hemispherical Emissivity
  ;                                       !- Conductivity {W/m-K}

OS:StandardsInformation:Material,
  {61f546e2-2d4b-4ddc-9a0e-561e6bd62e8b}, !- Handle
  {19b6c127-18eb-4af5-81da-e08ebd8a1e2c}; !- Material Name

OS:WindowMaterial:Gas,
  {b8ddff3d-c3b3-4e9f-b43e-91e10f90f896}, !- Handle
  cam arasi gaz,                          !- Name
  Air,                                    !- Gas Type
  0.001;                                  !- Thickness {m}

OS:StandardsInformation:Material,
  {ba1f24c6-3ab8-43cd-a844-91578f3ced5b}, !- Handle
  {b8ddff3d-c3b3-4e9f-b43e-91e10f90f896}; !- Material Name

OS:WindowMaterial:Glazing,
  {2ca4bfa6-941b-4565-816c-5493ef234d4c}, !- Handle
  pencere cami1,                          !- Name
  SpectralAverage,                        !- Optical Data Type
  ,                                       !- Window Glass Spectral Data Set Name
  0.004,                                  !- Thickness {m}
  ,                                       !- Solar Transmittance at Normal Incidence
  ,                                       !- Front Side Solar Reflectance at Normal Incidence
  ,                                       !- Back Side Solar Reflectance at Normal Incidence
  0.5,                                    !- Visible Transmittance at Normal Incidence
  ,                                       !- Front Side Visible Reflectance at Normal Incidence
  ,                                       !- Back Side Visible Reflectance at Normal Incidence
  ,                                       !- Infrared Transmittance at Normal Incidence
  ,                                       !- Front Side Infrared Hemispherical Emissivity
  ,                                       !- Back Side Infrared Hemispherical Emissivity
  ;                                       !- Conductivity {W/m-K}

OS:StandardsInformation:Material,
  {45464690-b95d-4213-94fc-59e9d49e13f6}, !- Handle
  {2ca4bfa6-941b-4565-816c-5493ef234d4c}; !- Material Name

OS:Construction,
  {31144866-581f-49f2-8975-183d47bfa77e}, !- Handle
  disduvar,                               !- Name
  {94d0e122-93a5-43cc-9c3d-8085c02ce12d}, !- Surface Rendering Name
  {74452b0a-de06-4f88-a3be-d09239a6e96b}, !- Layer 1
  {404c5a81-dcc7-4cac-b566-b1618821e3da}, !- Layer 2
  {90490844-a8aa-4185-9e99-78c302a23b68}, !- Layer 3
  {e0528d5c-d1a3-4043-a81a-975606f51867}, !- Layer 4
  {3a3cecbb-1bf2-417f-a611-154cfb6b443e}, !- Layer 5
  {74452b0a-de06-4f88-a3be-d09239a6e96b}, !- Layer 6
  {5c590502-11ff-4f79-b0f9-9924792a9c98}; !- Layer 7

OS:StandardsInformation:Construction,
  {305b7834-9d7b-46ac-a6e3-ebe5df174cb4}, !- Handle
  {31144866-581f-49f2-8975-183d47bfa77e}; !- Construction Name

OS:Construction,
  {ed09e365-64c0-4319-9156-0c2ecc1a20e6}, !- Handle
  icduvar,                                !- Name
  {c9c99a3c-eecd-4f26-911a-4118230cd264}, !- Surface Rendering Name
  {74452b0a-de06-4f88-a3be-d09239a6e96b}, !- Layer 1
  {3142be7d-01af-4578-bad6-7c40b0e1bf7a}, !- Layer 2
  {74452b0a-de06-4f88-a3be-d09239a6e96b}; !- Layer 3

OS:StandardsInformation:Construction,
  {463268f7-84cc-42f5-ba49-5abc602e5f68}, !- Handle
  {ed09e365-64c0-4319-9156-0c2ecc1a20e6}; !- Construction Name

OS:Construction,
  {e9435805-3e1f-4411-a0d2-6c7ed13afabd}, !- Handle
  zemin,                                  !- Name
  {639b85d9-f8f4-4b1f-aa99-1846be4b8ead}, !- Surface Rendering Name
  {3a3cecbb-1bf2-417f-a611-154cfb6b443e}; !- Layer 1

OS:StandardsInformation:Construction,
  {6db8ff27-fac2-49d9-a333-f14c66833b14}, !- Handle
  {e9435805-3e1f-4411-a0d2-6c7ed13afabd}; !- Construction Name

OS:Construction,
  {982fae6a-b87a-46c0-8456-e03fba6701c0}, !- Handle
  pencere1,                               !- Name
  {b5ccdfdf-7a7f-4f77-bc87-760078ce9f17}, !- Surface Rendering Name
  {2ca4bfa6-941b-4565-816c-5493ef234d4c}, !- Layer 1
  {b8ddff3d-c3b3-4e9f-b43e-91e10f90f896}, !- Layer 2
  {2ca4bfa6-941b-4565-816c-5493ef234d4c}; !- Layer 3

OS:StandardsInformation:Construction,
  {38c69ee2-129c-4c9e-bafd-0f884f5cfd70}, !- Handle
  {982fae6a-b87a-46c0-8456-e03fba6701c0}; !- Construction Name

OS:Construction,
  {60aff776-53e5-494d-8176-ab14700045df}, !- Handle
  pencere,                                !- Name
  {02d422de-ad89-4090-a816-73a2de749909}, !- Surface Rendering Name
  {19b6c127-18eb-4af5-81da-e08ebd8a1e2c}, !- Layer 1
  {b8ddff3d-c3b3-4e9f-b43e-91e10f90f896}, !- Layer 2
  {19b6c127-18eb-4af5-81da-e08ebd8a1e2c}; !- Layer 3

OS:StandardsInformation:Construction,
  {90a25130-4f08-4c5a-bd9d-451ff3321604}, !- Handle
  {60aff776-53e5-494d-8176-ab14700045df}; !- Construction Name

OS:Construction,
  {6f9585f8-6735-4aa0-81e6-e7238a173e37}, !- Handle
  cati,                                   !- Name
  {8d670a1f-6b2a-46a3-af54-7310246a26b9}, !- Surface Rendering Name
  {f0cfa5f1-2c78-4f76-84c9-c71d862b8505}, !- Layer 1
  {74452b0a-de06-4f88-a3be-d09239a6e96b}, !- Layer 2
  {3a3cecbb-1bf2-417f-a611-154cfb6b443e}; !- Layer 3

OS:StandardsInformation:Construction,
  {f99ffeec-58db-495f-afbc-020ad9eebd02}, !- Handle
  {6f9585f8-6735-4aa0-81e6-e7238a173e37}; !- Construction Name

OS:DefaultConstructionSet,
  {515575cc-fc49-43ec-941e-61815c9f9097}, !- Handle
  Default Construction Set 1,             !- Name
  {01657e0b-8fe2-4cee-9add-ffdd92b118ad}, !- Default Exterior Surface Constructions Name
  {bc86d997-7199-4115-95d3-cf87a05a2764}, !- Default Interior Surface Constructions Name
  {b2fbcca1-561a-4787-86c1-0c0d6802e4e3}, !- Default Ground Contact Surface Constructions Name
  {64582ec1-631f-4357-9b77-bae5f8c78a07}, !- Default Exterior SubSurface Constructions Name
  {d3a06f9c-4fdc-4a16-975f-db0b4dc937eb}, !- Default Interior SubSurface Constructions Name
  ,                                       !- Interior Partition Construction Name
  ,                                       !- Space Shading Construction Name
  ,                                       !- Building Shading Construction Name
  ,                                       !- Site Shading Construction Name
  ;                                       !- Adiabatic Surface Construction Name

OS:DefaultSurfaceConstructions,
  {01657e0b-8fe2-4cee-9add-ffdd92b118ad}, !- Handle
  Default Surface Constructions 1,        !- Name
  {e9435805-3e1f-4411-a0d2-6c7ed13afabd}, !- Floor Construction Name
  {31144866-581f-49f2-8975-183d47bfa77e}, !- Wall Construction Name
  {6f9585f8-6735-4aa0-81e6-e7238a173e37}; !- Roof Ceiling Construction Name

OS:DefaultSurfaceConstructions,
  {bc86d997-7199-4115-95d3-cf87a05a2764}, !- Handle
  Default Surface Constructions 2,        !- Name
  {e9435805-3e1f-4411-a0d2-6c7ed13afabd}, !- Floor Construction Name
  {ed09e365-64c0-4319-9156-0c2ecc1a20e6}, !- Wall Construction Name
  {75eeb10a-b303-4232-889f-5376316bafa6}; !- Roof Ceiling Construction Name

OS:DefaultSurfaceConstructions,
  {b2fbcca1-561a-4787-86c1-0c0d6802e4e3}, !- Handle
  Default Surface Constructions 3,        !- Name
  ,                                       !- Floor Construction Name
  ,                                       !- Wall Construction Name
  ;                                       !- Roof Ceiling Construction Name

OS:DefaultSubSurfaceConstructions,
  {64582ec1-631f-4357-9b77-bae5f8c78a07}, !- Handle
  Default Sub Surface Constructions 1,    !- Name
  ,                                       !- Fixed Window Construction Name
  {60aff776-53e5-494d-8176-ab14700045df}, !- Operable Window Construction Name
  {8d39a0fb-87ae-48f3-9d1d-152eebf52359}, !- Door Construction Name
  ,                                       !- Glass Door Construction Name
  ,                                       !- Overhead Door Construction Name
  ,                                       !- Skylight Construction Name
  ,                                       !- Tubular Daylight Dome Construction Name
  ;                                       !- Tubular Daylight Diffuser Construction Name

OS:DefaultSubSurfaceConstructions,
  {d3a06f9c-4fdc-4a16-975f-db0b4dc937eb}, !- Handle
  Default Sub Surface Constructions 2,    !- Name
  ,                                       !- Fixed Window Construction Name
  ,                                       !- Operable Window Construction Name
  {2aed7598-3b86-4c01-9805-f91e62ee4ee5}, !- Door Construction Name
  ,                                       !- Glass Door Construction Name
  ,                                       !- Overhead Door Construction Name
  ,                                       !- Skylight Construction Name
  ,                                       !- Tubular Daylight Dome Construction Name
  ;                                       !- Tubular Daylight Diffuser Construction Name

OS:Construction,
  {2aed7598-3b86-4c01-9805-f91e62ee4ee5}, !- Handle
  ickapi,                                 !- Name
  {4193747a-a760-47fe-9155-962af9879499}, !- Surface Rendering Name
  {f0cfa5f1-2c78-4f76-84c9-c71d862b8505}; !- Layer 1

OS:StandardsInformation:Construction,
  {3718484f-0ff5-4901-8652-6477c7b300b8}, !- Handle
  {2aed7598-3b86-4c01-9805-f91e62ee4ee5}; !- Construction Name

OS:Construction,
  {8d39a0fb-87ae-48f3-9d1d-152eebf52359}, !- Handle
  diskapi,                                !- Name
  {fcc0a80a-e692-4083-84d5-72422e0f67f5}, !- Surface Rendering Name
  {b26279bd-4baf-4b58-8411-0d5d1868ce57}; !- Layer 1

OS:StandardsInformation:Construction,
  {4c4e78bf-7b57-4248-a422-cf52b6f976c2}, !- Handle
  {8d39a0fb-87ae-48f3-9d1d-152eebf52359}; !- Construction Name

OS:People:Definition,
  {da60ceb7-7bfe-404a-b7e3-1d7011a88583}, !- Handle
  People Definition 1,                    !- Name
  People/Area,                            !- Number of People Calculation Method
  ,                                       !- Number of People {people}
  0.022,                                  !- People per Space Floor Area {person/m2}
  ,                                       !- Space Floor Area per Person {m2/person}
  0.3;                                    !- Fraction Radiant

OS:Lights:Definition,
  {5cc92493-0b05-40ca-94ae-c99cc37a0338}, !- Handle
  salon_LED,                              !- Name
  Watts/Area,                             !- Design Level Calculation Method
  ,                                       !- Lighting Level {W}
  5,                                      !- Watts per Space Floor Area {W/m2}
  ,                                       !- Watts per Person {W/person}
  0.72,                                   !- Fraction Radiant
  0.18;                                   !- Fraction Visible

OS:ElectricEquipment:Definition,
  {4dbdd820-d5e2-4900-b7f7-5434180a546a}, !- Handle
  ElectricEquipment_mutfak,               !- Name
  Watts/Area,                             !- Design Level Calculation Method
  ,                                       !- Design Level {W}
  13,                                     !- Watts per Space Floor Area {W/m2}
  ;                                       !- Watts per Person {W/person}

OS:SpaceType,
  {90bbaa1d-abda-4c9a-bb23-7bd03babb9f3}, !- Handle
  spacetype_salon,                        !- Name
  ,                                       !- Default Construction Set Name
  ,                                       !- Default Schedule Set Name
  {ecfa81b7-acc6-452a-b869-285e30ef085c}; !- Group Rendering Name

OS:Rendering:Color,
  {ecfa81b7-acc6-452a-b869-285e30ef085c}, !- Handle
  Rendering Color 12,                     !- Name
  51,                                     !- Rendering Red Value
  34,                                     !- Rendering Green Value
  136,                                    !- Rendering Blue Value
  255;                                    !- Rendering Alpha Value

OS:SpaceType,
  {501e32bd-ad3a-4cca-8626-19c223485646}, !- Handle
  spacetype_islakhacim,                   !- Name
  ,                                       !- Default Construction Set Name
  ,                                       !- Default Schedule Set Name
  {19ded442-7de1-4639-9262-430d092fdf61}; !- Group Rendering Name

OS:Rendering:Color,
  {19ded442-7de1-4639-9262-430d092fdf61}, !- Handle
  Rendering Color 13,                     !- Name
  164,                                    !- Rendering Red Value
  99,                                     !- Rendering Green Value
  191,                                    !- Rendering Blue Value
  255;                                    !- Rendering Alpha Value

OS:SpaceType,
  {3c1828a9-074a-43cb-a83b-b662e4ecfaac}, !- Handle
  spacetype_yatakodasi,                   !- Name
  ,                                       !- Default Construction Set Name
  ,                                       !- Default Schedule Set Name
  {0f3d91cb-1f56-43fa-95b7-556eef9abe37}; !- Group Rendering Name

OS:Rendering:Color,
  {0f3d91cb-1f56-43fa-95b7-556eef9abe37}, !- Handle
  Rendering Color 14,                     !- Name
  153,                                    !- Rendering Red Value
  153,                                    !- Rendering Green Value
  51,                                     !- Rendering Blue Value
  255;                                    !- Rendering Alpha Value

OS:SpaceType,
  {56c0fe9c-c716-41de-8687-5384b50f8a6f}, !- Handle
  Spacetype_mutfak,                       !- Name
  ,                                       !- Default Construction Set Name
  ,                                       !- Default Schedule Set Name
  {7f22a81f-520b-4829-afb5-01b612358395}; !- Group Rendering Name

OS:Rendering:Color,
  {7f22a81f-520b-4829-afb5-01b612358395}, !- Handle
  Rendering Color 15,                     !- Name
  136,                                    !- Rendering Red Value
  204,                                    !- Rendering Green Value
  238,                                    !- Rendering Blue Value
  255;                                    !- Rendering Alpha Value

OS:Rendering:Color,
  {94d0e122-93a5-43cc-9c3d-8085c02ce12d}, !- Handle
  Rendering Color 16,                     !- Name
  240,                                    !- Rendering Red Value
  240,                                    !- Rendering Green Value
  255;                                    !- Rendering Blue Value

OS:Rendering:Color,
  {c9c99a3c-eecd-4f26-911a-4118230cd264}, !- Handle
  Rendering Color 17,                     !- Name
  244,                                    !- Rendering Red Value
  96,                                     !- Rendering Green Value
  164;                                    !- Rendering Blue Value

OS:Rendering:Color,
  {639b85d9-f8f4-4b1f-aa99-1846be4b8ead}, !- Handle
  Rendering Color 18,                     !- Name
  255,                                    !- Rendering Red Value
  0,                                      !- Rendering Green Value
  165;                                    !- Rendering Blue Value

OS:Rendering:Color,
  {b5ccdfdf-7a7f-4f77-bc87-760078ce9f17}, !- Handle
  Rendering Color 19,                     !- Name
  72,                                     !- Rendering Red Value
  204,                                    !- Rendering Green Value
  209;                                    !- Rendering Blue Value

OS:Rendering:Color,
  {02d422de-ad89-4090-a816-73a2de749909}, !- Handle
  Rendering Color 20,                     !- Name
  233,                                    !- Rendering Red Value
  122,                                    !- Rendering Green Value
  150;                                    !- Rendering Blue Value

OS:Rendering:Color,
  {8d670a1f-6b2a-46a3-af54-7310246a26b9}, !- Handle
  Rendering Color 21,                     !- Name
  240,                                    !- Rendering Red Value
  140,                                    !- Rendering Green Value
  230;                                    !- Rendering Blue Value

OS:Rendering:Color,
  {4193747a-a760-47fe-9155-962af9879499}, !- Handle
  Rendering Color 22,                     !- Name
  0,                                      !- Rendering Red Value
  255,                                    !- Rendering Green Value
  255;                                    !- Rendering Blue Value

OS:Rendering:Color,
  {fcc0a80a-e692-4083-84d5-72422e0f67f5}, !- Handle
  Rendering Color 23,                     !- Name
  128,                                    !- Rendering Red Value
  128,                                    !- Rendering Green Value
  128;                                    !- Rendering Blue Value

OS:ElectricEquipment:Definition,
  {f51a96df-e0a8-4497-bc22-da6d9131d02b}, !- Handle
  ElectricEquipment_salon,                !- Name
  Watts/Area,                             !- Design Level Calculation Method
  ,                                       !- Design Level {W}
  6,                                      !- Watts per Space Floor Area {W/m2}
  ;                                       !- Watts per Person {W/person}

OS:ElectricEquipment:Definition,
  {09187bbd-6970-41bf-b087-f8d9f498506f}, !- Handle
  ElectricEquipment_islakhacim,           !- Name
  Watts/Area,                             !- Design Level Calculation Method
  ,                                       !- Design Level {W}
  1,                                      !- Watts per Space Floor Area {W/m2}
  ;                                       !- Watts per Person {W/person}

OS:ElectricEquipment:Definition,
  {cd21a22c-142d-4cb3-92e9-d7fed3bd7bb9}, !- Handle
  ElectricEquipment_yatakodasi,           !- Name
  Watts/Area,                             !- Design Level Calculation Method
  ,                                       !- Design Level {W}
  2,                                      !- Watts per Space Floor Area {W/m2}
  ;                                       !- Watts per Person {W/person}

OS:Lights:Definition,
  {340efc82-c241-4d5b-a5b0-4e5e8ba297c6}, !- Handle
  mutfak_LED,                             !- Name
  Watts/Area,                             !- Design Level Calculation Method
  ,                                       !- Lighting Level {W}
  6.5,                                    !- Watts per Space Floor Area {W/m2}
  ,                                       !- Watts per Person {W/person}
  0.72,                                   !- Fraction Radiant
  0.2;                                    !- Fraction Visible

OS:Lights:Definition,
  {de33ac80-9b25-474f-8b2d-9804a121d03f}, !- Handle
  yatakodasi_LED,                         !- Name
  Watts/Area,                             !- Design Level Calculation Method
  ,                                       !- Lighting Level {W}
  4,                                      !- Watts per Space Floor Area {W/m2}
  ,                                       !- Watts per Person {W/person}
  0.72,                                   !- Fraction Radiant
  0.18;                                   !- Fraction Visible

OS:Lights:Definition,
  {ee27158b-188d-4a7c-aefc-b3d598897bec}, !- Handle
  islakzemin_LED,                         !- Name
  Watts/Area,                             !- Design Level Calculation Method
  ,                                       !- Lighting Level {W}
  5,                                      !- Watts per Space Floor Area {W/m2}
  ,                                       !- Watts per Person {W/person}
  0.72,                                   !- Fraction Radiant
  0.2;                                    !- Fraction Visible

OS:ScheduleTypeLimits,
  {dcc942ad-d142-42be-a329-f5013aa895f2}, !- Handle
  Dimensionless,                          !- Name
  ,                                       !- Lower Limit Value
  ,                                       !- Upper Limit Value
  Continuous;                             !- Numeric Type

OS:ScheduleTypeLimits,
  {b9598510-0ed8-4488-91ff-4cd3e35aab8a}, !- Handle
  Dimensionless 1,                        !- Name
  -1,                                     !- Lower Limit Value
  1,                                      !- Upper Limit Value
  Continuous;                             !- Numeric Type

OS:ScheduleTypeLimits,
  {30ceadb7-a4e5-4abd-81b4-587b64e767a4}, !- Handle
  Integer,                                !- Name
  0,                                      !- Lower Limit Value
  ,                                       !- Upper Limit Value
  Discrete;                               !- Numeric Type

OS:ScheduleTypeLimits,
  {69f1ff79-6c6e-43d6-9319-a0642e68b318}, !- Handle
  Dimensionless 2,                        !- Name
  0,                                      !- Lower Limit Value
  ,                                       !- Upper Limit Value
  Continuous;                             !- Numeric Type

OS:ScheduleTypeLimits,
  {61815bce-a2db-411a-936e-2a60bc1d4c12}, !- Handle
  Fractional,                             !- Name
  0,                                      !- Lower Limit Value
  1,                                      !- Upper Limit Value
  Continuous;                             !- Numeric Type

OS:ScheduleTypeLimits,
  {b0664425-4481-45b4-975a-b2df9019a810}, !- Handle
  Integer 1,                              !- Name
  0,                                      !- Lower Limit Value
  4,                                      !- Upper Limit Value
  Discrete;                               !- Numeric Type

OS:ScheduleTypeLimits,
  {10e3ff60-ee71-46b7-93e2-d2c8ec48b77c}, !- Handle
  Dimensionless 3,                        !- Name
  0.1,                                    !- Lower Limit Value
  1000,                                   !- Upper Limit Value
  Continuous;                             !- Numeric Type

OS:ScheduleTypeLimits,
  {916898a1-9aad-4a8b-b388-1f2575ae32f9}, !- Handle
  ActivityLevel,                          !- Name
  0,                                      !- Lower Limit Value
  ,                                       !- Upper Limit Value
  Continuous,                             !- Numeric Type
  ActivityLevel;                          !- Unit Type

OS:ScheduleTypeLimits,
  {4d04dfa4-0572-4800-8a94-45187f392bea}, !- Handle
  OnOff,                                  !- Name
  0,                                      !- Lower Limit Value
  1,                                      !- Upper Limit Value
  Discrete,                               !- Numeric Type
  Availability;                           !- Unit Type

OS:ScheduleTypeLimits,
  {99114afc-e6b9-4eb5-8028-c1bcf5b9711e}, !- Handle
  Capacity,                               !- Name
  0,                                      !- Lower Limit Value
  ,                                       !- Upper Limit Value
  Continuous,                             !- Numeric Type
  Capacity;                               !- Unit Type

OS:ScheduleTypeLimits,
  {f2d27b6c-7d39-4f8e-8259-1784a3f5a374}, !- Handle
  ClothingInsulation,                     !- Name
  0,                                      !- Lower Limit Value
  ,                                       !- Upper Limit Value
  Continuous,                             !- Numeric Type
  ClothingInsulation;                     !- Unit Type

OS:ScheduleTypeLimits,
  {810f63fb-5a49-4d67-b36f-7a04e40c7a66}, !- Handle
  ControlMode,                            !- Name
  0,                                      !- Lower Limit Value
  1,                                      !- Upper Limit Value
  Discrete,                               !- Numeric Type
  ControlMode;                            !- Unit Type

OS:ScheduleTypeLimits,
  {85477efd-a95a-4c51-986d-f229173a5017}, !- Handle
  DeltaTemperature,                       !- Name
  ,                                       !- Lower Limit Value
  ,                                       !- Upper Limit Value
  Continuous,                             !- Numeric Type
  DeltaTemperature;                       !- Unit Type

OS:ScheduleTypeLimits,
  {63cf7ed9-187a-4cc5-a7a7-2152e83c90a8}, !- Handle
  Dimensionless 4,                        !- Name
  0,                                      !- Lower Limit Value
  1,                                      !- Upper Limit Value
  Continuous,                             !- Numeric Type
  Dimensionless;                          !- Unit Type

OS:ScheduleTypeLimits,
  {f6f33142-024c-493a-8f15-814c7b435384}, !- Handle
  LinearPowerDensity,                     !- Name
  0,                                      !- Lower Limit Value
  ,                                       !- Upper Limit Value
  Continuous,                             !- Numeric Type
  LinearPowerDensity;                     !- Unit Type

OS:ScheduleTypeLimits,
  {16eea5d9-e1a8-484e-bb2c-6725c4a0279f}, !- Handle
  MassFlowRate,                           !- Name
  ,                                       !- Lower Limit Value
  ,                                       !- Upper Limit Value
  Continuous,                             !- Numeric Type
  MassFlowRate;                           !- Unit Type

OS:ScheduleTypeLimits,
  {2067fc53-c319-49b4-a29d-1de7e581722a}, !- Handle
  Percent,                                !- Name
  0,                                      !- Lower Limit Value
  100,                                    !- Upper Limit Value
  Continuous,                             !- Numeric Type
  Percent;                                !- Unit Type

OS:ScheduleTypeLimits,
  {9a10f346-17b0-4a44-953a-d63aed238aa9}, !- Handle
  Pressure,                               !- Name
  ,                                       !- Lower Limit Value
  ,                                       !- Upper Limit Value
  Continuous,                             !- Numeric Type
  Pressure;                               !- Unit Type

OS:ScheduleTypeLimits,
  {bf5a7a84-780a-4fc5-9725-287ecead5fd0}, !- Handle
  RotationsPerMinute,                     !- Name
  ,                                       !- Lower Limit Value
  ,                                       !- Upper Limit Value
  Continuous,                             !- Numeric Type
  RotationsPerMinute;                     !- Unit Type

OS:ScheduleTypeLimits,
  {e101e8e7-6db9-4837-905b-7ec36a844445}, !- Handle
  Temperature,                            !- Name
  ,                                       !- Lower Limit Value
  ,                                       !- Upper Limit Value
  Continuous,                             !- Numeric Type
  Temperature;                            !- Unit Type

OS:ScheduleTypeLimits,
  {2e8b9b01-3b9e-4dac-a732-10cff29c40c6}, !- Handle
  Temperature 1,                          !- Name
  ,                                       !- Lower Limit Value
  0,                                      !- Upper Limit Value
  Continuous,                             !- Numeric Type
  Temperature;                            !- Unit Type

OS:ScheduleTypeLimits,
  {0525afa2-494f-42f7-86e2-e6e3423332f7}, !- Handle
  Temperature 2,                          !- Name
  0,                                      !- Lower Limit Value
  ,                                       !- Upper Limit Value
  Continuous,                             !- Numeric Type
  Temperature;                            !- Unit Type

OS:ScheduleTypeLimits,
  {0a9eae46-11bc-4783-9ac8-4d564cef443d}, !- Handle
  Temperature 3,                          !- Name
  0,                                      !- Lower Limit Value
  100,                                    !- Upper Limit Value
  Continuous,                             !- Numeric Type
  Temperature;                            !- Unit Type

OS:ScheduleTypeLimits,
  {3907015b-bf80-4005-b998-99b82f2cda64}, !- Handle
  Velocity,                               !- Name
  0,                                      !- Lower Limit Value
  ,                                       !- Upper Limit Value
  Continuous,                             !- Numeric Type
  Velocity;                               !- Unit Type

OS:ScheduleTypeLimits,
  {3580a9b0-7418-4919-ba42-a2f90e50d1ce}, !- Handle
  VolumetricFlowRate,                     !- Name
  0,                                      !- Lower Limit Value
  ,                                       !- Upper Limit Value
  Continuous,                             !- Numeric Type
  VolumetricFlowRate;                     !- Unit Type

OS:Schedule:Ruleset,
  {68dba402-f88d-4042-badc-4d8aceacdb43}, !- Handle
  aydınlatma_salon,                      !- Name
  {61815bce-a2db-411a-936e-2a60bc1d4c12}, !- Schedule Type Limits Name
  {1541c6b8-67ca-4751-9f43-735310c32108}; !- Default Day Schedule Name

OS:Schedule:Day,
  {1541c6b8-67ca-4751-9f43-735310c32108}, !- Handle
  Schedule Day 1,                         !- Name
  {61815bce-a2db-411a-936e-2a60bc1d4c12}, !- Schedule Type Limits Name
  ,                                       !- Interpolate to Timestep
  7,                                      !- Hour 1
  0,                                      !- Minute 1
  0.0514505291005291,                     !- Value Until Time 1
  9,                                      !- Hour 2
  0,                                      !- Minute 2
  0.702864021164021,                      !- Value Until Time 2
  17,                                     !- Hour 3
  0,                                      !- Minute 3
  0.100020833333333,                      !- Value Until Time 3
  23,                                     !- Hour 4
  0,                                      !- Minute 4
  0.900002314814815,                      !- Value Until Time 4
  24,                                     !- Hour 5
  0,                                      !- Minute 5
  0.300016203703704;                      !- Value Until Time 5

OS:Schedule:Ruleset,
  {2cd03205-8eb6-46f7-89e2-0d6302f26819}, !- Handle
  ekipman_mutfak,                         !- Name
  {61815bce-a2db-411a-936e-2a60bc1d4c12}, !- Schedule Type Limits Name
  {9644390e-d82c-40e4-b301-22896f0a75c4}; !- Default Day Schedule Name

OS:Schedule:Day,
  {9644390e-d82c-40e4-b301-22896f0a75c4}, !- Handle
  Schedule Day 2,                         !- Name
  {61815bce-a2db-411a-936e-2a60bc1d4c12}, !- Schedule Type Limits Name
  ,                                       !- Interpolate to Timestep
  7,                                      !- Hour 1
  0,                                      !- Minute 1
  0.300016203703704,                      !- Value Until Time 1
  9,                                      !- Hour 2
  0,                                      !- Minute 2
  0.80000462962963,                       !- Value Until Time 2
  18,                                     !- Hour 3
  0,                                      !- Minute 3
  0.400013888888889,                      !- Value Until Time 3
  20,                                     !- Hour 4
  0,                                      !- Minute 4
  1,                                      !- Value Until Time 4
  24,                                     !- Hour 5
  0,                                      !- Minute 5
  0.500011574074074;                      !- Value Until Time 5

OS:Schedule:Ruleset,
  {ee86b52f-cb20-4ced-8a86-57e7be4f2076}, !- Handle
  aydınlatma_mutfak,                     !- Name
  {61815bce-a2db-411a-936e-2a60bc1d4c12}, !- Schedule Type Limits Name
  {69d3d43a-2bdf-4b5c-96dc-8f353cce620a}; !- Default Day Schedule Name

OS:Schedule:Day,
  {69d3d43a-2bdf-4b5c-96dc-8f353cce620a}, !- Handle
  Schedule Day 3,                         !- Name
  {61815bce-a2db-411a-936e-2a60bc1d4c12}, !- Schedule Type Limits Name
  ,                                       !- Interpolate to Timestep
  7,                                      !- Hour 1
  0,                                      !- Minute 1
  0,                                      !- Value Until Time 1
  9,                                      !- Hour 2
  0,                                      !- Minute 2
  0.702864021164021,                      !- Value Until Time 2
  17,                                     !- Hour 3
  0,                                      !- Minute 3
  0,                                      !- Value Until Time 3
  18,                                     !- Hour 4
  15,                                     !- Minute 4
  0.900002314814815,                      !- Value Until Time 4
  24,                                     !- Hour 5
  0,                                      !- Minute 5
  0.108592063492064;                      !- Value Until Time 5

OS:Schedule:Ruleset,
  {7ac86ef1-6e6a-4747-aa6a-1b623ce3cba0}, !- Handle
  aydınlatma_LED,                        !- Name
  {61815bce-a2db-411a-936e-2a60bc1d4c12}, !- Schedule Type Limits Name
  {b4e64805-4b82-40b8-8e38-d5b4c541b7da}; !- Default Day Schedule Name

OS:Schedule:Day,
  {b4e64805-4b82-40b8-8e38-d5b4c541b7da}, !- Handle
  Schedule Day 4,                         !- Name
  {61815bce-a2db-411a-936e-2a60bc1d4c12}, !- Schedule Type Limits Name
  ,                                       !- Interpolate to Timestep
  7,                                      !- Hour 1
  0,                                      !- Minute 1
  0.0514505291005291,                     !- Value Until Time 1
  9,                                      !- Hour 2
  0,                                      !- Minute 2
  0.702864021164021,                      !- Value Until Time 2
  17,                                     !- Hour 3
  0,                                      !- Minute 3
  0.100020833333333,                      !- Value Until Time 3
  23,                                     !- Hour 4
  0,                                      !- Minute 4
  0.900002314814815,                      !- Value Until Time 4
  24,                                     !- Hour 5
  0,                                      !- Minute 5
  0.300016203703704;                      !- Value Until Time 5

OS:Schedule:Ruleset,
  {ad5319a1-7354-46c1-a94d-bf121e86b33a}, !- Handle
  aydınlatma_yatakodasi,                 !- Name
  {61815bce-a2db-411a-936e-2a60bc1d4c12}, !- Schedule Type Limits Name
  {8df2518f-08e8-4a90-877b-5e3ede0d8629}; !- Default Day Schedule Name

OS:Schedule:Day,
  {8df2518f-08e8-4a90-877b-5e3ede0d8629}, !- Handle
  Schedule Day 5,                         !- Name
  {61815bce-a2db-411a-936e-2a60bc1d4c12}, !- Schedule Type Limits Name
  ,                                       !- Interpolate to Timestep
  7,                                      !- Hour 1
  0,                                      !- Minute 1
  0.0171656084656085,                     !- Value Until Time 1
  9,                                      !- Hour 2
  0,                                      !- Minute 2
  0.702864021164021,                      !- Value Until Time 2
  19,                                     !- Hour 3
  0,                                      !- Minute 3
  0.00288022486772493,                    !- Value Until Time 3
  23,                                     !- Hour 4
  0,                                      !- Minute 4
  0.705721097883598,                      !- Value Until Time 4
  24,                                     !- Hour 5
  0,                                      !- Minute 5
  0;                                      !- Value Until Time 5

OS:Schedule:Ruleset,
  {e14e95c1-772c-4993-bcea-8e41d995b2c2}, !- Handle
  ekipman_salon,                          !- Name
  {61815bce-a2db-411a-936e-2a60bc1d4c12}, !- Schedule Type Limits Name
  {738de0f7-38c1-4279-9ca6-867ff77a5d97}; !- Default Day Schedule Name

OS:Schedule:Day,
  {738de0f7-38c1-4279-9ca6-867ff77a5d97}, !- Handle
  Schedule Day 6,                         !- Name
  {61815bce-a2db-411a-936e-2a60bc1d4c12}, !- Schedule Type Limits Name
  ,                                       !- Interpolate to Timestep
  8,                                      !- Hour 1
  0,                                      !- Minute 1
  0.100020833333333,                      !- Value Until Time 1
  17,                                     !- Hour 2
  0,                                      !- Minute 2
  0.200018518518519,                      !- Value Until Time 2
  23,                                     !- Hour 3
  0,                                      !- Minute 3
  0.900002314814815,                      !- Value Until Time 3
  24,                                     !- Hour 4
  0,                                      !- Minute 4
  0.300016203703704;                      !- Value Until Time 4

OS:Schedule:Ruleset,
  {6d237235-60bf-4523-91bc-1c559f3e7ac4}, !- Handle
  ekipman_yatakodasi,                     !- Name
  {61815bce-a2db-411a-936e-2a60bc1d4c12}, !- Schedule Type Limits Name
  {85e4142a-a353-4ea6-b1b5-7127f7ac05fe}; !- Default Day Schedule Name

OS:Schedule:Day,
  {85e4142a-a353-4ea6-b1b5-7127f7ac05fe}, !- Handle
  Schedule Day 7,                         !- Name
  {61815bce-a2db-411a-936e-2a60bc1d4c12}, !- Schedule Type Limits Name
  ,                                       !- Interpolate to Timestep
  7,                                      !- Hour 1
  0,                                      !- Minute 1
  0.300016203703704,                      !- Value Until Time 1
  21,                                     !- Hour 2
  0,                                      !- Minute 2
  0.100020833333333,                      !- Value Until Time 2
  24,                                     !- Hour 3
  0,                                      !- Minute 3
  0.500011574074074;                      !- Value Until Time 3

OS:Schedule:Ruleset,
  {e6b60713-4c4e-4f06-820c-1696e9542433}, !- Handle
  doluluk_yasamalani(mutfak-salon),       !- Name
  {61815bce-a2db-411a-936e-2a60bc1d4c12}, !- Schedule Type Limits Name
  {e0502dcf-cd36-4622-b50d-349f436b6a50}; !- Default Day Schedule Name

OS:Schedule:Day,
  {e0502dcf-cd36-4622-b50d-349f436b6a50}, !- Handle
  Schedule Day 8,                         !- Name
  {61815bce-a2db-411a-936e-2a60bc1d4c12}, !- Schedule Type Limits Name
  ,                                       !- Interpolate to Timestep
  7,                                      !- Hour 1
  0,                                      !- Minute 1
  0,                                      !- Value Until Time 1
  9,                                      !- Hour 2
  0,                                      !- Minute 2
  1,                                      !- Value Until Time 2
  18,                                     !- Hour 3
  0,                                      !- Minute 3
  0.100020833333333,                      !- Value Until Time 3
  23,                                     !- Hour 4
  0,                                      !- Minute 4
  1,                                      !- Value Until Time 4
  24,                                     !- Hour 5
  0,                                      !- Minute 5
  0.200018518518519;                      !- Value Until Time 5

OS:Schedule:Ruleset,
  {0d70d1d3-26ce-4084-842b-f8bc92e65f0e}, !- Handle
  doluluk_yatakodasi,                     !- Name
  {61815bce-a2db-411a-936e-2a60bc1d4c12}, !- Schedule Type Limits Name
  {9a94034c-d032-474e-b419-9372b7e68011}; !- Default Day Schedule Name

OS:Schedule:Day,
  {9a94034c-d032-474e-b419-9372b7e68011}, !- Handle
  Schedule Day 9,                         !- Name
  {61815bce-a2db-411a-936e-2a60bc1d4c12}, !- Schedule Type Limits Name
  ,                                       !- Interpolate to Timestep
  7,                                      !- Hour 1
  0,                                      !- Minute 1
  1,                                      !- Value Until Time 1
  9,                                      !- Hour 2
  0,                                      !- Minute 2
  0.500011574074074,                      !- Value Until Time 2
  21,                                     !- Hour 3
  0,                                      !- Minute 3
  0,                                      !- Value Until Time 3
  23,                                     !- Hour 4
  0,                                      !- Minute 4
  0.500011574074074,                      !- Value Until Time 4
  24,                                     !- Hour 5
  0,                                      !- Minute 5
  1;                                      !- Value Until Time 5

OS:Schedule:Ruleset,
  {d2e30cef-2f7c-4726-80c3-6812a2cd0aec}, !- Handle
  doluluk_islakhacim,                     !- Name
  {61815bce-a2db-411a-936e-2a60bc1d4c12}, !- Schedule Type Limits Name
  {6cf4e986-4297-45a5-b078-9fc1ec78bef8}; !- Default Day Schedule Name

OS:Schedule:Day,
  {6cf4e986-4297-45a5-b078-9fc1ec78bef8}, !- Handle
  Schedule Day 10,                        !- Name
  {61815bce-a2db-411a-936e-2a60bc1d4c12}, !- Schedule Type Limits Name
  ,                                       !- Interpolate to Timestep
  7,                                      !- Hour 1
  0,                                      !- Minute 1
  0,                                      !- Value Until Time 1
  9,                                      !- Hour 2
  0,                                      !- Minute 2
  0.500011574074074,                      !- Value Until Time 2
  18,                                     !- Hour 3
  0,                                      !- Minute 3
  0,                                      !- Value Until Time 3
  22,                                     !- Hour 4
  0,                                      !- Minute 4
  0.300016203703704,                      !- Value Until Time 4
  24,                                     !- Hour 5
  0,                                      !- Minute 5
  0.00288022486772493;                    !- Value Until Time 5

OS:Schedule:Ruleset,
  {6ce8ebd5-e1f5-471a-b403-3d21451e10a0}, !- Handle
  aktivite_mutfak,                        !- Name
  {916898a1-9aad-4a8b-b388-1f2575ae32f9}, !- Schedule Type Limits Name
  {e2f698af-b180-44c2-8eb6-eddc30467a3a}; !- Default Day Schedule Name

OS:Schedule:Day,
  {e2f698af-b180-44c2-8eb6-eddc30467a3a}, !- Handle
  Schedule Day 11,                        !- Name
  {916898a1-9aad-4a8b-b388-1f2575ae32f9}, !- Schedule Type Limits Name
  ,                                       !- Interpolate to Timestep
  7,                                      !- Hour 1
  0,                                      !- Minute 1
  70.5795768009973,                       !- Value Until Time 1
  9,                                      !- Hour 2
  0,                                      !- Minute 2
  120.72,                                 !- Value Until Time 2
  21,                                     !- Hour 3
  0,                                      !- Minute 3
  100.14956996964,                        !- Value Until Time 3
  24,                                     !- Hour 4
  0,                                      !- Minute 4
  80.8647918161775;                       !- Value Until Time 4

OS:Schedule:Ruleset,
  {52f536aa-b377-4356-a0f9-447ef970fc1c}, !- Handle
  aktivite_salon,                         !- Name
  {916898a1-9aad-4a8b-b388-1f2575ae32f9}, !- Schedule Type Limits Name
  {dbaa0912-afaf-4467-a9ff-8a634d1637d4}; !- Default Day Schedule Name

OS:Schedule:Day,
  {dbaa0912-afaf-4467-a9ff-8a634d1637d4}, !- Handle
  Schedule Day 12,                        !- Name
  {916898a1-9aad-4a8b-b388-1f2575ae32f9}, !- Schedule Type Limits Name
  ,                                       !- Interpolate to Timestep
  7,                                      !- Hour 1
  45,                                     !- Minute 1
  70.5795768009973,                       !- Value Until Time 1
  18,                                     !- Hour 2
  0,                                      !- Minute 2
  100.370528206349,                       !- Value Until Time 2
  23,                                     !- Hour 3
  0,                                      !- Minute 3
  150.008101851852,                       !- Value Until Time 3
  24,                                     !- Hour 4
  0,                                      !- Minute 4
  100.009259259259;                       !- Value Until Time 4

OS:OtherEquipment:Definition,
  {915040ca-a900-4cba-b838-de2e1c7a5f7a}, !- Handle
  Other Equipment Definition 1,           !- Name
  EquipmentLevel,                         !- Design Level Calculation Method
  0,                                      !- Design Level {W}
  ,                                       !- Watts per Space Floor Area {W/m2}
  ;                                       !- Watts per Person {W/Person}

OS:ThermostatSetpoint:DualSetpoint,
  {7120ca9a-cbdb-4c3e-9f12-b60df5468710}, !- Handle
  Thermostat Setpoint Dual Setpoint 1,    !- Name
  {265c3717-2f61-4ecb-b00b-40290acacb23}, !- Heating Setpoint Temperature Schedule Name
  {742e5093-1e1a-459f-ba10-7bf03f051fc9}; !- Cooling Setpoint Temperature Schedule Name

OS:ThermostatSetpoint:DualSetpoint,
  {fff41cf6-fb07-496a-95f5-6309e75f3b93}, !- Handle
  Thermostat Setpoint Dual Setpoint 2,    !- Name
  {265c3717-2f61-4ecb-b00b-40290acacb23}, !- Heating Setpoint Temperature Schedule Name
  {742e5093-1e1a-459f-ba10-7bf03f051fc9}; !- Cooling Setpoint Temperature Schedule Name

OS:ThermostatSetpoint:DualSetpoint,
  {eaa29c78-159f-4f13-82fa-44aedef3cd80}, !- Handle
  Thermostat Setpoint Dual Setpoint 3,    !- Name
  {265c3717-2f61-4ecb-b00b-40290acacb23}, !- Heating Setpoint Temperature Schedule Name
  {742e5093-1e1a-459f-ba10-7bf03f051fc9}; !- Cooling Setpoint Temperature Schedule Name

OS:ThermostatSetpoint:DualSetpoint,
  {827d3cdc-572f-48e2-a4e3-7ee38fee3a3d}, !- Handle
  Thermostat Setpoint Dual Setpoint 4;    !- Name

OS:ThermostatSetpoint:DualSetpoint,
  {2122d420-1d44-4811-b101-bfceafec9b97}, !- Handle
  Thermostat Setpoint Dual Setpoint 5,    !- Name
  {265c3717-2f61-4ecb-b00b-40290acacb23}, !- Heating Setpoint Temperature Schedule Name
  {742e5093-1e1a-459f-ba10-7bf03f051fc9}; !- Cooling Setpoint Temperature Schedule Name

OS:Rendering:Color,
  {8b4dbcdf-198b-4f9f-b148-7e7b1c032ec9}, !- Handle
  Rendering Color 24,                     !- Name
  128,                                    !- Rendering Red Value
  0,                                      !- Rendering Green Value
  128;                                    !- Rendering Blue Value

OS:InternalMass:Definition,
  {6af0c873-283f-4e3b-b086-8f722447ab9c}, !- Handle
  Internal Mass Definition 1,             !- Name
  ,                                       !- Construction Name
  SurfaceArea,                            !- Design Level Calculation Method
  0,                                      !- Surface Area {m2}
  ,                                       !- Surface Area per Space Floor Area {dimensionless}
  ;                                       !- Surface Area per Person {m2/person}

OS:SteamEquipment:Definition,
  {3373efa1-ff9f-4e10-bcc6-72367618c0e8}, !- Handle
  Steam Equipment Definition 1,           !- Name
  EquipmentLevel,                         !- Design Level Calculation Method
  0,                                      !- Design Level {W}
  ,                                       !- Watts per Space Floor Area {W/m2}
  ;                                       !- Watts per Person {W/Person}

OS:Material,
  {5c590502-11ff-4f79-b0f9-9924792a9c98}, !- Handle
  boya,                                   !- Name
  Smooth,                                 !- Roughness
  0.001,                                  !- Thickness {m}
  0.5,                                    !- Conductivity {W/m-K}
  1200,                                   !- Density {kg/m3}
  1000,                                   !- Specific Heat {J/kg-K}
  ,                                       !- Thermal Absorptance
  0.3,                                    !- Solar Absorptance
  0.3;                                    !- Visible Absorptance

OS:StandardsInformation:Material,
  {1bed8b65-2d30-49da-b96e-aebb834b6f66}, !- Handle
  {5c590502-11ff-4f79-b0f9-9924792a9c98}; !- Material Name

OS:Material,
  {ae57c741-de02-4686-88a3-10b4889c5442}, !- Handle
  alcı siva,                             !- Name
  Smooth,                                 !- Roughness
  0.01,                                   !- Thickness {m}
  0.35,                                   !- Conductivity {W/m-K}
  800,                                    !- Density {kg/m3}
  1000,                                   !- Specific Heat {J/kg-K}
  ,                                       !- Thermal Absorptance
  0.3,                                    !- Solar Absorptance
  0.3;                                    !- Visible Absorptance

OS:StandardsInformation:Material,
  {79d1cb44-006f-4827-8724-b432a4d96940}, !- Handle
  {ae57c741-de02-4686-88a3-10b4889c5442}; !- Material Name

OS:Material,
  {90e04505-3d29-473e-ae2d-74aef7d685db}, !- Handle
  kaba siva,                              !- Name
  MediumRough,                            !- Roughness
  0.02,                                   !- Thickness {m}
  0.72,                                   !- Conductivity {W/m-K}
  1800,                                   !- Density {kg/m3}
  840;                                    !- Specific Heat {J/kg-K}

OS:StandardsInformation:Material,
  {12a84cf4-353d-4707-acfe-e66f01cb092f}, !- Handle
  {90e04505-3d29-473e-ae2d-74aef7d685db}; !- Material Name

OS:Material,
  {e0528d5c-d1a3-4043-a81a-975606f51867}, !- Handle
  yapistirma harci (kalekim),             !- Name
  MediumRough,                            !- Roughness
  0.005,                                  !- Thickness {m}
  0.75,                                   !- Conductivity {W/m-K}
  1450,                                   !- Density {kg/m3}
  1000;                                   !- Specific Heat {J/kg-K}

OS:StandardsInformation:Material,
  {a55a5a6d-b26f-4959-b6ae-7f646fd32540}, !- Handle
  {e0528d5c-d1a3-4043-a81a-975606f51867}; !- Material Name

OS:Material,
  {4157fb9e-c17f-4269-9f02-5595876d30f5}, !- Handle
  mineral siva,                           !- Name
  Rough,                                  !- Roughness
  0.002,                                  !- Thickness {m}
  0.7,                                    !- Conductivity {W/m-K}
  1600,                                   !- Density {kg/m3}
  1000,                                   !- Specific Heat {J/kg-K}
  ,                                       !- Thermal Absorptance
  0.3,                                    !- Solar Absorptance
  0.3;                                    !- Visible Absorptance

OS:StandardsInformation:Material,
  {06ffa8ed-460f-4685-a775-982f9adfad3a}, !- Handle
  {4157fb9e-c17f-4269-9f02-5595876d30f5}; !- Material Name

OS:Material,
  {404c5a81-dcc7-4cac-b566-b1618821e3da}, !- Handle
  fileli yalitim sivasi,                  !- Name
  MediumSmooth,                           !- Roughness
  0.004,                                  !- Thickness {m}
  0.85,                                   !- Conductivity {W/m-K}
  1500,                                   !- Density {kg/m3}
  1000;                                   !- Specific Heat {J/kg-K}

OS:StandardsInformation:Material,
  {325f8be9-2fcf-4547-8218-cf51859b0010}, !- Handle
  {404c5a81-dcc7-4cac-b566-b1618821e3da}; !- Material Name

OS:Material,
  {90490844-a8aa-4185-9e99-78c302a23b68}, !- Handle
  izolasyon kopugu,                       !- Name
  MediumSmooth,                           !- Roughness
  0.1,                                    !- Thickness {m}
  0.02,                                   !- Conductivity {W/m-K}
  16,                                     !- Density {kg/m3}
  1200,                                   !- Specific Heat {J/kg-K}
  ,                                       !- Thermal Absorptance
  0.6,                                    !- Solar Absorptance
  0.6;                                    !- Visible Absorptance

OS:StandardsInformation:Material,
  {6e16028d-7dde-4e09-b751-85354fa4dd6c}, !- Handle
  {90490844-a8aa-4185-9e99-78c302a23b68}; !- Material Name

OS:Construction,
  {f2804ec8-2d6c-4b75-b6e2-52534bddf9fb}, !- Handle
  yeni dis duvar (sor),                   !- Name
  {e28f2824-2543-4dc7-99f4-3c5261ed51ee}, !- Surface Rendering Name
  {5c590502-11ff-4f79-b0f9-9924792a9c98}, !- Layer 1
  {4157fb9e-c17f-4269-9f02-5595876d30f5}, !- Layer 2
  {404c5a81-dcc7-4cac-b566-b1618821e3da}, !- Layer 3
  {e0528d5c-d1a3-4043-a81a-975606f51867}, !- Layer 4
  {90e04505-3d29-473e-ae2d-74aef7d685db}, !- Layer 5
  {3142be7d-01af-4578-bad6-7c40b0e1bf7a}, !- Layer 6
  {90e04505-3d29-473e-ae2d-74aef7d685db}, !- Layer 7
  {ae57c741-de02-4686-88a3-10b4889c5442}, !- Layer 8
  {5c590502-11ff-4f79-b0f9-9924792a9c98}; !- Layer 9

OS:StandardsInformation:Construction,
  {85322f1c-c677-4416-8e44-cc0c67592392}, !- Handle
  {f2804ec8-2d6c-4b75-b6e2-52534bddf9fb}; !- Construction Name

OS:Construction,
  {f347f307-5fed-4c55-b8c3-8e9230699bc7}, !- Handle
  yeni ic duvar (sor),                    !- Name
  {69c437ad-cb90-4634-9a13-736db7f4e62e}, !- Surface Rendering Name
  {5c590502-11ff-4f79-b0f9-9924792a9c98}, !- Layer 1
  {ae57c741-de02-4686-88a3-10b4889c5442}, !- Layer 2
  {90e04505-3d29-473e-ae2d-74aef7d685db}, !- Layer 3
  {3142be7d-01af-4578-bad6-7c40b0e1bf7a}, !- Layer 4
  {90e04505-3d29-473e-ae2d-74aef7d685db}, !- Layer 5
  {ae57c741-de02-4686-88a3-10b4889c5442}, !- Layer 6
  {5c590502-11ff-4f79-b0f9-9924792a9c98}; !- Layer 7

OS:StandardsInformation:Construction,
  {7805a93d-0b13-4b3e-8b8b-53815854407f}, !- Handle
  {f347f307-5fed-4c55-b8c3-8e9230699bc7}; !- Construction Name

OS:InternalMass:Definition,
  {7a2c1f55-5fbe-423d-bd97-b5cd5f396b85}, !- Handle
  Internal Mass Definition 2,             !- Name
  ,                                       !- Construction Name
  SurfaceArea,                            !- Design Level Calculation Method
  0,                                      !- Surface Area {m2}
  ,                                       !- Surface Area per Space Floor Area {dimensionless}
  ;                                       !- Surface Area per Person {m2/person}

OS:InternalMass:Definition,
  {3a5d43aa-56f2-4f25-9978-4424f8e4dc62}, !- Handle
  Internal Mass Definition 3,             !- Name
  ,                                       !- Construction Name
  SurfaceArea,                            !- Design Level Calculation Method
  0,                                      !- Surface Area {m2}
  ,                                       !- Surface Area per Space Floor Area {dimensionless}
  ;                                       !- Surface Area per Person {m2/person}

OS:SpaceInfiltration:DesignFlowRate,
  {8c03fe30-a02f-46a6-97ff-a53aeaeef8d2}, !- Handle
  islakhacim_mutfak_infiltration,         !- Name
  {501e32bd-ad3a-4cca-8626-19c223485646}, !- Space or SpaceType Name
  ,                                       !- Schedule Name
  AirChanges/Hour,                        !- Design Flow Rate Calculation Method
  0,                                      !- Design Flow Rate {m3/s}
  ,                                       !- Flow per Space Floor Area {m3/s-m2}
  0.00030226,                             !- Flow per Exterior Surface Area {m3/s-m2}
  0.4,                                    !- Air Changes per Hour {1/hr}
  ,                                       !- Constant Term Coefficient
  ,                                       !- Temperature Term Coefficient
  ,                                       !- Velocity Term Coefficient
  ,                                       !- Velocity Squared Term Coefficient
  Outdoor;                                !- Density Basis

OS:SpaceInfiltration:DesignFlowRate,
  {18fcc536-2a75-4601-945b-403f977f05e4}, !- Handle
  salon_yatakodasi_infiltration,          !- Name
  {90bbaa1d-abda-4c9a-bb23-7bd03babb9f3}, !- Space or SpaceType Name
  ,                                       !- Schedule Name
  AirChanges/Hour,                        !- Design Flow Rate Calculation Method
  ,                                       !- Design Flow Rate {m3/s}
  ,                                       !- Flow per Space Floor Area {m3/s-m2}
  0.00030226,                             !- Flow per Exterior Surface Area {m3/s-m2}
  0.7,                                    !- Air Changes per Hour {1/hr}
  ,                                       !- Constant Term Coefficient
  ,                                       !- Temperature Term Coefficient
  ,                                       !- Velocity Term Coefficient
  ,                                       !- Velocity Squared Term Coefficient
  Outdoor;                                !- Density Basis

OS:SpaceInfiltration:DesignFlowRate,
  {4d88558f-2c91-4e88-bea8-d23bed5393d8}, !- Handle
  islakhacim_mutfak_infiltration 2,       !- Name
  {56c0fe9c-c716-41de-8687-5384b50f8a6f}, !- Space or SpaceType Name
  ,                                       !- Schedule Name
  AirChanges/Hour,                        !- Design Flow Rate Calculation Method
  0,                                      !- Design Flow Rate {m3/s}
  ,                                       !- Flow per Space Floor Area {m3/s-m2}
  0.00030226,                             !- Flow per Exterior Surface Area {m3/s-m2}
  0.4,                                    !- Air Changes per Hour {1/hr}
  ,                                       !- Constant Term Coefficient
  ,                                       !- Temperature Term Coefficient
  ,                                       !- Velocity Term Coefficient
  ,                                       !- Velocity Squared Term Coefficient
  Outdoor;                                !- Density Basis

OS:SpaceInfiltration:DesignFlowRate,
  {63a7b9f8-1763-4fe6-8ae9-ebfc8ba967ab}, !- Handle
  salon_yatakodasi_infiltration 1,        !- Name
  {3c1828a9-074a-43cb-a83b-b662e4ecfaac}, !- Space or SpaceType Name
  ,                                       !- Schedule Name
  AirChanges/Hour,                        !- Design Flow Rate Calculation Method
  ,                                       !- Design Flow Rate {m3/s}
  ,                                       !- Flow per Space Floor Area {m3/s-m2}
  0.00030226,                             !- Flow per Exterior Surface Area {m3/s-m2}
  0.7,                                    !- Air Changes per Hour {1/hr}
  ,                                       !- Constant Term Coefficient
  ,                                       !- Temperature Term Coefficient
  ,                                       !- Velocity Term Coefficient
  ,                                       !- Velocity Squared Term Coefficient
  Outdoor;                                !- Density Basis

OS:Rendering:Color,
  {e28f2824-2543-4dc7-99f4-3c5261ed51ee}, !- Handle
  Rendering Color 25,                     !- Name
  220,                                    !- Rendering Red Value
  220,                                    !- Rendering Green Value
  220;                                    !- Rendering Blue Value

OS:Rendering:Color,
  {69c437ad-cb90-4634-9a13-736db7f4e62e}, !- Handle
  Rendering Color 26,                     !- Name
  238,                                    !- Rendering Red Value
  170,                                    !- Rendering Green Value
  232;                                    !- Rendering Blue Value

OS:Construction,
  {75eeb10a-b303-4232-889f-5376316bafa6}, !- Handle
  asma tavan,                             !- Name
  {f510d951-3948-4a53-9505-e89ecd1b0c22}, !- Surface Rendering Name
  {404c5a81-dcc7-4cac-b566-b1618821e3da}, !- Layer 1
  {90490844-a8aa-4185-9e99-78c302a23b68}, !- Layer 2
  {e0528d5c-d1a3-4043-a81a-975606f51867}, !- Layer 3
  {3a3cecbb-1bf2-417f-a611-154cfb6b443e}, !- Layer 4
  {74452b0a-de06-4f88-a3be-d09239a6e96b}, !- Layer 5
  {5c590502-11ff-4f79-b0f9-9924792a9c98}; !- Layer 6

OS:StandardsInformation:Construction,
  {fdc785ae-4adb-4549-9dd5-4a6f51f2f044}, !- Handle
  {75eeb10a-b303-4232-889f-5376316bafa6}; !- Construction Name

OS:Rendering:Color,
  {f510d951-3948-4a53-9505-e89ecd1b0c22}, !- Handle
  Rendering Color 27,                     !- Name
  211,                                    !- Rendering Red Value
  211,                                    !- Rendering Green Value
  211;                                    !- Rendering Blue Value

OS:Surface,
  {11d50b4f-7bee-4bc3-a471-cf1099a32d04}, !- Handle
  Surface 2,                              !- Name
  RoofCeiling,                            !- Surface Type
  ,                                       !- Construction Name
  {057dd256-e818-4f60-9e2f-140af0f7e6db}, !- Space Name
  Surface,                                !- Outside Boundary Condition
  {9af9a86d-c7cb-4252-8e24-24ce5ecff085}, !- Outside Boundary Condition Object
  NoSun,                                  !- Sun Exposure
  NoWind,                                 !- Wind Exposure
  ,                                       !- View Factor to Ground
  ,                                       !- Number of Vertices
  -6, 18, 3,                              !- X,Y,Z Vertex 1 {m}
  -6, 20, 3,                              !- X,Y,Z Vertex 2 {m}
  -12, 20, 3,                             !- X,Y,Z Vertex 3 {m}
  -12, 18, 3;                             !- X,Y,Z Vertex 4 {m}

OS:Surface,
  {895a821e-4ab0-4c81-abca-6fffadce781f}, !- Handle
  Face 14,                                !- Name
  Wall,                                   !- Surface Type
  {31144866-581f-49f2-8975-183d47bfa77e}, !- Construction Name
  {057dd256-e818-4f60-9e2f-140af0f7e6db}, !- Space Name
  Outdoors,                               !- Outside Boundary Condition
  ,                                       !- Outside Boundary Condition Object
  SunExposed,                             !- Sun Exposure
  WindExposed,                            !- Wind Exposure
  ,                                       !- View Factor to Ground
  ,                                       !- Number of Vertices
  -6, 23, 3,                              !- X,Y,Z Vertex 1 {m}
  -6, 18, 3,                              !- X,Y,Z Vertex 2 {m}
  -6, 18, 0,                              !- X,Y,Z Vertex 3 {m}
  -6, 23, 0;                              !- X,Y,Z Vertex 4 {m}

OS:SubSurface,
  {ff314586-c146-4d39-9b1e-e7e6d4912674}, !- Handle
  Face 15,                                !- Name
  FixedWindow,                            !- Sub Surface Type
  {60aff776-53e5-494d-8176-ab14700045df}, !- Construction Name
  {895a821e-4ab0-4c81-abca-6fffadce781f}, !- Surface Name
  ,                                       !- Outside Boundary Condition Object
  ,                                       !- View Factor to Ground
  ,                                       !- Frame and Divider Name
  ,                                       !- Multiplier
  ,                                       !- Number of Vertices
  -6, 20.7, 2,                            !- X,Y,Z Vertex 1 {m}
  -6, 20.7, 0.8,                          !- X,Y,Z Vertex 2 {m}
  -6, 21.3, 0.8,                          !- X,Y,Z Vertex 3 {m}
  -6, 21.3, 2;                            !- X,Y,Z Vertex 4 {m}

OS:Surface,
  {91be69f1-2c61-447c-baab-c63a1e9e1d48}, !- Handle
  Face 16,                                !- Name
  Wall,                                   !- Surface Type
  {ed09e365-64c0-4319-9156-0c2ecc1a20e6}, !- Construction Name
  {057dd256-e818-4f60-9e2f-140af0f7e6db}, !- Space Name
  Surface,                                !- Outside Boundary Condition
  {db49422b-ab19-4087-ac08-3ad74df8d968}, !- Outside Boundary Condition Object
  NoSun,                                  !- Sun Exposure
  NoWind,                                 !- Wind Exposure
  ,                                       !- View Factor to Ground
  ,                                       !- Number of Vertices
  -12, 18, 3,                             !- X,Y,Z Vertex 1 {m}
  -12, 18, 0,                             !- X,Y,Z Vertex 2 {m}
  -6, 18, 0,                              !- X,Y,Z Vertex 3 {m}
  -6, 18, 3;                              !- X,Y,Z Vertex 4 {m}

OS:Surface,
  {abb91262-1b89-4931-b967-3ddd304ce0cb}, !- Handle
  Face 10,                                !- Name
  Wall,                                   !- Surface Type
  ,                                       !- Construction Name
  {057dd256-e818-4f60-9e2f-140af0f7e6db}, !- Space Name
  Surface,                                !- Outside Boundary Condition
  {3b16494d-3853-4374-b3b6-014abb50bda5}, !- Outside Boundary Condition Object
  NoSun,                                  !- Sun Exposure
  NoWind,                                 !- Wind Exposure
  ,                                       !- View Factor to Ground
  ,                                       !- Number of Vertices
  -12, 23, 3,                             !- X,Y,Z Vertex 1 {m}
  -12, 23, 0,                             !- X,Y,Z Vertex 2 {m}
  -12, 18, 0,                             !- X,Y,Z Vertex 3 {m}
  -12, 18, 3;                             !- X,Y,Z Vertex 4 {m}

OS:Surface,
  {b344a22d-0c41-4156-99ab-69c56e90c64f}, !- Handle
  Face 11,                                !- Name
  Wall,                                   !- Surface Type
  {31144866-581f-49f2-8975-183d47bfa77e}, !- Construction Name
  {057dd256-e818-4f60-9e2f-140af0f7e6db}, !- Space Name
  Outdoors,                               !- Outside Boundary Condition
  ,                                       !- Outside Boundary Condition Object
  SunExposed,                             !- Sun Exposure
  WindExposed,                            !- Wind Exposure
  ,                                       !- View Factor to Ground
  ,                                       !- Number of Vertices
  -12, 23, 3,                             !- X,Y,Z Vertex 1 {m}
  -6, 23, 3,                              !- X,Y,Z Vertex 2 {m}
  -6, 23, 0,                              !- X,Y,Z Vertex 3 {m}
  -12, 23, 0;                             !- X,Y,Z Vertex 4 {m}

OS:SubSurface,
  {10481a2b-be86-4776-a235-fee243c0e9f0}, !- Handle
  Face 12,                                !- Name
  FixedWindow,                            !- Sub Surface Type
  {60aff776-53e5-494d-8176-ab14700045df}, !- Construction Name
  {b344a22d-0c41-4156-99ab-69c56e90c64f}, !- Surface Name
  ,                                       !- Outside Boundary Condition Object
  ,                                       !- View Factor to Ground
  ,                                       !- Frame and Divider Name
  ,                                       !- Multiplier
  ,                                       !- Number of Vertices
  -9.7, 23, 2,                            !- X,Y,Z Vertex 1 {m}
  -9.7, 23, 0.8,                          !- X,Y,Z Vertex 2 {m}
  -10.3, 23, 0.8,                         !- X,Y,Z Vertex 3 {m}
  -10.3, 23, 2;                           !- X,Y,Z Vertex 4 {m}

OS:SubSurface,
  {379ad530-ddcf-40e5-bde3-8b6e59087da4}, !- Handle
  Face 13,                                !- Name
  FixedWindow,                            !- Sub Surface Type
  {60aff776-53e5-494d-8176-ab14700045df}, !- Construction Name
  {b344a22d-0c41-4156-99ab-69c56e90c64f}, !- Surface Name
  ,                                       !- Outside Boundary Condition Object
  ,                                       !- View Factor to Ground
  ,                                       !- Frame and Divider Name
  ,                                       !- Multiplier
  ,                                       !- Number of Vertices
  -6.7, 23, 2,                            !- X,Y,Z Vertex 1 {m}
  -6.7, 23, 0.8,                          !- X,Y,Z Vertex 2 {m}
  -7.3, 23, 0.8,                          !- X,Y,Z Vertex 3 {m}
  -7.3, 23, 2;                            !- X,Y,Z Vertex 4 {m}

OS:Surface,
  {ae4fc50a-3829-47c8-b0a5-222405a4eaf4}, !- Handle
  Face 8,                                 !- Name
  Floor,                                  !- Surface Type
  {e9435805-3e1f-4411-a0d2-6c7ed13afabd}, !- Construction Name
  {057dd256-e818-4f60-9e2f-140af0f7e6db}, !- Space Name
  Ground,                                 !- Outside Boundary Condition
  ,                                       !- Outside Boundary Condition Object
  NoSun,                                  !- Sun Exposure
  NoWind,                                 !- Wind Exposure
  ,                                       !- View Factor to Ground
  ,                                       !- Number of Vertices
  -12, 18, 0,                             !- X,Y,Z Vertex 1 {m}
  -12, 23, 0,                             !- X,Y,Z Vertex 2 {m}
  -6, 23, 0,                              !- X,Y,Z Vertex 3 {m}
  -6, 18, 0;                              !- X,Y,Z Vertex 4 {m}

OS:Surface,
  {1f8c7f9a-874a-4236-99d1-a2e6ed56095f}, !- Handle
  Face 9,                                 !- Name
  RoofCeiling,                            !- Surface Type
  ,                                       !- Construction Name
  {057dd256-e818-4f60-9e2f-140af0f7e6db}, !- Space Name
  Surface,                                !- Outside Boundary Condition
  {cfeeeb6f-5012-4048-b5b4-69ae8a574b06}, !- Outside Boundary Condition Object
  NoSun,                                  !- Sun Exposure
  NoWind,                                 !- Wind Exposure
  ,                                       !- View Factor to Ground
  ,                                       !- Number of Vertices
  -6, 20, 3,                              !- X,Y,Z Vertex 1 {m}
  -6, 23, 3,                              !- X,Y,Z Vertex 2 {m}
  -12, 23, 3,                             !- X,Y,Z Vertex 3 {m}
  -12, 20, 3;                             !- X,Y,Z Vertex 4 {m}

OS:Daylighting:Control,
  {25f17e3a-885b-4246-95ed-81eb84e29fff}, !- Handle
  Face 17,                                !- Name
  {057dd256-e818-4f60-9e2f-140af0f7e6db}, !- Space Name
  -9,                                     !- Position X-Coordinate {m}
  20,                                     !- Position Y-Coordinate {m}
  0.76,                                   !- Position Z-Coordinate {m}
  ,                                       !- Psi Rotation Around X-Axis {deg}
  ,                                       !- Theta Rotation Around Y-Axis {deg}
  ,                                       !- Phi Rotation Around Z-Axis {deg}
  500;                                    !- Illuminance Setpoint {lux}

OS:Surface,
  {77b864e3-7b66-4983-83d9-ac08a6e57519}, !- Handle
  Surface 3,                              !- Name
  RoofCeiling,                            !- Surface Type
  ,                                       !- Construction Name
  {1d8249ec-3ace-49d5-ad14-634f9f22f242}, !- Space Name
  Surface,                                !- Outside Boundary Condition
  {5572d426-9dd3-4359-8fd1-9ee70cf07ac0}, !- Outside Boundary Condition Object
  NoSun,                                  !- Sun Exposure
  NoWind,                                 !- Wind Exposure
  ,                                       !- View Factor to Ground
  ,                                       !- Number of Vertices
  -14, 20, 3,                             !- X,Y,Z Vertex 1 {m}
  -14, 23, 3,                             !- X,Y,Z Vertex 2 {m}
  -17, 23, 3,                             !- X,Y,Z Vertex 3 {m}
  -17, 20, 3;                             !- X,Y,Z Vertex 4 {m}

OS:Surface,
  {53aff9f3-072f-4d3d-8cc3-98bd7f429e5b}, !- Handle
  Surface 5,                              !- Name
  RoofCeiling,                            !- Surface Type
  ,                                       !- Construction Name
  {1d8249ec-3ace-49d5-ad14-634f9f22f242}, !- Space Name
  Surface,                                !- Outside Boundary Condition
  {f5e05727-32f5-439f-89e2-2b6006e7a931}, !- Outside Boundary Condition Object
  NoSun,                                  !- Sun Exposure
  NoWind,                                 !- Wind Exposure
  ,                                       !- View Factor to Ground
  ,                                       !- Number of Vertices
  -14, 15, 3,                             !- X,Y,Z Vertex 1 {m}
  -14, 20, 3,                             !- X,Y,Z Vertex 2 {m}
  -17, 20, 3,                             !- X,Y,Z Vertex 3 {m}
  -17, 15, 3;                             !- X,Y,Z Vertex 4 {m}

OS:Surface,
  {3cefaa2a-71c5-4ccc-bbde-ac58619abb14}, !- Handle
  Surface 4,                              !- Name
  RoofCeiling,                            !- Surface Type
  ,                                       !- Construction Name
  {1d8249ec-3ace-49d5-ad14-634f9f22f242}, !- Space Name
  Surface,                                !- Outside Boundary Condition
  {a360d4b3-395a-4762-8565-f00c672dd4d9}, !- Outside Boundary Condition Object
  NoSun,                                  !- Sun Exposure
  NoWind,                                 !- Wind Exposure
  ,                                       !- View Factor to Ground
  ,                                       !- Number of Vertices
  -12, 15, 3,                             !- X,Y,Z Vertex 1 {m}
  -12, 20, 3,                             !- X,Y,Z Vertex 2 {m}
  -14, 20, 3,                             !- X,Y,Z Vertex 3 {m}
  -14, 15, 3;                             !- X,Y,Z Vertex 4 {m}

OS:Surface,
  {b715a929-794c-408b-91f0-1aa5a0bb5524}, !- Handle
  Face 18,                                !- Name
  Floor,                                  !- Surface Type
  {e9435805-3e1f-4411-a0d2-6c7ed13afabd}, !- Construction Name
  {1d8249ec-3ace-49d5-ad14-634f9f22f242}, !- Space Name
  Ground,                                 !- Outside Boundary Condition
  ,                                       !- Outside Boundary Condition Object
  NoSun,                                  !- Sun Exposure
  NoWind,                                 !- Wind Exposure
  ,                                       !- View Factor to Ground
  ,                                       !- Number of Vertices
  -17, 15, 0,                             !- X,Y,Z Vertex 1 {m}
  -17, 23, 0,                             !- X,Y,Z Vertex 2 {m}
  -12, 23, 0,                             !- X,Y,Z Vertex 3 {m}
  -12, 18, 0,                             !- X,Y,Z Vertex 4 {m}
  -12, 15, 0;                             !- X,Y,Z Vertex 5 {m}

OS:Surface,
  {42ba72d1-5ead-45f9-ab53-76cf4dec09e0}, !- Handle
  Face 26,                                !- Name
  Wall,                                   !- Surface Type
  ,                                       !- Construction Name
  {1d8249ec-3ace-49d5-ad14-634f9f22f242}, !- Space Name
  Surface,                                !- Outside Boundary Condition
  {7c549c08-a724-4677-964d-b3b2b35712af}, !- Outside Boundary Condition Object
  NoSun,                                  !- Sun Exposure
  NoWind,                                 !- Wind Exposure
  ,                                       !- View Factor to Ground
  ,                                       !- Number of Vertices
  -12, 15, 3,                             !- X,Y,Z Vertex 1 {m}
  -12, 15, 0,                             !- X,Y,Z Vertex 2 {m}
  -12, 18, 0,                             !- X,Y,Z Vertex 3 {m}
  -12, 18, 3;                             !- X,Y,Z Vertex 4 {m}

OS:Surface,
  {7efe43be-df0f-47bf-8f96-07e4655eb5f5}, !- Handle
  Face 20,                                !- Name
  Wall,                                   !- Surface Type
  ,                                       !- Construction Name
  {1d8249ec-3ace-49d5-ad14-634f9f22f242}, !- Space Name
  Outdoors,                               !- Outside Boundary Condition
  ,                                       !- Outside Boundary Condition Object
  SunExposed,                             !- Sun Exposure
  WindExposed,                            !- Wind Exposure
  ,                                       !- View Factor to Ground
  ,                                       !- Number of Vertices
  -17, 15, 3,                             !- X,Y,Z Vertex 1 {m}
  -17, 23, 3,                             !- X,Y,Z Vertex 2 {m}
  -17, 23, 0,                             !- X,Y,Z Vertex 3 {m}
  -17, 15, 0;                             !- X,Y,Z Vertex 4 {m}

OS:SubSurface,
  {f386948b-01c6-4a67-987a-be01b0629839}, !- Handle
  Face 21,                                !- Name
  FixedWindow,                            !- Sub Surface Type
  {60aff776-53e5-494d-8176-ab14700045df}, !- Construction Name
  {7efe43be-df0f-47bf-8f96-07e4655eb5f5}, !- Surface Name
  ,                                       !- Outside Boundary Condition Object
  ,                                       !- View Factor to Ground
  ,                                       !- Frame and Divider Name
  ,                                       !- Multiplier
  ,                                       !- Number of Vertices
  -17, 17.4, 2.2,                         !- X,Y,Z Vertex 1 {m}
  -17, 17.4, 0.9,                         !- X,Y,Z Vertex 2 {m}
  -17, 16.6, 0.9,                         !- X,Y,Z Vertex 3 {m}
  -17, 16.6, 2.2;                         !- X,Y,Z Vertex 4 {m}

OS:SubSurface,
  {c25a234e-6d2d-4330-b393-582d296080aa}, !- Handle
  Face 22,                                !- Name
  FixedWindow,                            !- Sub Surface Type
  {60aff776-53e5-494d-8176-ab14700045df}, !- Construction Name
  {7efe43be-df0f-47bf-8f96-07e4655eb5f5}, !- Surface Name
  ,                                       !- Outside Boundary Condition Object
  ,                                       !- View Factor to Ground
  ,                                       !- Frame and Divider Name
  ,                                       !- Multiplier
  ,                                       !- Number of Vertices
  -17, 21.4, 2.2,                         !- X,Y,Z Vertex 1 {m}
  -17, 21.4, 0.9,                         !- X,Y,Z Vertex 2 {m}
  -17, 20.6, 0.9,                         !- X,Y,Z Vertex 3 {m}
  -17, 20.6, 2.2;                         !- X,Y,Z Vertex 4 {m}

OS:Surface,
  {3a20e0ff-af27-45e9-a838-253026dde22c}, !- Handle
  Face 23,                                !- Name
  Wall,                                   !- Surface Type
  ,                                       !- Construction Name
  {1d8249ec-3ace-49d5-ad14-634f9f22f242}, !- Space Name
  Outdoors,                               !- Outside Boundary Condition
  ,                                       !- Outside Boundary Condition Object
  SunExposed,                             !- Sun Exposure
  WindExposed,                            !- Wind Exposure
  ,                                       !- View Factor to Ground
  ,                                       !- Number of Vertices
  -17, 23, 3,                             !- X,Y,Z Vertex 1 {m}
  -12, 23, 3,                             !- X,Y,Z Vertex 2 {m}
  -12, 23, 0,                             !- X,Y,Z Vertex 3 {m}
  -17, 23, 0;                             !- X,Y,Z Vertex 4 {m}

OS:SubSurface,
  {1d1e1a2b-c1a3-4183-8f58-90539f5a2e0b}, !- Handle
  Face 24,                                !- Name
  FixedWindow,                            !- Sub Surface Type
  {60aff776-53e5-494d-8176-ab14700045df}, !- Construction Name
  {3a20e0ff-af27-45e9-a838-253026dde22c}, !- Surface Name
  ,                                       !- Outside Boundary Condition Object
  ,                                       !- View Factor to Ground
  ,                                       !- Frame and Divider Name
  ,                                       !- Multiplier
  ,                                       !- Number of Vertices
  -14.6, 23, 2.2,                         !- X,Y,Z Vertex 1 {m}
  -14.6, 23, 0.9,                         !- X,Y,Z Vertex 2 {m}
  -15.4, 23, 0.9,                         !- X,Y,Z Vertex 3 {m}
  -15.4, 23, 2.2;                         !- X,Y,Z Vertex 4 {m}

OS:Surface,
  {27b16938-d241-4489-9dc1-f4fc9b88a137}, !- Handle
  Face 27,                                !- Name
  Wall,                                   !- Surface Type
  ,                                       !- Construction Name
  {1d8249ec-3ace-49d5-ad14-634f9f22f242}, !- Space Name
  Outdoors,                               !- Outside Boundary Condition
  ,                                       !- Outside Boundary Condition Object
  SunExposed,                             !- Sun Exposure
  WindExposed,                            !- Wind Exposure
  ,                                       !- View Factor to Ground
  ,                                       !- Number of Vertices
  -12, 15, 3,                             !- X,Y,Z Vertex 1 {m}
  -17, 15, 3,                             !- X,Y,Z Vertex 2 {m}
  -17, 15, 0,                             !- X,Y,Z Vertex 3 {m}
  -12, 15, 0;                             !- X,Y,Z Vertex 4 {m}

OS:SubSurface,
  {7d519cdc-943f-4526-9899-6b37fe9b2023}, !- Handle
  Face 28,                                !- Name
  Door,                                   !- Sub Surface Type
  ,                                       !- Construction Name
  {27b16938-d241-4489-9dc1-f4fc9b88a137}, !- Surface Name
  ,                                       !- Outside Boundary Condition Object
  ,                                       !- View Factor to Ground
  ,                                       !- Frame and Divider Name
  ,                                       !- Multiplier
  ,                                       !- Number of Vertices
  -14.7, 15, 2.2,                         !- X,Y,Z Vertex 1 {m}
  -14.7, 15, 0,                           !- X,Y,Z Vertex 2 {m}
  -13.3, 15, 0,                           !- X,Y,Z Vertex 3 {m}
  -13.3, 15, 2.2;                         !- X,Y,Z Vertex 4 {m}

OS:Surface,
  {2778ca04-5730-495f-85ed-cd4c85ab6a68}, !- Handle
  Face 19,                                !- Name
  RoofCeiling,                            !- Surface Type
  ,                                       !- Construction Name
  {1d8249ec-3ace-49d5-ad14-634f9f22f242}, !- Space Name
  Surface,                                !- Outside Boundary Condition
  {027d4ffc-3a67-4362-8a0b-3588351f35e3}, !- Outside Boundary Condition Object
  NoSun,                                  !- Sun Exposure
  NoWind,                                 !- Wind Exposure
  ,                                       !- View Factor to Ground
  ,                                       !- Number of Vertices
  -12, 20, 3,                             !- X,Y,Z Vertex 1 {m}
  -12, 23, 3,                             !- X,Y,Z Vertex 2 {m}
  -14, 23, 3,                             !- X,Y,Z Vertex 3 {m}
  -14, 20, 3;                             !- X,Y,Z Vertex 4 {m}

OS:Surface,
  {3b16494d-3853-4374-b3b6-014abb50bda5}, !- Handle
  Face 25,                                !- Name
  Wall,                                   !- Surface Type
  ,                                       !- Construction Name
  {1d8249ec-3ace-49d5-ad14-634f9f22f242}, !- Space Name
  Surface,                                !- Outside Boundary Condition
  {abb91262-1b89-4931-b967-3ddd304ce0cb}, !- Outside Boundary Condition Object
  NoSun,                                  !- Sun Exposure
  NoWind,                                 !- Wind Exposure
  ,                                       !- View Factor to Ground
  ,                                       !- Number of Vertices
  -12, 18, 3,                             !- X,Y,Z Vertex 1 {m}
  -12, 18, 0,                             !- X,Y,Z Vertex 2 {m}
  -12, 23, 0,                             !- X,Y,Z Vertex 3 {m}
  -12, 23, 3;                             !- X,Y,Z Vertex 4 {m}

OS:Daylighting:Control,
  {e87806c5-e624-4448-aff0-8f896d7ce0a9}, !- Handle
  Face 29,                                !- Name
  {1d8249ec-3ace-49d5-ad14-634f9f22f242}, !- Space Name
  -14,                                    !- Position X-Coordinate {m}
  20,                                     !- Position Y-Coordinate {m}
  0.76,                                   !- Position Z-Coordinate {m}
  ,                                       !- Psi Rotation Around X-Axis {deg}
  ,                                       !- Theta Rotation Around Y-Axis {deg}
  ,                                       !- Phi Rotation Around Z-Axis {deg}
  300;                                    !- Illuminance Setpoint {lux}

OS:Surface,
  {027d4ffc-3a67-4362-8a0b-3588351f35e3}, !- Handle
  Face 82,                                !- Name
  Floor,                                  !- Surface Type
  ,                                       !- Construction Name
  {2e7c4290-f4dd-48c3-8462-262d1a1198f9}, !- Space Name
  Surface,                                !- Outside Boundary Condition
  {2778ca04-5730-495f-85ed-cd4c85ab6a68}, !- Outside Boundary Condition Object
  NoSun,                                  !- Sun Exposure
  NoWind,                                 !- Wind Exposure
  ,                                       !- View Factor to Ground
  ,                                       !- Number of Vertices
  -12, 23, 3,                             !- X,Y,Z Vertex 1 {m}
  -12, 20, 3,                             !- X,Y,Z Vertex 2 {m}
  -14, 20, 3,                             !- X,Y,Z Vertex 3 {m}
  -14, 23, 3;                             !- X,Y,Z Vertex 4 {m}

OS:Surface,
  {72dfa31a-6904-45a1-91c2-ac2567b3ec9b}, !- Handle
  Face 49,                                !- Name
  Wall,                                   !- Surface Type
  {ed09e365-64c0-4319-9156-0c2ecc1a20e6}, !- Construction Name
  {2e7c4290-f4dd-48c3-8462-262d1a1198f9}, !- Space Name
  Surface,                                !- Outside Boundary Condition
  {6801aa16-085b-4f3e-9b4f-9b13b41e07b8}, !- Outside Boundary Condition Object
  NoSun,                                  !- Sun Exposure
  NoWind,                                 !- Wind Exposure
  ,                                       !- View Factor to Ground
  ,                                       !- Number of Vertices
  -14, 23, 6,                             !- X,Y,Z Vertex 1 {m}
  -14, 23, 3,                             !- X,Y,Z Vertex 2 {m}
  -14, 20, 3,                             !- X,Y,Z Vertex 3 {m}
  -14, 20, 6;                             !- X,Y,Z Vertex 4 {m}

OS:Surface,
  {a7746504-28ad-49d9-b5eb-b525a4a06c6e}, !- Handle
  Face 50,                                !- Name
  Wall,                                   !- Surface Type
  {31144866-581f-49f2-8975-183d47bfa77e}, !- Construction Name
  {2e7c4290-f4dd-48c3-8462-262d1a1198f9}, !- Space Name
  Outdoors,                               !- Outside Boundary Condition
  ,                                       !- Outside Boundary Condition Object
  SunExposed,                             !- Sun Exposure
  WindExposed,                            !- Wind Exposure
  ,                                       !- View Factor to Ground
  ,                                       !- Number of Vertices
  -14, 23, 6,                             !- X,Y,Z Vertex 1 {m}
  -12, 23, 6,                             !- X,Y,Z Vertex 2 {m}
  -12, 23, 3,                             !- X,Y,Z Vertex 3 {m}
  -14, 23, 3;                             !- X,Y,Z Vertex 4 {m}

OS:Surface,
  {032011aa-53ad-405f-9fd2-54a1e5eb8e4e}, !- Handle
  Face 51,                                !- Name
  Wall,                                   !- Surface Type
  {ed09e365-64c0-4319-9156-0c2ecc1a20e6}, !- Construction Name
  {2e7c4290-f4dd-48c3-8462-262d1a1198f9}, !- Space Name
  Surface,                                !- Outside Boundary Condition
  {23308b49-ba74-4e46-ba5a-c28ca1a46dc3}, !- Outside Boundary Condition Object
  NoSun,                                  !- Sun Exposure
  NoWind,                                 !- Wind Exposure
  ,                                       !- View Factor to Ground
  ,                                       !- Number of Vertices
  -12, 20, 6,                             !- X,Y,Z Vertex 1 {m}
  -12, 20, 3,                             !- X,Y,Z Vertex 2 {m}
  -12, 23, 3,                             !- X,Y,Z Vertex 3 {m}
  -12, 23, 6;                             !- X,Y,Z Vertex 4 {m}

OS:Surface,
  {500e7a45-0c4d-482b-9f67-2c1c0141cce3}, !- Handle
  Face 52,                                !- Name
  Wall,                                   !- Surface Type
  {ed09e365-64c0-4319-9156-0c2ecc1a20e6}, !- Construction Name
  {2e7c4290-f4dd-48c3-8462-262d1a1198f9}, !- Space Name
  Surface,                                !- Outside Boundary Condition
  {c04fbcfe-3543-4949-a6ed-c7cc9b452377}, !- Outside Boundary Condition Object
  NoSun,                                  !- Sun Exposure
  NoWind,                                 !- Wind Exposure
  ,                                       !- View Factor to Ground
  ,                                       !- Number of Vertices
  -14, 20, 6,                             !- X,Y,Z Vertex 1 {m}
  -14, 20, 3,                             !- X,Y,Z Vertex 2 {m}
  -12, 20, 3,                             !- X,Y,Z Vertex 3 {m}
  -12, 20, 6;                             !- X,Y,Z Vertex 4 {m}

OS:Surface,
  {bd6842e6-e804-4116-87a4-2c34cd1d50b8}, !- Handle
  Face 83,                                !- Name
  RoofCeiling,                            !- Surface Type
  {6f9585f8-6735-4aa0-81e6-e7238a173e37}, !- Construction Name
  {2e7c4290-f4dd-48c3-8462-262d1a1198f9}, !- Space Name
  Outdoors,                               !- Outside Boundary Condition
  ,                                       !- Outside Boundary Condition Object
  SunExposed,                             !- Sun Exposure
  WindExposed,                            !- Wind Exposure
  ,                                       !- View Factor to Ground
  ,                                       !- Number of Vertices
  -12, 20, 6,                             !- X,Y,Z Vertex 1 {m}
  -12, 23, 6,                             !- X,Y,Z Vertex 2 {m}
  -14, 23, 6,                             !- X,Y,Z Vertex 3 {m}
  -14, 20, 6;                             !- X,Y,Z Vertex 4 {m}

OS:Surface,
  {80b14fff-6a89-4877-91a4-f4bc39407a08}, !- Handle
  Face 84,                                !- Name
  Wall,                                   !- Surface Type
  {ed09e365-64c0-4319-9156-0c2ecc1a20e6}, !- Construction Name
  {b6059baa-b6af-4d15-81d6-24b7a75cd0b4}, !- Space Name
  Surface,                                !- Outside Boundary Condition
  {d9175b91-3e57-442b-856b-d6746ffc2ae5}, !- Outside Boundary Condition Object
  NoSun,                                  !- Sun Exposure
  NoWind,                                 !- Wind Exposure
  ,                                       !- View Factor to Ground
  ,                                       !- Number of Vertices
  -14, 20, 6,                             !- X,Y,Z Vertex 1 {m}
  -14, 20, 3,                             !- X,Y,Z Vertex 2 {m}
  -14, 15, 3,                             !- X,Y,Z Vertex 3 {m}
  -14, 15, 6;                             !- X,Y,Z Vertex 4 {m}

OS:Surface,
  {a360d4b3-395a-4762-8565-f00c672dd4d9}, !- Handle
  Face 85,                                !- Name
  Floor,                                  !- Surface Type
  ,                                       !- Construction Name
  {b6059baa-b6af-4d15-81d6-24b7a75cd0b4}, !- Space Name
  Surface,                                !- Outside Boundary Condition
  {3cefaa2a-71c5-4ccc-bbde-ac58619abb14}, !- Outside Boundary Condition Object
  NoSun,                                  !- Sun Exposure
  NoWind,                                 !- Wind Exposure
  ,                                       !- View Factor to Ground
  ,                                       !- Number of Vertices
  -12, 20, 3,                             !- X,Y,Z Vertex 1 {m}
  -12, 15, 3,                             !- X,Y,Z Vertex 2 {m}
  -14, 15, 3,                             !- X,Y,Z Vertex 3 {m}
  -14, 20, 3;                             !- X,Y,Z Vertex 4 {m}

OS:Surface,
  {04a238e5-b315-4c07-8fa2-4b5b491d207f}, !- Handle
  Face 86,                                !- Name
  RoofCeiling,                            !- Surface Type
  {6f9585f8-6735-4aa0-81e6-e7238a173e37}, !- Construction Name
  {b6059baa-b6af-4d15-81d6-24b7a75cd0b4}, !- Space Name
  Outdoors,                               !- Outside Boundary Condition
  ,                                       !- Outside Boundary Condition Object
  SunExposed,                             !- Sun Exposure
  WindExposed,                            !- Wind Exposure
  ,                                       !- View Factor to Ground
  ,                                       !- Number of Vertices
  -12, 15, 6,                             !- X,Y,Z Vertex 1 {m}
  -12, 20, 6,                             !- X,Y,Z Vertex 2 {m}
  -14, 20, 6,                             !- X,Y,Z Vertex 3 {m}
  -14, 15, 6;                             !- X,Y,Z Vertex 4 {m}

OS:Surface,
  {c04fbcfe-3543-4949-a6ed-c7cc9b452377}, !- Handle
  Face 75,                                !- Name
  Wall,                                   !- Surface Type
  {ed09e365-64c0-4319-9156-0c2ecc1a20e6}, !- Construction Name
  {b6059baa-b6af-4d15-81d6-24b7a75cd0b4}, !- Space Name
  Surface,                                !- Outside Boundary Condition
  {500e7a45-0c4d-482b-9f67-2c1c0141cce3}, !- Outside Boundary Condition Object
  NoSun,                                  !- Sun Exposure
  NoWind,                                 !- Wind Exposure
  ,                                       !- View Factor to Ground
  ,                                       !- Number of Vertices
  -12, 20, 6,                             !- X,Y,Z Vertex 1 {m}
  -12, 20, 3,                             !- X,Y,Z Vertex 2 {m}
  -14, 20, 3,                             !- X,Y,Z Vertex 3 {m}
  -14, 20, 6;                             !- X,Y,Z Vertex 4 {m}

OS:Surface,
  {8d7f1922-88ed-4501-9f5d-35d68129b6cf}, !- Handle
  Face 76,                                !- Name
  Wall,                                   !- Surface Type
  {ed09e365-64c0-4319-9156-0c2ecc1a20e6}, !- Construction Name
  {b6059baa-b6af-4d15-81d6-24b7a75cd0b4}, !- Space Name
  Surface,                                !- Outside Boundary Condition
  {4d88f288-d31e-4706-b6c3-50f36d3ad417}, !- Outside Boundary Condition Object
  NoSun,                                  !- Sun Exposure
  NoWind,                                 !- Wind Exposure
  ,                                       !- View Factor to Ground
  ,                                       !- Number of Vertices
  -12, 15, 6,                             !- X,Y,Z Vertex 1 {m}
  -12, 15, 3,                             !- X,Y,Z Vertex 2 {m}
  -12, 20, 3,                             !- X,Y,Z Vertex 3 {m}
  -12, 20, 6;                             !- X,Y,Z Vertex 4 {m}

OS:Surface,
  {80c02928-be58-4b69-b9cc-61bb7e52d65f}, !- Handle
  Face 77,                                !- Name
  Wall,                                   !- Surface Type
  {31144866-581f-49f2-8975-183d47bfa77e}, !- Construction Name
  {b6059baa-b6af-4d15-81d6-24b7a75cd0b4}, !- Space Name
  Outdoors,                               !- Outside Boundary Condition
  ,                                       !- Outside Boundary Condition Object
  SunExposed,                             !- Sun Exposure
  WindExposed,                            !- Wind Exposure
  ,                                       !- View Factor to Ground
  ,                                       !- Number of Vertices
  -12, 15, 6,                             !- X,Y,Z Vertex 1 {m}
  -14, 15, 6,                             !- X,Y,Z Vertex 2 {m}
  -14, 15, 3,                             !- X,Y,Z Vertex 3 {m}
  -12, 15, 3;                             !- X,Y,Z Vertex 4 {m}

OS:Surface,
  {4005da63-8373-42a0-ae40-9b07c975a83c}, !- Handle
  Face 1,                                 !- Name
  RoofCeiling,                            !- Surface Type
  ,                                       !- Construction Name
  {4c52e717-7c93-48c2-bfd8-87d084726542}, !- Space Name
  Surface,                                !- Outside Boundary Condition
  {e545f661-5fec-40a5-97bd-dc0007a6c070}, !- Outside Boundary Condition Object
  NoSun,                                  !- Sun Exposure
  NoWind,                                 !- Wind Exposure
  ,                                       !- View Factor to Ground
  ,                                       !- Number of Vertices
  -6, 15, 3,                              !- X,Y,Z Vertex 1 {m}
  -6, 18, 3,                              !- X,Y,Z Vertex 2 {m}
  -12, 18, 3,                             !- X,Y,Z Vertex 3 {m}
  -12, 15, 3;                             !- X,Y,Z Vertex 4 {m}

OS:Surface,
  {b0ad7640-9412-4aa2-b2d3-9b574a65dd10}, !- Handle
  Face 0,                                 !- Name
  Floor,                                  !- Surface Type
  {e9435805-3e1f-4411-a0d2-6c7ed13afabd}, !- Construction Name
  {4c52e717-7c93-48c2-bfd8-87d084726542}, !- Space Name
  Ground,                                 !- Outside Boundary Condition
  ,                                       !- Outside Boundary Condition Object
  NoSun,                                  !- Sun Exposure
  NoWind,                                 !- Wind Exposure
  ,                                       !- View Factor to Ground
  ,                                       !- Number of Vertices
  -12, 15, 0,                             !- X,Y,Z Vertex 1 {m}
  -12, 18, 0,                             !- X,Y,Z Vertex 2 {m}
  -6, 18, 0,                              !- X,Y,Z Vertex 3 {m}
  -6, 15, 0;                              !- X,Y,Z Vertex 4 {m}

OS:Surface,
  {f514212d-eb9e-4eea-af14-06e181ee8f59}, !- Handle
  Face 4,                                 !- Name
  Wall,                                   !- Surface Type
  {31144866-581f-49f2-8975-183d47bfa77e}, !- Construction Name
  {4c52e717-7c93-48c2-bfd8-87d084726542}, !- Space Name
  Outdoors,                               !- Outside Boundary Condition
  ,                                       !- Outside Boundary Condition Object
  SunExposed,                             !- Sun Exposure
  WindExposed,                            !- Wind Exposure
  ,                                       !- View Factor to Ground
  ,                                       !- Number of Vertices
  -6, 18, 3,                              !- X,Y,Z Vertex 1 {m}
  -6, 15, 3,                              !- X,Y,Z Vertex 2 {m}
  -6, 15, 0,                              !- X,Y,Z Vertex 3 {m}
  -6, 18, 0;                              !- X,Y,Z Vertex 4 {m}

OS:SubSurface,
  {4b3388ff-d2d0-49ce-91e1-5256c9bebef2}, !- Handle
  Face 5,                                 !- Name
  FixedWindow,                            !- Sub Surface Type
  {60aff776-53e5-494d-8176-ab14700045df}, !- Construction Name
  {f514212d-eb9e-4eea-af14-06e181ee8f59}, !- Surface Name
  ,                                       !- Outside Boundary Condition Object
  ,                                       !- View Factor to Ground
  ,                                       !- Frame and Divider Name
  ,                                       !- Multiplier
  ,                                       !- Number of Vertices
  -6, 16.7, 2,                            !- X,Y,Z Vertex 1 {m}
  -6, 16.7, 0.8,                          !- X,Y,Z Vertex 2 {m}
  -6, 17.3, 0.8,                          !- X,Y,Z Vertex 3 {m}
  -6, 17.3, 2;                            !- X,Y,Z Vertex 4 {m}

OS:Surface,
  {7c549c08-a724-4677-964d-b3b2b35712af}, !- Handle
  Face 2,                                 !- Name
  Wall,                                   !- Surface Type
  ,                                       !- Construction Name
  {4c52e717-7c93-48c2-bfd8-87d084726542}, !- Space Name
  Surface,                                !- Outside Boundary Condition
  {42ba72d1-5ead-45f9-ab53-76cf4dec09e0}, !- Outside Boundary Condition Object
  NoSun,                                  !- Sun Exposure
  NoWind,                                 !- Wind Exposure
  ,                                       !- View Factor to Ground
  ,                                       !- Number of Vertices
  -12, 18, 3,                             !- X,Y,Z Vertex 1 {m}
  -12, 18, 0,                             !- X,Y,Z Vertex 2 {m}
  -12, 15, 0,                             !- X,Y,Z Vertex 3 {m}
  -12, 15, 3;                             !- X,Y,Z Vertex 4 {m}

OS:Surface,
  {db49422b-ab19-4087-ac08-3ad74df8d968}, !- Handle
  Face 3,                                 !- Name
  Wall,                                   !- Surface Type
  {ed09e365-64c0-4319-9156-0c2ecc1a20e6}, !- Construction Name
  {4c52e717-7c93-48c2-bfd8-87d084726542}, !- Space Name
  Surface,                                !- Outside Boundary Condition
  {91be69f1-2c61-447c-baab-c63a1e9e1d48}, !- Outside Boundary Condition Object
  NoSun,                                  !- Sun Exposure
  NoWind,                                 !- Wind Exposure
  ,                                       !- View Factor to Ground
  ,                                       !- Number of Vertices
  -6, 18, 3,                              !- X,Y,Z Vertex 1 {m}
  -6, 18, 0,                              !- X,Y,Z Vertex 2 {m}
  -12, 18, 0,                             !- X,Y,Z Vertex 3 {m}
  -12, 18, 3;                             !- X,Y,Z Vertex 4 {m}

OS:Surface,
  {153d8b6e-642d-414c-bb69-1f0a3d1616c7}, !- Handle
  Face 6,                                 !- Name
  Wall,                                   !- Surface Type
  {31144866-581f-49f2-8975-183d47bfa77e}, !- Construction Name
  {4c52e717-7c93-48c2-bfd8-87d084726542}, !- Space Name
  Outdoors,                               !- Outside Boundary Condition
  ,                                       !- Outside Boundary Condition Object
  SunExposed,                             !- Sun Exposure
  WindExposed,                            !- Wind Exposure
  ,                                       !- View Factor to Ground
  ,                                       !- Number of Vertices
  -6, 15, 3,                              !- X,Y,Z Vertex 1 {m}
  -12, 15, 3,                             !- X,Y,Z Vertex 2 {m}
  -12, 15, 0,                             !- X,Y,Z Vertex 3 {m}
  -6, 15, 0;                              !- X,Y,Z Vertex 4 {m}

OS:Daylighting:Control,
  {592d885d-caa0-4f4e-b6d5-966d4894a82b}, !- Handle
  Face 7,                                 !- Name
  {4c52e717-7c93-48c2-bfd8-87d084726542}, !- Space Name
  -9,                                     !- Position X-Coordinate {m}
  17,                                     !- Position Y-Coordinate {m}
  0.76,                                   !- Position Z-Coordinate {m}
  ,                                       !- Psi Rotation Around X-Axis {deg}
  ,                                       !- Theta Rotation Around Y-Axis {deg}
  ,                                       !- Phi Rotation Around Z-Axis {deg}
  100;                                    !- Illuminance Setpoint {lux}

OS:Surface,
  {f5e05727-32f5-439f-89e2-2b6006e7a931}, !- Handle
  Face 87,                                !- Name
  Floor,                                  !- Surface Type
  ,                                       !- Construction Name
  {d2d308ee-b6a6-478b-b00c-72bcaaabb3fe}, !- Space Name
  Surface,                                !- Outside Boundary Condition
  {53aff9f3-072f-4d3d-8cc3-98bd7f429e5b}, !- Outside Boundary Condition Object
  NoSun,                                  !- Sun Exposure
  NoWind,                                 !- Wind Exposure
  ,                                       !- View Factor to Ground
  ,                                       !- Number of Vertices
  -14, 20, 3,                             !- X,Y,Z Vertex 1 {m}
  -14, 15, 3,                             !- X,Y,Z Vertex 2 {m}
  -17, 15, 3,                             !- X,Y,Z Vertex 3 {m}
  -17, 20, 3;                             !- X,Y,Z Vertex 4 {m}

OS:Surface,
  {b69d9c4e-804b-4e7c-a2be-dc50b1694759}, !- Handle
  Face 88,                                !- Name
  RoofCeiling,                            !- Surface Type
  {6f9585f8-6735-4aa0-81e6-e7238a173e37}, !- Construction Name
  {d2d308ee-b6a6-478b-b00c-72bcaaabb3fe}, !- Space Name
  Outdoors,                               !- Outside Boundary Condition
  ,                                       !- Outside Boundary Condition Object
  SunExposed,                             !- Sun Exposure
  WindExposed,                            !- Wind Exposure
  ,                                       !- View Factor to Ground
  ,                                       !- Number of Vertices
  -14, 15, 6,                             !- X,Y,Z Vertex 1 {m}
  -14, 20, 6,                             !- X,Y,Z Vertex 2 {m}
  -17, 20, 6,                             !- X,Y,Z Vertex 3 {m}
  -17, 15, 6;                             !- X,Y,Z Vertex 4 {m}

OS:Surface,
  {abdc0cad-77dd-4fbd-9e7a-56bbe61473ba}, !- Handle
  Face 70,                                !- Name
  Wall,                                   !- Surface Type
  {31144866-581f-49f2-8975-183d47bfa77e}, !- Construction Name
  {d2d308ee-b6a6-478b-b00c-72bcaaabb3fe}, !- Space Name
  Outdoors,                               !- Outside Boundary Condition
  ,                                       !- Outside Boundary Condition Object
  SunExposed,                             !- Sun Exposure
  WindExposed,                            !- Wind Exposure
  ,                                       !- View Factor to Ground
  ,                                       !- Number of Vertices
  -14, 15, 6,                             !- X,Y,Z Vertex 1 {m}
  -17, 15, 6,                             !- X,Y,Z Vertex 2 {m}
  -17, 15, 3,                             !- X,Y,Z Vertex 3 {m}
  -14, 15, 3;                             !- X,Y,Z Vertex 4 {m}

OS:Surface,
  {d9175b91-3e57-442b-856b-d6746ffc2ae5}, !- Handle
  Face 69,                                !- Name
  Wall,                                   !- Surface Type
  {ed09e365-64c0-4319-9156-0c2ecc1a20e6}, !- Construction Name
  {d2d308ee-b6a6-478b-b00c-72bcaaabb3fe}, !- Space Name
  Surface,                                !- Outside Boundary Condition
  {80b14fff-6a89-4877-91a4-f4bc39407a08}, !- Outside Boundary Condition Object
  NoSun,                                  !- Sun Exposure
  NoWind,                                 !- Wind Exposure
  ,                                       !- View Factor to Ground
  ,                                       !- Number of Vertices
  -14, 15, 6,                             !- X,Y,Z Vertex 1 {m}
  -14, 15, 3,                             !- X,Y,Z Vertex 2 {m}
  -14, 20, 3,                             !- X,Y,Z Vertex 3 {m}
  -14, 20, 6;                             !- X,Y,Z Vertex 4 {m}

OS:Surface,
  {e6acc2ea-5522-4a17-a5a6-e4eaf5343b44}, !- Handle
  Face 65,                                !- Name
  Wall,                                   !- Surface Type
  {31144866-581f-49f2-8975-183d47bfa77e}, !- Construction Name
  {d2d308ee-b6a6-478b-b00c-72bcaaabb3fe}, !- Space Name
  Outdoors,                               !- Outside Boundary Condition
  ,                                       !- Outside Boundary Condition Object
  SunExposed,                             !- Sun Exposure
  WindExposed,                            !- Wind Exposure
  ,                                       !- View Factor to Ground
  ,                                       !- Number of Vertices
  -17, 15, 6,                             !- X,Y,Z Vertex 1 {m}
  -17, 20, 6,                             !- X,Y,Z Vertex 2 {m}
  -17, 20, 3,                             !- X,Y,Z Vertex 3 {m}
  -17, 15, 3;                             !- X,Y,Z Vertex 4 {m}

OS:SubSurface,
  {3bef398a-d3eb-49d0-a2b7-1c37384ff8ef}, !- Handle
  Face 66,                                !- Name
  FixedWindow,                            !- Sub Surface Type
  {60aff776-53e5-494d-8176-ab14700045df}, !- Construction Name
  {e6acc2ea-5522-4a17-a5a6-e4eaf5343b44}, !- Surface Name
  ,                                       !- Outside Boundary Condition Object
  ,                                       !- View Factor to Ground
  ,                                       !- Frame and Divider Name
  ,                                       !- Multiplier
  ,                                       !- Number of Vertices
  -17, 16.4, 5.2,                         !- X,Y,Z Vertex 1 {m}
  -17, 16.4, 3.9,                         !- X,Y,Z Vertex 2 {m}
  -17, 15.6, 3.9,                         !- X,Y,Z Vertex 3 {m}
  -17, 15.6, 5.2;                         !- X,Y,Z Vertex 4 {m}

OS:SubSurface,
  {fbc1fb0d-3fdc-4c28-b2a5-09c7a8cc0237}, !- Handle
  Face 67,                                !- Name
  FixedWindow,                            !- Sub Surface Type
  {60aff776-53e5-494d-8176-ab14700045df}, !- Construction Name
  {e6acc2ea-5522-4a17-a5a6-e4eaf5343b44}, !- Surface Name
  ,                                       !- Outside Boundary Condition Object
  ,                                       !- View Factor to Ground
  ,                                       !- Frame and Divider Name
  ,                                       !- Multiplier
  ,                                       !- Number of Vertices
  -17, 18.3, 5,                           !- X,Y,Z Vertex 1 {m}
  -17, 18.3, 3.8,                         !- X,Y,Z Vertex 2 {m}
  -17, 17.7, 3.8,                         !- X,Y,Z Vertex 3 {m}
  -17, 17.7, 5;                           !- X,Y,Z Vertex 4 {m}

OS:Surface,
  {421bf04c-7dd8-4670-bf0f-4a6737a18d45}, !- Handle
  Face 68,                                !- Name
  Wall,                                   !- Surface Type
  {ed09e365-64c0-4319-9156-0c2ecc1a20e6}, !- Construction Name
  {d2d308ee-b6a6-478b-b00c-72bcaaabb3fe}, !- Space Name
  Surface,                                !- Outside Boundary Condition
  {a80ca2aa-58da-4496-a677-85b58d8c4232}, !- Outside Boundary Condition Object
  NoSun,                                  !- Sun Exposure
  NoWind,                                 !- Wind Exposure
  ,                                       !- View Factor to Ground
  ,                                       !- Number of Vertices
  -14, 20, 6,                             !- X,Y,Z Vertex 1 {m}
  -14, 20, 3,                             !- X,Y,Z Vertex 2 {m}
  -17, 20, 3,                             !- X,Y,Z Vertex 3 {m}
  -17, 20, 6;                             !- X,Y,Z Vertex 4 {m}

OS:Daylighting:Control,
  {2f7f7b9a-9638-4b50-9cb4-5b6c8e59944c}, !- Handle
  Face 71,                                !- Name
  {d2d308ee-b6a6-478b-b00c-72bcaaabb3fe}, !- Space Name
  -15,                                    !- Position X-Coordinate {m}
  17,                                     !- Position Y-Coordinate {m}
  3.76,                                   !- Position Z-Coordinate {m}
  ,                                       !- Psi Rotation Around X-Axis {deg}
  ,                                       !- Theta Rotation Around Y-Axis {deg}
  ,                                       !- Phi Rotation Around Z-Axis {deg}
  150;                                    !- Illuminance Setpoint {lux}

OS:Surface,
  {2fc33926-d724-4996-974a-1c8cd24dddd4}, !- Handle
  Face 61,                                !- Name
  Wall,                                   !- Surface Type
  {ed09e365-64c0-4319-9156-0c2ecc1a20e6}, !- Construction Name
  {7cdc3079-84a7-4a76-b681-8f9ec3528da8}, !- Space Name
  Surface,                                !- Outside Boundary Condition
  {907efef4-6f6e-4d52-8a13-df5dfe21b2a9}, !- Outside Boundary Condition Object
  NoSun,                                  !- Sun Exposure
  NoWind,                                 !- Wind Exposure
  ,                                       !- View Factor to Ground
  ,                                       !- Number of Vertices
  -12, 20, 6,                             !- X,Y,Z Vertex 1 {m}
  -12, 20, 3,                             !- X,Y,Z Vertex 2 {m}
  -6, 20, 3,                              !- X,Y,Z Vertex 3 {m}
  -6, 20, 6;                              !- X,Y,Z Vertex 4 {m}

OS:Surface,
  {23308b49-ba74-4e46-ba5a-c28ca1a46dc3}, !- Handle
  Face 55,                                !- Name
  Wall,                                   !- Surface Type
  {ed09e365-64c0-4319-9156-0c2ecc1a20e6}, !- Construction Name
  {7cdc3079-84a7-4a76-b681-8f9ec3528da8}, !- Space Name
  Surface,                                !- Outside Boundary Condition
  {032011aa-53ad-405f-9fd2-54a1e5eb8e4e}, !- Outside Boundary Condition Object
  NoSun,                                  !- Sun Exposure
  NoWind,                                 !- Wind Exposure
  ,                                       !- View Factor to Ground
  ,                                       !- Number of Vertices
  -12, 23, 6,                             !- X,Y,Z Vertex 1 {m}
  -12, 23, 3,                             !- X,Y,Z Vertex 2 {m}
  -12, 20, 3,                             !- X,Y,Z Vertex 3 {m}
  -12, 20, 6;                             !- X,Y,Z Vertex 4 {m}

OS:Surface,
  {cfeeeb6f-5012-4048-b5b4-69ae8a574b06}, !- Handle
  Face 53,                                !- Name
  Floor,                                  !- Surface Type
  {e9435805-3e1f-4411-a0d2-6c7ed13afabd}, !- Construction Name
  {7cdc3079-84a7-4a76-b681-8f9ec3528da8}, !- Space Name
  Surface,                                !- Outside Boundary Condition
  {1f8c7f9a-874a-4236-99d1-a2e6ed56095f}, !- Outside Boundary Condition Object
  NoSun,                                  !- Sun Exposure
  NoWind,                                 !- Wind Exposure
  ,                                       !- View Factor to Ground
  ,                                       !- Number of Vertices
  -6, 23, 3,                              !- X,Y,Z Vertex 1 {m}
  -6, 20, 3,                              !- X,Y,Z Vertex 2 {m}
  -12, 20, 3,                             !- X,Y,Z Vertex 3 {m}
  -12, 23, 3;                             !- X,Y,Z Vertex 4 {m}

OS:Surface,
  {fe90a1a0-ed7b-46ea-a7c6-a70d793de96b}, !- Handle
  Face 54,                                !- Name
  RoofCeiling,                            !- Surface Type
  {6f9585f8-6735-4aa0-81e6-e7238a173e37}, !- Construction Name
  {7cdc3079-84a7-4a76-b681-8f9ec3528da8}, !- Space Name
  Outdoors,                               !- Outside Boundary Condition
  ,                                       !- Outside Boundary Condition Object
  SunExposed,                             !- Sun Exposure
  WindExposed,                            !- Wind Exposure
  ,                                       !- View Factor to Ground
  ,                                       !- Number of Vertices
  -6, 20, 6,                              !- X,Y,Z Vertex 1 {m}
  -6, 23, 6,                              !- X,Y,Z Vertex 2 {m}
  -12, 23, 6,                             !- X,Y,Z Vertex 3 {m}
  -12, 20, 6;                             !- X,Y,Z Vertex 4 {m}

OS:Surface,
  {67b98dbf-3a9d-4e36-842e-b8cf234535b4}, !- Handle
  Face 59,                                !- Name
  Wall,                                   !- Surface Type
  {31144866-581f-49f2-8975-183d47bfa77e}, !- Construction Name
  {7cdc3079-84a7-4a76-b681-8f9ec3528da8}, !- Space Name
  Outdoors,                               !- Outside Boundary Condition
  ,                                       !- Outside Boundary Condition Object
  SunExposed,                             !- Sun Exposure
  WindExposed,                            !- Wind Exposure
  ,                                       !- View Factor to Ground
  ,                                       !- Number of Vertices
  -6, 23, 6,                              !- X,Y,Z Vertex 1 {m}
  -6, 20, 6,                              !- X,Y,Z Vertex 2 {m}
  -6, 20, 3,                              !- X,Y,Z Vertex 3 {m}
  -6, 23, 3;                              !- X,Y,Z Vertex 4 {m}

OS:SubSurface,
  {56764680-19c6-454f-ae6b-2a12413ae647}, !- Handle
  Face 60,                                !- Name
  FixedWindow,                            !- Sub Surface Type
  {60aff776-53e5-494d-8176-ab14700045df}, !- Construction Name
  {67b98dbf-3a9d-4e36-842e-b8cf234535b4}, !- Surface Name
  ,                                       !- Outside Boundary Condition Object
  ,                                       !- View Factor to Ground
  ,                                       !- Frame and Divider Name
  ,                                       !- Multiplier
  ,                                       !- Number of Vertices
  -6, 20.6, 5.2,                          !- X,Y,Z Vertex 1 {m}
  -6, 20.6, 3.9,                          !- X,Y,Z Vertex 2 {m}
  -6, 21.4, 3.9,                          !- X,Y,Z Vertex 3 {m}
  -6, 21.4, 5.2;                          !- X,Y,Z Vertex 4 {m}

OS:Surface,
  {2886584e-a26a-4275-acc6-8a9a0c4d87f9}, !- Handle
  Face 56,                                !- Name
  Wall,                                   !- Surface Type
  {31144866-581f-49f2-8975-183d47bfa77e}, !- Construction Name
  {7cdc3079-84a7-4a76-b681-8f9ec3528da8}, !- Space Name
  Outdoors,                               !- Outside Boundary Condition
  ,                                       !- Outside Boundary Condition Object
  SunExposed,                             !- Sun Exposure
  WindExposed,                            !- Wind Exposure
  ,                                       !- View Factor to Ground
  ,                                       !- Number of Vertices
  -12, 23, 6,                             !- X,Y,Z Vertex 1 {m}
  -6, 23, 6,                              !- X,Y,Z Vertex 2 {m}
  -6, 23, 3,                              !- X,Y,Z Vertex 3 {m}
  -12, 23, 3;                             !- X,Y,Z Vertex 4 {m}

OS:SubSurface,
  {26b99d32-653d-4d77-8df1-bb638477ee41}, !- Handle
  Face 57,                                !- Name
  FixedWindow,                            !- Sub Surface Type
  {60aff776-53e5-494d-8176-ab14700045df}, !- Construction Name
  {2886584e-a26a-4275-acc6-8a9a0c4d87f9}, !- Surface Name
  ,                                       !- Outside Boundary Condition Object
  ,                                       !- View Factor to Ground
  ,                                       !- Frame and Divider Name
  ,                                       !- Multiplier
  ,                                       !- Number of Vertices
  -7.7, 23, 5,                            !- X,Y,Z Vertex 1 {m}
  -7.7, 23, 3.8,                          !- X,Y,Z Vertex 2 {m}
  -8.3, 23, 3.8,                          !- X,Y,Z Vertex 3 {m}
  -8.3, 23, 5;                            !- X,Y,Z Vertex 4 {m}

OS:SubSurface,
  {0640c1e2-7458-4bd5-a161-e63db2132ef2}, !- Handle
  Face 58,                                !- Name
  FixedWindow,                            !- Sub Surface Type
  {60aff776-53e5-494d-8176-ab14700045df}, !- Construction Name
  {2886584e-a26a-4275-acc6-8a9a0c4d87f9}, !- Surface Name
  ,                                       !- Outside Boundary Condition Object
  ,                                       !- View Factor to Ground
  ,                                       !- Frame and Divider Name
  ,                                       !- Multiplier
  ,                                       !- Number of Vertices
  -9.7, 23, 5,                            !- X,Y,Z Vertex 1 {m}
  -9.7, 23, 3.8,                          !- X,Y,Z Vertex 2 {m}
  -10.3, 23, 3.8,                         !- X,Y,Z Vertex 3 {m}
  -10.3, 23, 5;                           !- X,Y,Z Vertex 4 {m}

OS:Daylighting:Control,
  {97fef426-2be4-4b22-bfec-ee21e3d75bf9}, !- Handle
  Face 62,                                !- Name
  {7cdc3079-84a7-4a76-b681-8f9ec3528da8}, !- Space Name
  -9,                                     !- Position X-Coordinate {m}
  21,                                     !- Position Y-Coordinate {m}
  3.76,                                   !- Position Z-Coordinate {m}
  ,                                       !- Psi Rotation Around X-Axis {deg}
  ,                                       !- Theta Rotation Around Y-Axis {deg}
  ,                                       !- Phi Rotation Around Z-Axis {deg}
  150;                                    !- Illuminance Setpoint {lux}

OS:Surface,
  {f29a8b87-5cea-436b-a318-972ea0c5f7d9}, !- Handle
  Face 41,                                !- Name
  Wall,                                   !- Surface Type
  {31144866-581f-49f2-8975-183d47bfa77e}, !- Construction Name
  {b02c06d7-4787-40c9-8140-f7f160e1f09a}, !- Space Name
  Outdoors,                               !- Outside Boundary Condition
  ,                                       !- Outside Boundary Condition Object
  SunExposed,                             !- Sun Exposure
  WindExposed,                            !- Wind Exposure
  ,                                       !- View Factor to Ground
  ,                                       !- Number of Vertices
  -17, 20, 6,                             !- X,Y,Z Vertex 1 {m}
  -17, 23, 6,                             !- X,Y,Z Vertex 2 {m}
  -17, 23, 3,                             !- X,Y,Z Vertex 3 {m}
  -17, 20, 3;                             !- X,Y,Z Vertex 4 {m}

OS:SubSurface,
  {c16bf497-dd1e-445a-854c-3006db8de2e0}, !- Handle
  Face 42,                                !- Name
  FixedWindow,                            !- Sub Surface Type
  {60aff776-53e5-494d-8176-ab14700045df}, !- Construction Name
  {f29a8b87-5cea-436b-a318-972ea0c5f7d9}, !- Surface Name
  ,                                       !- Outside Boundary Condition Object
  ,                                       !- View Factor to Ground
  ,                                       !- Frame and Divider Name
  ,                                       !- Multiplier
  ,                                       !- Number of Vertices
  -17, 22.4, 5.2,                         !- X,Y,Z Vertex 1 {m}
  -17, 22.4, 3.9,                         !- X,Y,Z Vertex 2 {m}
  -17, 21.6, 3.9,                         !- X,Y,Z Vertex 3 {m}
  -17, 21.6, 5.2;                         !- X,Y,Z Vertex 4 {m}

OS:Surface,
  {5572d426-9dd3-4359-8fd1-9ee70cf07ac0}, !- Handle
  Face 89,                                !- Name
  Floor,                                  !- Surface Type
  ,                                       !- Construction Name
  {b02c06d7-4787-40c9-8140-f7f160e1f09a}, !- Space Name
  Surface,                                !- Outside Boundary Condition
  {77b864e3-7b66-4983-83d9-ac08a6e57519}, !- Outside Boundary Condition Object
  NoSun,                                  !- Sun Exposure
  NoWind,                                 !- Wind Exposure
  ,                                       !- View Factor to Ground
  ,                                       !- Number of Vertices
  -14, 23, 3,                             !- X,Y,Z Vertex 1 {m}
  -14, 20, 3,                             !- X,Y,Z Vertex 2 {m}
  -17, 20, 3,                             !- X,Y,Z Vertex 3 {m}
  -17, 23, 3;                             !- X,Y,Z Vertex 4 {m}

OS:Surface,
  {1a5c4a81-2eae-48e8-b6c7-b9134d9b1683}, !- Handle
  Face 43,                                !- Name
  Wall,                                   !- Surface Type
  {31144866-581f-49f2-8975-183d47bfa77e}, !- Construction Name
  {b02c06d7-4787-40c9-8140-f7f160e1f09a}, !- Space Name
  Outdoors,                               !- Outside Boundary Condition
  ,                                       !- Outside Boundary Condition Object
  SunExposed,                             !- Sun Exposure
  WindExposed,                            !- Wind Exposure
  ,                                       !- View Factor to Ground
  ,                                       !- Number of Vertices
  -17, 23, 6,                             !- X,Y,Z Vertex 1 {m}
  -14, 23, 6,                             !- X,Y,Z Vertex 2 {m}
  -14, 23, 3,                             !- X,Y,Z Vertex 3 {m}
  -17, 23, 3;                             !- X,Y,Z Vertex 4 {m}

OS:SubSurface,
  {e52963ab-c554-4e21-9bc4-1363a71c1880}, !- Handle
  Face 44,                                !- Name
  FixedWindow,                            !- Sub Surface Type
  {60aff776-53e5-494d-8176-ab14700045df}, !- Construction Name
  {1a5c4a81-2eae-48e8-b6c7-b9134d9b1683}, !- Surface Name
  ,                                       !- Outside Boundary Condition Object
  ,                                       !- View Factor to Ground
  ,                                       !- Frame and Divider Name
  ,                                       !- Multiplier
  ,                                       !- Number of Vertices
  -15.6, 23, 5.2,                         !- X,Y,Z Vertex 1 {m}
  -15.6, 23, 3.9,                         !- X,Y,Z Vertex 2 {m}
  -16.4, 23, 3.9,                         !- X,Y,Z Vertex 3 {m}
  -16.4, 23, 5.2;                         !- X,Y,Z Vertex 4 {m}

OS:Surface,
  {6801aa16-085b-4f3e-9b4f-9b13b41e07b8}, !- Handle
  Face 45,                                !- Name
  Wall,                                   !- Surface Type
  {ed09e365-64c0-4319-9156-0c2ecc1a20e6}, !- Construction Name
  {b02c06d7-4787-40c9-8140-f7f160e1f09a}, !- Space Name
  Surface,                                !- Outside Boundary Condition
  {72dfa31a-6904-45a1-91c2-ac2567b3ec9b}, !- Outside Boundary Condition Object
  NoSun,                                  !- Sun Exposure
  NoWind,                                 !- Wind Exposure
  ,                                       !- View Factor to Ground
  ,                                       !- Number of Vertices
  -14, 20, 6,                             !- X,Y,Z Vertex 1 {m}
  -14, 20, 3,                             !- X,Y,Z Vertex 2 {m}
  -14, 23, 3,                             !- X,Y,Z Vertex 3 {m}
  -14, 23, 6;                             !- X,Y,Z Vertex 4 {m}

OS:Surface,
  {a80ca2aa-58da-4496-a677-85b58d8c4232}, !- Handle
  Face 46,                                !- Name
  Wall,                                   !- Surface Type
  {ed09e365-64c0-4319-9156-0c2ecc1a20e6}, !- Construction Name
  {b02c06d7-4787-40c9-8140-f7f160e1f09a}, !- Space Name
  Surface,                                !- Outside Boundary Condition
  {421bf04c-7dd8-4670-bf0f-4a6737a18d45}, !- Outside Boundary Condition Object
  NoSun,                                  !- Sun Exposure
  NoWind,                                 !- Wind Exposure
  ,                                       !- View Factor to Ground
  ,                                       !- Number of Vertices
  -17, 20, 6,                             !- X,Y,Z Vertex 1 {m}
  -17, 20, 3,                             !- X,Y,Z Vertex 2 {m}
  -14, 20, 3,                             !- X,Y,Z Vertex 3 {m}
  -14, 20, 6;                             !- X,Y,Z Vertex 4 {m}

OS:Surface,
  {a45a8ac0-98c4-4881-afaf-307e70ef2c54}, !- Handle
  Face 40,                                !- Name
  RoofCeiling,                            !- Surface Type
  {6f9585f8-6735-4aa0-81e6-e7238a173e37}, !- Construction Name
  {b02c06d7-4787-40c9-8140-f7f160e1f09a}, !- Space Name
  Outdoors,                               !- Outside Boundary Condition
  ,                                       !- Outside Boundary Condition Object
  SunExposed,                             !- Sun Exposure
  WindExposed,                            !- Wind Exposure
  ,                                       !- View Factor to Ground
  ,                                       !- Number of Vertices
  -14, 20, 6,                             !- X,Y,Z Vertex 1 {m}
  -14, 23, 6,                             !- X,Y,Z Vertex 2 {m}
  -17, 23, 6,                             !- X,Y,Z Vertex 3 {m}
  -17, 20, 6;                             !- X,Y,Z Vertex 4 {m}

OS:Surface,
  {e545f661-5fec-40a5-97bd-dc0007a6c070}, !- Handle
  Face 30,                                !- Name
  Floor,                                  !- Surface Type
  {75eeb10a-b303-4232-889f-5376316bafa6}, !- Construction Name
  {c68eee7a-4d10-42dc-bd28-8920685ddeef}, !- Space Name
  Surface,                                !- Outside Boundary Condition
  {4005da63-8373-42a0-ae40-9b07c975a83c}, !- Outside Boundary Condition Object
  NoSun,                                  !- Sun Exposure
  NoWind,                                 !- Wind Exposure
  ,                                       !- View Factor to Ground
  ,                                       !- Number of Vertices
  -6, 18, 3,                              !- X,Y,Z Vertex 1 {m}
  -6, 15, 3,                              !- X,Y,Z Vertex 2 {m}
  -12, 15, 3,                             !- X,Y,Z Vertex 3 {m}
  -12, 18, 3;                             !- X,Y,Z Vertex 4 {m}

OS:Surface,
  {d8ee3f71-f7da-4d94-afa1-aa9911abb004}, !- Handle
  Face 31,                                !- Name
  RoofCeiling,                            !- Surface Type
  {6f9585f8-6735-4aa0-81e6-e7238a173e37}, !- Construction Name
  {c68eee7a-4d10-42dc-bd28-8920685ddeef}, !- Space Name
  Outdoors,                               !- Outside Boundary Condition
  ,                                       !- Outside Boundary Condition Object
  SunExposed,                             !- Sun Exposure
  WindExposed,                            !- Wind Exposure
  ,                                       !- View Factor to Ground
  ,                                       !- Number of Vertices
  -6, 15, 6,                              !- X,Y,Z Vertex 1 {m}
  -6, 20, 6,                              !- X,Y,Z Vertex 2 {m}
  -12, 20, 6,                             !- X,Y,Z Vertex 3 {m}
  -12, 15, 6;                             !- X,Y,Z Vertex 4 {m}

OS:Surface,
  {907efef4-6f6e-4d52-8a13-df5dfe21b2a9}, !- Handle
  Face 33,                                !- Name
  Wall,                                   !- Surface Type
  {ed09e365-64c0-4319-9156-0c2ecc1a20e6}, !- Construction Name
  {c68eee7a-4d10-42dc-bd28-8920685ddeef}, !- Space Name
  Surface,                                !- Outside Boundary Condition
  {2fc33926-d724-4996-974a-1c8cd24dddd4}, !- Outside Boundary Condition Object
  NoSun,                                  !- Sun Exposure
  NoWind,                                 !- Wind Exposure
  ,                                       !- View Factor to Ground
  ,                                       !- Number of Vertices
  -6, 20, 6,                              !- X,Y,Z Vertex 1 {m}
  -6, 20, 3,                              !- X,Y,Z Vertex 2 {m}
  -12, 20, 3,                             !- X,Y,Z Vertex 3 {m}
  -12, 20, 6;                             !- X,Y,Z Vertex 4 {m}

OS:Surface,
  {5f285a29-f3a9-41bd-8db6-7d4afedceff2}, !- Handle
  Face 34,                                !- Name
  Wall,                                   !- Surface Type
  {31144866-581f-49f2-8975-183d47bfa77e}, !- Construction Name
  {c68eee7a-4d10-42dc-bd28-8920685ddeef}, !- Space Name
  Outdoors,                               !- Outside Boundary Condition
  ,                                       !- Outside Boundary Condition Object
  SunExposed,                             !- Sun Exposure
  WindExposed,                            !- Wind Exposure
  ,                                       !- View Factor to Ground
  ,                                       !- Number of Vertices
  -6, 20, 6,                              !- X,Y,Z Vertex 1 {m}
  -6, 15, 6,                              !- X,Y,Z Vertex 2 {m}
  -6, 15, 3,                              !- X,Y,Z Vertex 3 {m}
  -6, 20, 3;                              !- X,Y,Z Vertex 4 {m}

OS:SubSurface,
  {c9520888-1eba-4231-8761-81d407bba4bf}, !- Handle
  Face 35,                                !- Name
  FixedWindow,                            !- Sub Surface Type
  {60aff776-53e5-494d-8176-ab14700045df}, !- Construction Name
  {5f285a29-f3a9-41bd-8db6-7d4afedceff2}, !- Surface Name
  ,                                       !- Outside Boundary Condition Object
  ,                                       !- View Factor to Ground
  ,                                       !- Frame and Divider Name
  ,                                       !- Multiplier
  ,                                       !- Number of Vertices
  -6, 18.7, 5,                            !- X,Y,Z Vertex 1 {m}
  -6, 18.7, 3.8,                          !- X,Y,Z Vertex 2 {m}
  -6, 19.3, 3.8,                          !- X,Y,Z Vertex 3 {m}
  -6, 19.3, 5;                            !- X,Y,Z Vertex 4 {m}

OS:SubSurface,
  {683414a7-f102-499f-bbcb-09ce4c29c86d}, !- Handle
  Face 36,                                !- Name
  FixedWindow,                            !- Sub Surface Type
  {60aff776-53e5-494d-8176-ab14700045df}, !- Construction Name
  {5f285a29-f3a9-41bd-8db6-7d4afedceff2}, !- Surface Name
  ,                                       !- Outside Boundary Condition Object
  ,                                       !- View Factor to Ground
  ,                                       !- Frame and Divider Name
  ,                                       !- Multiplier
  ,                                       !- Number of Vertices
  -6, 16.7, 5,                            !- X,Y,Z Vertex 1 {m}
  -6, 16.7, 3.8,                          !- X,Y,Z Vertex 2 {m}
  -6, 17.3, 3.8,                          !- X,Y,Z Vertex 3 {m}
  -6, 17.3, 5;                            !- X,Y,Z Vertex 4 {m}

OS:Surface,
  {59a22213-6f83-4ce5-82e1-19c91922d2ed}, !- Handle
  Face 37,                                !- Name
  Wall,                                   !- Surface Type
  {31144866-581f-49f2-8975-183d47bfa77e}, !- Construction Name
  {c68eee7a-4d10-42dc-bd28-8920685ddeef}, !- Space Name
  Outdoors,                               !- Outside Boundary Condition
  ,                                       !- Outside Boundary Condition Object
  SunExposed,                             !- Sun Exposure
  WindExposed,                            !- Wind Exposure
  ,                                       !- View Factor to Ground
  ,                                       !- Number of Vertices
  -6, 15, 6,                              !- X,Y,Z Vertex 1 {m}
  -12, 15, 6,                             !- X,Y,Z Vertex 2 {m}
  -12, 15, 3,                             !- X,Y,Z Vertex 3 {m}
  -6, 15, 3;                              !- X,Y,Z Vertex 4 {m}

OS:Surface,
  {4d88f288-d31e-4706-b6c3-50f36d3ad417}, !- Handle
  Face 32,                                !- Name
  Wall,                                   !- Surface Type
  {ed09e365-64c0-4319-9156-0c2ecc1a20e6}, !- Construction Name
  {c68eee7a-4d10-42dc-bd28-8920685ddeef}, !- Space Name
  Surface,                                !- Outside Boundary Condition
  {8d7f1922-88ed-4501-9f5d-35d68129b6cf}, !- Outside Boundary Condition Object
  NoSun,                                  !- Sun Exposure
  NoWind,                                 !- Wind Exposure
  ,                                       !- View Factor to Ground
  ,                                       !- Number of Vertices
  -12, 20, 6,                             !- X,Y,Z Vertex 1 {m}
  -12, 20, 3,                             !- X,Y,Z Vertex 2 {m}
  -12, 15, 3,                             !- X,Y,Z Vertex 3 {m}
  -12, 15, 6;                             !- X,Y,Z Vertex 4 {m}

OS:Surface,
  {9af9a86d-c7cb-4252-8e24-24ce5ecff085}, !- Handle
  Surface 1,                              !- Name
  Floor,                                  !- Surface Type
  {75eeb10a-b303-4232-889f-5376316bafa6}, !- Construction Name
  {c68eee7a-4d10-42dc-bd28-8920685ddeef}, !- Space Name
  Surface,                                !- Outside Boundary Condition
  {11d50b4f-7bee-4bc3-a471-cf1099a32d04}, !- Outside Boundary Condition Object
  NoSun,                                  !- Sun Exposure
  NoWind,                                 !- Wind Exposure
  ,                                       !- View Factor to Ground
  ,                                       !- Number of Vertices
  -6, 20, 3,                              !- X,Y,Z Vertex 1 {m}
  -6, 18, 3,                              !- X,Y,Z Vertex 2 {m}
  -12, 18, 3,                             !- X,Y,Z Vertex 3 {m}
  -12, 20, 3;                             !- X,Y,Z Vertex 4 {m}

OS:Daylighting:Control,
  {114a01b4-d788-4eb0-9f6e-53374e9b93d6}, !- Handle
  Face 38,                                !- Name
  {c68eee7a-4d10-42dc-bd28-8920685ddeef}, !- Space Name
  -9,                                     !- Position X-Coordinate {m}
  18,                                     !- Position Y-Coordinate {m}
  3.76,                                   !- Position Z-Coordinate {m}
  ,                                       !- Psi Rotation Around X-Axis {deg}
  ,                                       !- Theta Rotation Around Y-Axis {deg}
  ,                                       !- Phi Rotation Around Z-Axis {deg}
  150;                                    !- Illuminance Setpoint {lux}

OS:Lights,
  {1d58b86d-6240-4bfc-ae89-7e56e58bd3e7}, !- Handle
  Lights 1,                               !- Name
  {ee27158b-188d-4a7c-aefc-b3d598897bec}, !- Lights Definition Name
  {501e32bd-ad3a-4cca-8626-19c223485646}, !- Space or SpaceType Name
  {ee86b52f-cb20-4ced-8a86-57e7be4f2076}, !- Schedule Name
  1,                                      !- Fraction Replaceable
  ,                                       !- Multiplier
  General;                                !- End-Use Subcategory

OS:Lights,
  {a22fd605-bccc-4caf-913a-412226ae00ef}, !- Handle
  Lights 2,                               !- Name
  {340efc82-c241-4d5b-a5b0-4e5e8ba297c6}, !- Lights Definition Name
  {56c0fe9c-c716-41de-8687-5384b50f8a6f}, !- Space or SpaceType Name
  {ee86b52f-cb20-4ced-8a86-57e7be4f2076}, !- Schedule Name
  1,                                      !- Fraction Replaceable
  ,                                       !- Multiplier
  General;                                !- End-Use Subcategory

OS:Lights,
  {7d5fff35-b027-40b4-8ef8-bd1de4d989bf}, !- Handle
  Lights 3,                               !- Name
  {5cc92493-0b05-40ca-94ae-c99cc37a0338}, !- Lights Definition Name
  {90bbaa1d-abda-4c9a-bb23-7bd03babb9f3}, !- Space or SpaceType Name
  {68dba402-f88d-4042-badc-4d8aceacdb43}, !- Schedule Name
  1,                                      !- Fraction Replaceable
  ,                                       !- Multiplier
  General;                                !- End-Use Subcategory

OS:Lights,
  {1b5ec007-5df8-497d-9875-afcce6a10a73}, !- Handle
  Lights 4,                               !- Name
  {de33ac80-9b25-474f-8b2d-9804a121d03f}, !- Lights Definition Name
  {3c1828a9-074a-43cb-a83b-b662e4ecfaac}, !- Space or SpaceType Name
  {ad5319a1-7354-46c1-a94d-bf121e86b33a}, !- Schedule Name
  1,                                      !- Fraction Replaceable
  ,                                       !- Multiplier
  General;                                !- End-Use Subcategory

OS:ElectricEquipment,
  {d0449276-1e37-4919-8ceb-ae6b312854e3}, !- Handle
  Electric Equipment 2,                   !- Name
  {4dbdd820-d5e2-4900-b7f7-5434180a546a}, !- Electric Equipment Definition Name
  {56c0fe9c-c716-41de-8687-5384b50f8a6f}, !- Space or SpaceType Name
  {2cd03205-8eb6-46f7-89e2-0d6302f26819}, !- Schedule Name
  ,                                       !- Multiplier
  General;                                !- End-Use Subcategory

OS:ElectricEquipment,
  {d08c2fe6-bd53-47e6-b44d-fcd1381dab6e}, !- Handle
  Electric Equipment 3,                   !- Name
  {f51a96df-e0a8-4497-bc22-da6d9131d02b}, !- Electric Equipment Definition Name
  {90bbaa1d-abda-4c9a-bb23-7bd03babb9f3}, !- Space or SpaceType Name
  {e14e95c1-772c-4993-bcea-8e41d995b2c2}, !- Schedule Name
  ,                                       !- Multiplier
  General;                                !- End-Use Subcategory

OS:ElectricEquipment,
  {3adc7805-3fa1-45e3-bacf-6259482bd4e7}, !- Handle
  Electric Equipment 4,                   !- Name
  {cd21a22c-142d-4cb3-92e9-d7fed3bd7bb9}, !- Electric Equipment Definition Name
  {3c1828a9-074a-43cb-a83b-b662e4ecfaac}, !- Space or SpaceType Name
  {6d237235-60bf-4523-91bc-1c559f3e7ac4}, !- Schedule Name
  ,                                       !- Multiplier
  General;                                !- End-Use Subcategory

OS:People,
  {164fba75-5629-4e85-a8ed-98685687bd05}, !- Handle
  People 2,                               !- Name
  {da60ceb7-7bfe-404a-b7e3-1d7011a88583}, !- People Definition Name
  {90bbaa1d-abda-4c9a-bb23-7bd03babb9f3}, !- Space or SpaceType Name
  {e6b60713-4c4e-4f06-820c-1696e9542433}, !- Number of People Schedule Name
  {52f536aa-b377-4356-a0f9-447ef970fc1c}, !- Activity Level Schedule Name
  ,                                       !- Surface Name/Angle Factor List Name
  ,                                       !- Work Efficiency Schedule Name
  ,                                       !- Clothing Insulation Schedule Name
  ,                                       !- Air Velocity Schedule Name
  ,                                       !- Multiplier
  ,                                       !- Ankle Level Air Velocity Schedule Name
  1;                                      !- Cold Stress Temperature Threshold {C}

OS:People,
  {e12faf4d-80e4-44c7-b77f-87e6ec086b6a}, !- Handle
  People 3,                               !- Name
  {da60ceb7-7bfe-404a-b7e3-1d7011a88583}, !- People Definition Name
  {56c0fe9c-c716-41de-8687-5384b50f8a6f}, !- Space or SpaceType Name
  {e6b60713-4c4e-4f06-820c-1696e9542433}, !- Number of People Schedule Name
  {6ce8ebd5-e1f5-471a-b403-3d21451e10a0}, !- Activity Level Schedule Name
  ,                                       !- Surface Name/Angle Factor List Name
  ,                                       !- Work Efficiency Schedule Name
  ,                                       !- Clothing Insulation Schedule Name
  ,                                       !- Air Velocity Schedule Name
  ,                                       !- Multiplier
  ,                                       !- Ankle Level Air Velocity Schedule Name
  1;                                      !- Cold Stress Temperature Threshold {C}

OS:Schedule:Ruleset,
  {46069216-fc12-41ea-a454-e735652ea0ab}, !- Handle
  aktivite_yatakodasi,                    !- Name
  {916898a1-9aad-4a8b-b388-1f2575ae32f9}, !- Schedule Type Limits Name
  {7ac6f27a-5ee1-44d4-a9ba-d7bbc7b6c9c8}; !- Default Day Schedule Name

OS:Schedule:Day,
  {7ac6f27a-5ee1-44d4-a9ba-d7bbc7b6c9c8}, !- Handle
  Schedule Day 13,                        !- Name
  {916898a1-9aad-4a8b-b388-1f2575ae32f9}, !- Schedule Type Limits Name
  ,                                       !- Interpolate to Timestep
  7,                                      !- Hour 1
  0,                                      !- Minute 1
  70.7049034950443,                       !- Value Until Time 1
  23,                                     !- Hour 2
  0,                                      !- Minute 2
  0,                                      !- Value Until Time 2
  24,                                     !- Hour 3
  0,                                      !- Minute 3
  70.9865871152843;                       !- Value Until Time 3

OS:People,
  {d6a29977-2c91-4e03-8188-b9e577b159a2}, !- Handle
  People 1,                               !- Name
  {da60ceb7-7bfe-404a-b7e3-1d7011a88583}, !- People Definition Name
  {3c1828a9-074a-43cb-a83b-b662e4ecfaac}, !- Space or SpaceType Name
  {0d70d1d3-26ce-4084-842b-f8bc92e65f0e}, !- Number of People Schedule Name
  {46069216-fc12-41ea-a454-e735652ea0ab}, !- Activity Level Schedule Name
  ,                                       !- Surface Name/Angle Factor List Name
  ,                                       !- Work Efficiency Schedule Name
  ,                                       !- Clothing Insulation Schedule Name
  ,                                       !- Air Velocity Schedule Name
  ,                                       !- Multiplier
  ,                                       !- Ankle Level Air Velocity Schedule Name
  1;                                      !- Cold Stress Temperature Threshold {C}

OS:Schedule:Constant,
  {04168014-7187-4274-bddc-dc155a1a5416}, !- Handle
  Always On Discrete,                     !- Name
  {e57ff6ec-52ae-4464-9675-dded954e849b}, !- Schedule Type Limits Name
  1;                                      !- Value

OS:ScheduleTypeLimits,
  {e57ff6ec-52ae-4464-9675-dded954e849b}, !- Handle
  OnOff 1,                                !- Name
  0,                                      !- Lower Limit Value
  1,                                      !- Upper Limit Value
  Discrete,                               !- Numeric Type
  Availability;                           !- Unit Type

OS:Rendering:Color,
  {9d4d5377-30ee-4b64-bc61-7d4ba7f516cc}, !- Handle
  Rendering Color 28,                     !- Name
  106,                                    !- Rendering Red Value
  205,                                    !- Rendering Green Value
  90;                                     !- Rendering Blue Value

OS:Rendering:Color,
  {466a7bc2-92bc-4404-aa0d-949fc064c6a7}, !- Handle
  Rendering Color 29,                     !- Name
  218,                                    !- Rendering Red Value
  214,                                    !- Rendering Green Value
  112;                                    !- Rendering Blue Value

OS:Schedule:Ruleset,
  {265c3717-2f61-4ecb-b00b-40290acacb23}, !- Handle
  heating setpoint,                       !- Name
  {e101e8e7-6db9-4837-905b-7ec36a844445}, !- Schedule Type Limits Name
  {e833f7d2-507b-4f99-a8fa-000bc7e4ecf0}; !- Default Day Schedule Name

OS:Schedule:Day,
  {e833f7d2-507b-4f99-a8fa-000bc7e4ecf0}, !- Handle
  Schedule Day 14,                        !- Name
  {e101e8e7-6db9-4837-905b-7ec36a844445}, !- Schedule Type Limits Name
  ,                                       !- Interpolate to Timestep
  24,                                     !- Hour 1
  0,                                      !- Minute 1
  21.5288251309524;                       !- Value Until Time 1

OS:Schedule:Ruleset,
  {742e5093-1e1a-459f-ba10-7bf03f051fc9}, !- Handle
  cooling setpoint,                       !- Name
  {e101e8e7-6db9-4837-905b-7ec36a844445}, !- Schedule Type Limits Name
  {1dcaf500-e97b-4bd2-a0f6-c461e4813b6a}; !- Default Day Schedule Name

OS:Schedule:Day,
  {1dcaf500-e97b-4bd2-a0f6-c461e4813b6a}, !- Handle
  Schedule Day 15,                        !- Name
  {e101e8e7-6db9-4837-905b-7ec36a844445}, !- Schedule Type Limits Name
  ,                                       !- Interpolate to Timestep
  24,                                     !- Hour 1
  0,                                      !- Minute 1
  24.5784116111111;                       !- Value Until Time 1

OS:ThermostatSetpoint:DualSetpoint,
  {38200b6f-9b7f-4762-b939-69f7ed42e303}, !- Handle
  Thermostat Setpoint Dual Setpoint 6,    !- Name
  {265c3717-2f61-4ecb-b00b-40290acacb23}, !- Heating Setpoint Temperature Schedule Name
  {742e5093-1e1a-459f-ba10-7bf03f051fc9}; !- Cooling Setpoint Temperature Schedule Name

OS:ThermostatSetpoint:DualSetpoint,
  {33f26f48-c109-4d5a-a6e0-9beb9e2f4b5a}, !- Handle
  Thermostat Setpoint Dual Setpoint 7,    !- Name
  {265c3717-2f61-4ecb-b00b-40290acacb23}, !- Heating Setpoint Temperature Schedule Name
  {742e5093-1e1a-459f-ba10-7bf03f051fc9}; !- Cooling Setpoint Temperature Schedule Name

OS:ThermostatSetpoint:DualSetpoint,
  {0b76bcbd-8543-4995-b856-f00f5bec8517}, !- Handle
  Thermostat Setpoint Dual Setpoint 8,    !- Name
  {265c3717-2f61-4ecb-b00b-40290acacb23}, !- Heating Setpoint Temperature Schedule Name
  {742e5093-1e1a-459f-ba10-7bf03f051fc9}; !- Cooling Setpoint Temperature Schedule Name

! Always On Discrete
OS:Schedule:Constant,
  {697ebd5e-3beb-46ba-bfaf-d02ca5119578}, !- Handle
  Always On Discrete hvac_library,        !- Name
  {8886cdfd-8e40-4cbf-aa8a-41c7085a7661}, !- Schedule Type Limits Name
  1;                                      !- Value

! Always OnOff Discrete Schedule Type Limits
OS:ScheduleTypeLimits,
  {8886cdfd-8e40-4cbf-aa8a-41c7085a7661}, !- Handle
  OnOff hvac_library,                     !- Name
  0,                                      !- Lower Limit Value
  1,                                      !- Upper Limit Value
  Discrete,                               !- Numeric Type
  Availability;                           !- Unit Type

OS:Connection,
  {b07941df-9fe2-4233-ae01-9f333a101011}, !- Handle
  ,                                       !- Source Object
  3,                                      !- Outlet Port
  {d286e04b-18b3-4e2e-b3ee-97128de4db42}, !- Target Object
  2;                                      !- Inlet Port

OS:Connection,
  {ea76237f-3314-453d-8ad7-193a3dd82ff0}, !- Handle
  {b3871f52-db55-4700-acda-d8fde7a41176}, !- Source Object
  2,                                      !- Outlet Port
  ,                                       !- Target Object
  2;                                      !- Inlet Port

OS:Connection,
  {fd8f2775-0869-4879-be35-53a15898be10}, !- Handle
  ,                                       !- Source Object
  3,                                      !- Outlet Port
  {8b1d91ce-ed35-4f5c-bff0-632b0674d380}, !- Target Object
  2;                                      !- Inlet Port

OS:Connection,
  {56d15f47-7968-49b8-8b82-bef223a1fc27}, !- Handle
  {488266c8-4bd7-40b8-8a50-be5d8fa714c0}, !- Source Object
  2,                                      !- Outlet Port
  ,                                       !- Target Object
  2;                                      !- Inlet Port

OS:Connection,
  {ba7e8b1b-4d6e-447c-afb0-4a7ebbb473a0}, !- Handle
  ,                                       !- Source Object
  3,                                      !- Outlet Port
  {b690c36d-259b-45e7-a4b4-be190a9ff60f}, !- Target Object
  2;                                      !- Inlet Port

OS:Connection,
  {9dc7b547-be97-46a3-97fc-8dcdd8017cc8}, !- Handle
  {4c511e23-6ac5-4fb1-ada1-c8b77d56ef67}, !- Source Object
  2,                                      !- Outlet Port
  ,                                       !- Target Object
  2;                                      !- Inlet Port

OS:Connection,
  {eed6b6b3-9471-4089-96f8-30f7fede358d}, !- Handle
  ,                                       !- Source Object
  3,                                      !- Outlet Port
  {119bf914-0911-4047-9f0f-9246c11abbb7}, !- Target Object
  2;                                      !- Inlet Port

OS:Connection,
  {f053ff80-15fc-4e08-bc32-eadb11669442}, !- Handle
  {6aabadde-4f74-45cf-975d-512cebeb945e}, !- Source Object
  2,                                      !- Outlet Port
  ,                                       !- Target Object
  2;                                      !- Inlet Port

OS:Connection,
  {d9ef6ac6-672e-4d0e-bf90-c46356ae4341}, !- Handle
  ,                                       !- Source Object
  3,                                      !- Outlet Port
  {d5c983c7-c9ed-4231-a5ef-a9f320fc71a7}, !- Target Object
  2;                                      !- Inlet Port

OS:Connection,
  {eb2117bb-12dc-4fd9-9baf-0ae70cdea04e}, !- Handle
  {e3a1ef33-ffe0-44e6-b3f7-c30122c545fa}, !- Source Object
  2,                                      !- Outlet Port
  ,                                       !- Target Object
  2;                                      !- Inlet Port

OS:Connection,
  {eb955330-ccb6-472b-ac6a-c71146f66f31}, !- Handle
  ,                                       !- Source Object
  3,                                      !- Outlet Port
  {0b8a0119-a975-4090-9aa4-e7175b362c6c}, !- Target Object
  2;                                      !- Inlet Port

OS:Connection,
  {76ebde31-25dd-4bce-a58c-d79f894b19a2}, !- Handle
  {7adf6dfc-826a-47de-9931-e71a001c01c8}, !- Source Object
  2,                                      !- Outlet Port
  ,                                       !- Target Object
  2;                                      !- Inlet Port

OS:Connection,
  {3765349d-dc16-4b00-ba57-e2b399a5e590}, !- Handle
  ,                                       !- Source Object
  3,                                      !- Outlet Port
  {1f2bbbd4-4e34-4333-aa82-d0352144ad24}, !- Target Object
  2;                                      !- Inlet Port

OS:Connection,
  {d7c8a737-c29c-4a0a-9666-27c5492b0d98}, !- Handle
  {56c6e9c9-c1b6-4292-8446-efce3abd7a08}, !- Source Object
  2,                                      !- Outlet Port
  ,                                       !- Target Object
  2;                                      !- Inlet Port

OS:Rendering:Color,
  {a4411995-72d2-4c27-95ce-65a510eb061d}, !- Handle
  Rendering Color 30,                     !- Name
  186,                                    !- Rendering Red Value
  211,                                    !- Rendering Green Value
  85;                                     !- Rendering Blue Value

OS:Schedule:Constant,
  {489eb325-b3e2-40e0-af86-f20030442516}, !- Handle
  Always On Continuous,                   !- Name
  {d65a3630-fdcd-4ae9-b23e-823f6ddd25e5}, !- Schedule Type Limits Name
  1;                                      !- Value

OS:ScheduleTypeLimits,
  {d65a3630-fdcd-4ae9-b23e-823f6ddd25e5}, !- Handle
  Always On Continuous Limits,            !- Name
  0,                                      !- Lower Limit Value
  1,                                      !- Upper Limit Value
  Continuous,                             !- Numeric Type
  ;                                       !- Unit Type

OS:WeatherFile,
  {0a73377e-f245-42ff-943e-07d688f5f995}, !- Handle
  Mugla,                                  !- City
  MG,                                     !- State Province Region
  TUR,                                    !- Country
  SRC-TMYx,                               !- Data Source
  172920,                                 !- WMO Number
  37.2094,                                !- Latitude {deg}
  28.3669,                                !- Longitude {deg}
  3,                                      !- Time Zone {hr}
  646,                                    !- Elevation {m}
  TUR_MG_Mugla.172920_TMYx.2009-2023.epw, !- Url
  DF5D3077,                               !- Checksum
  ,                                       !- Start Date Actual Year
  Sunday;                                 !- Start Day of Week

OS:RadianceParameters,
  {7564668d-a261-48dd-a433-56c3fd0851c6}, !- Handle
  1,                                      !- Accumulated Rays per Record
  0,                                      !- Direct Threshold
  1,                                      !- Direct Certainty
  1,                                      !- Direct Jitter
  1,                                      !- Direct Pretest
  6,                                      !- Ambient Bounces VMX
  2,                                      !- Ambient Bounces DMX
  4050,                                   !- Ambient Divisions VMX
  512,                                    !- Ambient Divisions DMX
  256,                                    !- Ambient Supersamples
  0.001,                                  !- Limit Weight VMX
  0.001,                                  !- Limit Weight DMX
  500,                                    !- Klems Sampling Density
  146;                                    !- Sky Discretization Resolution

OS:ProgramControl,
  {db439586-ed06-4fdf-8890-85fa72932a59}; !- Handle

OS:OutputControl:ReportingTolerances,
  {9d184e9a-13a3-464e-8b85-b67aa972b1ae}; !- Handle

OS:ConvergenceLimits,
  {6832981d-1238-4f80-bdf5-a1557f6dbe91}, !- Handle
  1;                                      !- Minimum System Timestep {minutes}

OS:SurfaceConvectionAlgorithm:Inside,
  {ac06758d-e5b3-4d67-a921-bfadc84106ae}, !- Handle
  TARP;                                   !- Algorithm

OS:SurfaceConvectionAlgorithm:Outside,
  {c51879c9-c695-4e4f-9252-fb579d3aeb1f}, !- Handle
  DOE-2;                                  !- Algorithm

OS:ZoneAirHeatBalanceAlgorithm,
  {e46d10d8-2913-4c62-a5d1-37682eed078e}, !- Handle
  ,                                       !- Algorithm
  ,                                       !- Do Space Heat Balance for Sizing
  ;                                       !- Do Space Heat Balance for Simulation

OS:ZoneAirContaminantBalance,
  {49404248-7a8e-4e52-81ce-ec6c249e3c76}; !- Handle

OS:ZoneCapacitanceMultiplier:ResearchSpecial,
  {5b47b4fb-9075-4a35-ba8c-33a3904d7b58}, !- Handle
  ,                                       !- Temperature Capacity Multiplier
  ,                                       !- Humidity Capacity Multiplier
  ;                                       !- Carbon Dioxide Capacity Multiplier

OS:Output:JSON,
  {cd66c5bd-c479-43f1-915d-3ee66c106482}, !- Handle
  TimeSeriesAndTabular,                   !- Option Type
  No,                                     !- Output JSON
  No,                                     !- Output CBOR
  No;                                     !- Output MessagePack

OS:Output:Table:SummaryReports,
  {8b661fb2-d84d-4f31-addf-316d4103df38}, !- Handle
  AllSummary;                             !- Report Name 1

OS:Output:Diagnostics,
  {8a30a7c8-43f1-4309-83c3-e14d7b764bee}; !- Handle

OS:OutputControl:ResilienceSummaries,
  {25ff22d0-48e6-4d76-b6b5-92c2c7021d05}, !- Handle
  Simplified;                             !- Heat Index Algorithm

