Time,TZ_ATOLYE:MUGLA ANN HTG 99% CONDNS DB:Des Heat Load [W],TZ_ATOLYE:MUGLA ANN CLG 1% CONDNS DB=>MWB:Des Sens Cool Load [W],TZ_ATOLYE:MUGLA ANN HTG 99% CONDNS DB:Des Heat Mass Flow [kg/s],TZ_ATOLYE:MUGLA ANN CLG 1% CONDNS DB=>MWB:Des Cool Mass Flow [kg/s],TZ_ATOLYE::Des Latent Heat Load [W],TZ_ATOLYE::Des Latent Cool Load [W],TZ_ATOLYE::Des Latent Heat Mass Flow [kg/s],TZ_ATOLYE::Des Latent Cool Mass Flow [kg/s],TZ_ATOLYE::Des Heat Load No DOAS [W],TZ_ATOLYE::Des Sens Cool Load No DOAS [W],TZ_ATOLYE::Des Latent Heat Load No DOAS [W],TZ_ATOLYE::Des Latent Cool Load No DOAS [W],TZ_ATOLYE:MUGLA ANN HTG 99% CONDNS DB:Heating Zone Temperature [C],TZ_ATOLYE:MUGLA ANN HTG 99% CONDNS DB:Heating Zone Relative Humidity [%],TZ_ATOLYE:MUGLA ANN CLG 1% CONDNS DB=>MWB:Cooling Zone Temperature [C],TZ_ATOLYE:MUGLA ANN CLG 1% CONDNS DB=>MWB:Cooling Zone Relative Humidity [%],TZ_KONFSALON:MUGLA ANN HTG 99% CONDNS DB:Des Heat Load [W],TZ_KONFSALON:MUGLA ANN CLG 1% CONDNS DB=>MWB:Des Sens Cool Load [W],TZ_KONFSALON:MUGLA ANN HTG 99% CONDNS DB:Des Heat Mass Flow [kg/s],TZ_KONFSALON:MUGLA ANN CLG 1% CONDNS DB=>MWB:Des Cool Mass Flow [kg/s],TZ_KONFSALON::Des Latent Heat Load [W],TZ_KONFSALON::Des Latent Cool Load [W],TZ_KONFSALON::Des Latent Heat Mass Flow [kg/s],TZ_KONFSALON::Des Latent Cool Mass Flow [kg/s],TZ_KONFSALON::Des Heat Load No DOAS [W],TZ_KONFSALON::Des Sens Cool Load No DOAS [W],TZ_KONFSALON::Des Latent Heat Load No DOAS [W],TZ_KONFSALON::Des Latent Cool Load No DOAS [W],TZ_KONFSALON:MUGLA ANN HTG 99% CONDNS DB:Heating Zone Temperature [C],TZ_KONFSALON:MUGLA ANN HTG 99% CONDNS DB:Heating Zone Relative Humidity [%],TZ_KONFSALON:MUGLA ANN CLG 1% CONDNS DB=>MWB:Cooling Zone Temperature [C],TZ_KONFSALON:MUGLA ANN CLG 1% CONDNS DB=>MWB:Cooling Zone Relative Humidity [%],TZ_KORIDOR:MUGLA ANN HTG 99% CONDNS DB:Des Heat Load [W],TZ_KORIDOR:MUGLA ANN CLG 1% CONDNS DB=>MWB:Des Sens Cool Load [W],TZ_KORIDOR:MUGLA ANN HTG 99% CONDNS DB:Des Heat Mass Flow [kg/s],TZ_KORIDOR:MUGLA ANN CLG 1% CONDNS DB=>MWB:Des Cool Mass Flow [kg/s],TZ_KORIDOR::Des Latent Heat Load [W],TZ_KORIDOR::Des Latent Cool Load [W],TZ_KORIDOR::Des Latent Heat Mass Flow [kg/s],TZ_KORIDOR::Des Latent Cool Mass Flow [kg/s],TZ_KORIDOR::Des Heat Load No DOAS [W],TZ_KORIDOR::Des Sens Cool Load No DOAS [W],TZ_KORIDOR::Des Latent Heat Load No DOAS [W],TZ_KORIDOR::Des Latent Cool Load No DOAS [W],TZ_KORIDOR:MUGLA ANN HTG 99% CONDNS DB:Heating Zone Temperature [C],TZ_KORIDOR:MUGLA ANN HTG 99% CONDNS DB:Heating Zone Relative Humidity [%],TZ_KORIDOR:MUGLA ANN CLG 1% CONDNS DB=>MWB:Cooling Zone Temperature [C],TZ_KORIDOR:MUGLA ANN CLG 1% CONDNS DB=>MWB:Cooling Zone Relative Humidity [%],TZ_MERDVN:MUGLA ANN HTG 99% CONDNS DB:Des Heat Load [W],TZ_MERDVN:MUGLA ANN CLG 1% CONDNS DB=>MWB:Des Sens Cool Load [W],TZ_MERDVN:MUGLA ANN HTG 99% CONDNS DB:Des Heat Mass Flow [kg/s],TZ_MERDVN:MUGLA ANN CLG 1% CONDNS DB=>MWB:Des Cool Mass Flow [kg/s],TZ_MERDVN::Des Latent Heat Load [W],TZ_MERDVN::Des Latent Cool Load [W],TZ_MERDVN::Des Latent Heat Mass Flow [kg/s],TZ_MERDVN::Des Latent Cool Mass Flow [kg/s],TZ_MERDVN::Des Heat Load No DOAS [W],TZ_MERDVN::Des Sens Cool Load No DOAS [W],TZ_MERDVN::Des Latent Heat Load No DOAS [W],TZ_MERDVN::Des Latent Cool Load No DOAS [W],TZ_MERDVN:MUGLA ANN HTG 99% CONDNS DB:Heating Zone Temperature [C],TZ_MERDVN:MUGLA ANN HTG 99% CONDNS DB:Heating Zone Relative Humidity [%],TZ_MERDVN:MUGLA ANN CLG 1% CONDNS DB=>MWB:Cooling Zone Temperature [C],TZ_MERDVN:MUGLA ANN CLG 1% CONDNS DB=>MWB:Cooling Zone Relative Humidity [%],TZ_ODA:MUGLA ANN HTG 99% CONDNS DB:Des Heat Load [W],TZ_ODA:MUGLA ANN CLG 1% CONDNS DB=>MWB:Des Sens Cool Load [W],TZ_ODA:MUGLA ANN HTG 99% CONDNS DB:Des Heat Mass Flow [kg/s],TZ_ODA:MUGLA ANN CLG 1% CONDNS DB=>MWB:Des Cool Mass Flow [kg/s],TZ_ODA::Des Latent Heat Load [W],TZ_ODA::Des Latent Cool Load [W],TZ_ODA::Des Latent Heat Mass Flow [kg/s],TZ_ODA::Des Latent Cool Mass Flow [kg/s],TZ_ODA::Des Heat Load No DOAS [W],TZ_ODA::Des Sens Cool Load No DOAS [W],TZ_ODA::Des Latent Heat Load No DOAS [W],TZ_ODA::Des Latent Cool Load No DOAS [W],TZ_ODA:MUGLA ANN HTG 99% CONDNS DB:Heating Zone Temperature [C],TZ_ODA:MUGLA ANN HTG 99% CONDNS DB:Heating Zone Relative Humidity [%],TZ_ODA:MUGLA ANN CLG 1% CONDNS DB=>MWB:Cooling Zone Temperature [C],TZ_ODA:MUGLA ANN CLG 1% CONDNS DB=>MWB:Cooling Zone Relative Humidity [%],TZ_WC:MUGLA ANN HTG 99% CONDNS DB:Des Heat Load [W],TZ_WC:MUGLA ANN CLG 1% CONDNS DB=>MWB:Des Sens Cool Load [W],TZ_WC:MUGLA ANN HTG 99% CONDNS DB:Des Heat Mass Flow [kg/s],TZ_WC:MUGLA ANN CLG 1% CONDNS DB=>MWB:Des Cool Mass Flow [kg/s],TZ_WC::Des Latent Heat Load [W],TZ_WC::Des Latent Cool Load [W],TZ_WC::Des Latent Heat Mass Flow [kg/s],TZ_WC::Des Latent Cool Mass Flow [kg/s],TZ_WC::Des Heat Load No DOAS [W],TZ_WC::Des Sens Cool Load No DOAS [W],TZ_WC::Des Latent Heat Load No DOAS [W],TZ_WC::Des Latent Cool Load No DOAS [W],TZ_WC:MUGLA ANN HTG 99% CONDNS DB:Heating Zone Temperature [C],TZ_WC:MUGLA ANN HTG 99% CONDNS DB:Heating Zone Relative Humidity [%],TZ_WC:MUGLA ANN CLG 1% CONDNS DB=>MWB:Cooling Zone Temperature [C],TZ_WC:MUGLA ANN CLG 1% CONDNS DB=>MWB:Cooling Zone Relative Humidity [%]
00:10:00,3.259187E+04,3.206356E+04,1.775658E+00,3.141512E+00,0.000000E+00,0.000000E+00,0.000000E+00,0.000000E+00,0.000000E+00,0.000000E+00,0.000000E+00,0.000000E+00,2.199999E+01,4.503404E+01,2.400000E+01,4.236354E+01,6.142196E+03,2.984889E+03,3.346176E-01,2.924525E-01,0.000000E+00,0.000000E+00,0.000000E+00,0.000000E+00,0.000000E+00,0.000000E+00,0.000000E+00,0.000000E+00,2.199900E+01,4.039008E+01,2.400000E+01,4.238449E+01,3.488490E+04,2.716549E+04,1.900455E+00,2.661610E+00,0.000000E+00,0.000000E+00,0.000000E+00,0.000000E+00,0.000000E+00,0.000000E+00,0.000000E+00,0.000000E+00,2.199876E+01,4.400412E+01,2.400000E+01,4.236235E+01,3.695841E+03,4.415189E+03,2.013510E-01,4.325897E-01,0.000000E+00,0.000000E+00,0.000000E+00,0.000000E+00,0.000000E+00,0.000000E+00,0.000000E+00,0.000000E+00,2.199962E+01,4.399819E+01,2.400000E+01,4.236288E+01,2.583713E+04,2.086157E+04,1.407594E+00,2.043968E+00,0.000000E+00,0.000000E+00,0.000000E+00,0.000000E+00,0.000000E+00,0.000000E+00,0.000000E+00,0.000000E+00,2.199930E+01,4.407840E+01,2.400000E+01,4.236254E+01,3.113780E+03,2.382031E+03,1.696406E-01,2.333858E-01,0.000000E+00,0.000000E+00,0.000000E+00,0.000000E+00,0.000000E+00,0.000000E+00,0.000000E+00,0.000000E+00,2.199966E+01,4.465859E+01,2.400000E+01,4.236310E+01
00:20:00,3.259700E+04,3.159514E+04,1.775937E+00,3.095617E+00,0.000000E+00,0.000000E+00,0.000000E+00,0.000000E+00,0.000000E+00,0.000000E+00,0.000000E+00,0.000000E+00,2.199999E+01,4.503404E+01,2.400000E+01,4.236354E+01,6.138439E+03,2.969047E+03,3.344132E-01,2.909003E-01,0.000000E+00,0.000000E+00,0.000000E+00,0.000000E+00,0.000000E+00,0.000000E+00,0.000000E+00,0.000000E+00,2.199901E+01,4.044399E+01,2.400000E+01,4.238187E+01,3.487801E+04,2.677864E+04,1.900080E+00,2.623708E+00,0.000000E+00,0.000000E+00,0.000000E+00,0.000000E+00,0.000000E+00,0.000000E+00,0.000000E+00,0.000000E+00,2.199875E+01,4.400500E+01,2.400000E+01,4.236230E+01,3.694171E+03,4.361315E+03,2.012601E-01,4.273113E-01,0.000000E+00,0.000000E+00,0.000000E+00,0.000000E+00,0.000000E+00,0.000000E+00,0.000000E+00,0.000000E+00,2.199962E+01,4.400946E+01,2.400000E+01,4.236285E+01,2.584048E+04,2.051150E+04,1.407776E+00,2.009668E+00,0.000000E+00,0.000000E+00,0.000000E+00,0.000000E+00,0.000000E+00,0.000000E+00,0.000000E+00,0.000000E+00,2.199930E+01,4.407895E+01,2.400000E+01,4.236250E+01,3.111098E+03,2.353715E+03,1.694945E-01,2.306115E-01,0.000000E+00,0.000000E+00,0.000000E+00,0.000000E+00,0.000000E+00,0.000000E+00,0.000000E+00,0.000000E+00,2.199966E+01,4.465866E+01,2.400000E+01,4.236309E+01
00:30:00,3.260207E+04,3.113523E+04,1.776213E+00,3.050556E+00,0.000000E+00,0.000000E+00,0.000000E+00,0.000000E+00,0.000000E+00,0.000000E+00,0.000000E+00,0.000000E+00,2.199999E+01,4.503405E+01,2.400000E+01,4.236354E+01,6.134718E+03,2.952926E+03,3.342107E-01,2.893208E-01,0.000000E+00,0.000000E+00,0.000000E+00,0.000000E+00,0.000000E+00,0.000000E+00,0.000000E+00,0.000000E+00,2.199902E+01,4.049324E+01,2.400000E+01,4.237949E+01,3.487117E+04,2.639948E+04,1.899707E+00,2.586558E+00,0.000000E+00,0.000000E+00,0.000000E+00,0.000000E+00,0.000000E+00,0.000000E+00,0.000000E+00,0.000000E+00,2.199876E+01,4.400520E+01,2.400000E+01,4.236225E+01,3.692519E+03,4.308325E+03,2.011701E-01,4.221195E-01,0.000000E+00,0.000000E+00,0.000000E+00,0.000000E+00,0.000000E+00,0.000000E+00,0.000000E+00,0.000000E+00,2.199963E+01,4.401879E+01,2.400000E+01,4.236282E+01,2.584379E+04,2.016952E+04,1.407957E+00,1.976161E+00,0.000000E+00,0.000000E+00,0.000000E+00,0.000000E+00,0.000000E+00,0.000000E+00,0.000000E+00,0.000000E+00,2.199930E+01,4.407947E+01,2.400000E+01,4.236245E+01,3.108428E+03,2.325783E+03,1.693490E-01,2.278747E-01,0.000000E+00,0.000000E+00,0.000000E+00,0.000000E+00,0.000000E+00,0.000000E+00,0.000000E+00,0.000000E+00,2.199966E+01,4.465873E+01,2.400000E+01,4.236307E+01
00:40:00,3.260708E+04,3.068354E+04,1.776487E+00,3.006300E+00,0.000000E+00,0.000000E+00,0.000000E+00,0.000000E+00,0.000000E+00,0.000000E+00,0.000000E+00,0.000000E+00,2.199999E+01,4.503405E+01,2.400000E+01,4.236354E+01,6.131040E+03,2.936535E+03,3.340106E-01,2.877148E-01,0.000000E+00,0.000000E+00,0.000000E+00,0.000000E+00,0.000000E+00,0.000000E+00,0.000000E+00,0.000000E+00,2.199903E+01,4.053787E+01,2.400000E+01,4.237731E+01,3.486438E+04,2.602733E+04,1.899337E+00,2.550096E+00,0.000000E+00,0.000000E+00,0.000000E+00,0.000000E+00,0.000000E+00,0.000000E+00,0.000000E+00,0.000000E+00,2.199876E+01,4.400537E+01,2.400000E+01,4.236220E+01,3.690886E+03,4.256188E+03,2.010813E-01,4.170113E-01,0.000000E+00,0.000000E+00,0.000000E+00,0.000000E+00,0.000000E+00,0.000000E+00,0.000000E+00,0.000000E+00,2.199963E+01,4.402651E+01,2.400000E+01,4.236279E+01,2.584706E+04,1.983524E+04,1.408135E+00,1.943410E+00,0.000000E+00,0.000000E+00,0.000000E+00,0.000000E+00,0.000000E+00,0.000000E+00,0.000000E+00,0.000000E+00,2.199930E+01,4.407989E+01,2.400000E+01,4.236240E+01,3.105772E+03,2.298232E+03,1.692043E-01,2.251754E-01,0.000000E+00,0.000000E+00,0.000000E+00,0.000000E+00,0.000000E+00,0.000000E+00,0.000000E+00,0.000000E+00,2.199966E+01,4.465879E+01,2.400000E+01,4.236305E+01
00:50:00,3.261205E+04,3.023982E+04,1.776757E+00,2.962826E+00,0.000000E+00,0.000000E+00,0.000000E+00,0.000000E+00,0.000000E+00,0.000000E+00,0.000000E+00,0.000000E+00,2.199999E+01,4.503405E+01,2.400000E+01,4.236354E+01,6.127404E+03,2.919887E+03,3.338127E-01,2.860837E-01,0.000000E+00,0.000000E+00,0.000000E+00,0.000000E+00,0.000000E+00,0.000000E+00,0.000000E+00,0.000000E+00,2.199904E+01,4.057816E+01,2.400000E+01,4.237532E+01,3.485765E+04,2.566168E+04,1.898971E+00,2.514270E+00,0.000000E+00,0.000000E+00,0.000000E+00,0.000000E+00,0.000000E+00,0.000000E+00,0.000000E+00,0.000000E+00,2.199876E+01,4.400555E+01,2.400000E+01,4.236215E+01,3.689273E+03,4.204874E+03,2.009934E-01,4.119836E-01,0.000000E+00,0.000000E+00,0.000000E+00,0.000000E+00,0.000000E+00,0.000000E+00,0.000000E+00,0.000000E+00,2.199963E+01,4.403291E+01,2.400000E+01,4.236277E+01,2.585030E+04,1.950835E+04,1.408312E+00,1.911382E+00,0.000000E+00,0.000000E+00,0.000000E+00,0.000000E+00,0.000000E+00,0.000000E+00,0.000000E+00,0.000000E+00,2.199930E+01,4.408021E+01,2.400000E+01,4.236236E+01,3.103129E+03,2.271062E+03,1.690603E-01,2.225132E-01,0.000000E+00,0.000000E+00,0.000000E+00,0.000000E+00,0.000000E+00,0.000000E+00,0.000000E+00,0.000000E+00,2.199966E+01,4.465886E+01,2.400000E+01,4.236303E+01
01:00:00,3.261698E+04,2.980387E+04,1.777026E+00,2.920113E+00,0.000000E+00,0.000000E+00,0.000000E+00,0.000000E+00,0.000000E+00,0.000000E+00,0.000000E+00,0.000000E+00,2.199999E+01,4.503405E+01,2.400000E+01,4.236354E+01,6.123811E+03,2.902992E+03,3.336171E-01,2.844284E-01,0.000000E+00,0.000000E+00,0.000000E+00,0.000000E+00,0.000000E+00,0.000000E+00,0.000000E+00,0.000000E+00,2.199904E+01,4.061447E+01,2.400000E+01,4.237349E+01,3.485099E+04,2.530201E+04,1.898607E+00,2.479031E+00,0.000000E+00,0.000000E+00,0.000000E+00,0.000000E+00,0.000000E+00,0.000000E+00,0.000000E+00,0.000000E+00,2.199876E+01,4.400573E+01,2.400000E+01,4.236209E+01,3.687679E+03,4.154357E+03,2.009066E-01,4.070341E-01,0.000000E+00,0.000000E+00,0.000000E+00,0.000000E+00,0.000000E+00,0.000000E+00,0.000000E+00,0.000000E+00,2.199963E+01,4.403822E+01,2.400000E+01,4.236274E+01,2.585351E+04,1.918856E+04,1.408486E+00,1.880049E+00,0.000000E+00,0.000000E+00,0.000000E+00,0.000000E+00,0.000000E+00,0.000000E+00,0.000000E+00,0.000000E+00,2.199930E+01,4.408045E+01,2.400000E+01,4.236231E+01,3.100500E+03,2.244271E+03,1.689171E-01,2.198883E-01,0.000000E+00,0.000000E+00,0.000000E+00,0.000000E+00,0.000000E+00,0.000000E+00,0.000000E+00,0.000000E+00,2.199966E+01,4.465892E+01,2.400000E+01,4.236302E+01
01:10:00,3.262540E+04,2.938550E+04,1.777485E+00,2.879122E+00,0.000000E+00,0.000000E+00,0.000000E+00,0.000000E+00,0.000000E+00,0.000000E+00,0.000000E+00,0.000000E+00,2.199999E+01,4.503405E+01,2.400000E+01,4.236354E+01,6.127951E+03,2.891302E+03,3.338428E-01,2.832830E-01,0.000000E+00,0.000000E+00,0.000000E+00,0.000000E+00,0.000000E+00,0.000000E+00,0.000000E+00,0.000000E+00,2.199905E+01,4.064725E+01,2.400000E+01,4.237182E+01,3.485725E+04,2.495443E+04,1.898948E+00,2.444976E+00,0.000000E+00,0.000000E+00,0.000000E+00,0.000000E+00,0.000000E+00,0.000000E+00,0.000000E+00,0.000000E+00,2.199876E+01,4.400590E+01,2.400000E+01,4.236204E+01,3.687961E+03,4.105338E+03,2.009220E-01,4.022313E-01,0.000000E+00,0.000000E+00,0.000000E+00,0.000000E+00,0.000000E+00,0.000000E+00,0.000000E+00,0.000000E+00,2.199964E+01,4.404262E+01,2.400000E+01,4.236271E+01,2.585744E+04,1.888090E+04,1.408701E+00,1.849906E+00,0.000000E+00,0.000000E+00,0.000000E+00,0.000000E+00,0.000000E+00,0.000000E+00,0.000000E+00,0.000000E+00,2.199930E+01,4.408065E+01,2.400000E+01,4.236226E+01,3.101032E+03,2.217992E+03,1.689461E-01,2.173136E-01,0.000000E+00,0.000000E+00,0.000000E+00,0.000000E+00,0.000000E+00,0.000000E+00,0.000000E+00,0.000000E+00,2.199966E+01,4.465898E+01,2.400000E+01,4.236300E+01
01:20:00,3.263370E+04,2.897571E+04,1.777937E+00,2.838971E+00,0.000000E+00,0.000000E+00,0.000000E+00,0.000000E+00,0.000000E+00,0.000000E+00,0.000000E+00,0.000000E+00,2.199999E+01,4.503405E+01,2.400000E+01,4.236354E+01,6.132048E+03,2.879631E+03,3.340662E-01,2.821395E-01,0.000000E+00,0.000000E+00,0.000000E+00,0.000000E+00,0.000000E+00,0.000000E+00,0.000000E+00,0.000000E+00,2.199906E+01,4.067685E+01,2.400000E+01,4.237028E+01,3.486345E+04,2.461347E+04,1.899287E+00,2.411569E+00,0.000000E+00,0.000000E+00,0.000000E+00,0.000000E+00,0.000000E+00,0.000000E+00,0.000000E+00,0.000000E+00,2.199876E+01,4.400608E+01,2.400000E+01,4.236200E+01,3.688247E+03,4.057223E+03,2.009376E-01,3.975171E-01,0.000000E+00,0.000000E+00,0.000000E+00,0.000000E+00,0.000000E+00,0.000000E+00,0.000000E+00,0.000000E+00,2.199964E+01,4.404627E+01,2.400000E+01,4.236268E+01,2.586131E+04,1.858100E+04,1.408911E+00,1.820522E+00,0.000000E+00,0.000000E+00,0.000000E+00,0.000000E+00,0.000000E+00,0.000000E+00,0.000000E+00,0.000000E+00,2.199930E+01,4.408083E+01,2.400000E+01,4.236221E+01,3.101557E+03,2.192179E+03,1.689747E-01,2.147845E-01,0.000000E+00,0.000000E+00,0.000000E+00,0.000000E+00,0.000000E+00,0.000000E+00,0.000000E+00,0.000000E+00,2.199966E+01,4.465905E+01,2.400000E+01,4.236298E+01
01:30:00,3.264188E+04,2.857439E+04,1.778382E+00,2.799651E+00,0.000000E+00,0.000000E+00,0.000000E+00,0.000000E+00,0.000000E+00,0.000000E+00,0.000000E+00,0.000000E+00,2.199999E+01,4.503405E+01,2.400000E+01,4.236354E+01,6.136115E+03,2.867992E+03,3.342879E-01,2.809991E-01,0.000000E+00,0.000000E+00,0.000000E+00,0.000000E+00,0.000000E+00,0.000000E+00,0.000000E+00,0.000000E+00,2.199906E+01,4.070361E+01,2.400000E+01,4.236887E+01,3.486960E+04,2.427898E+04,1.899622E+00,2.378797E+00,0.000000E+00,0.000000E+00,0.000000E+00,0.000000E+00,0.000000E+00,0.000000E+00,0.000000E+00,0.000000E+00,2.199876E+01,4.400625E+01,2.400000E+01,4.236195E+01,3.688537E+03,4.010000E+03,2.009534E-01,3.928903E-01,0.000000E+00,0.000000E+00,0.000000E+00,0.000000E+00,0.000000E+00,0.000000E+00,0.000000E+00,0.000000E+00,2.199964E+01,4.404930E+01,2.400000E+01,4.236265E+01,2.586511E+04,1.828873E+04,1.409119E+00,1.791887E+00,0.000000E+00,0.000000E+00,0.000000E+00,0.000000E+00,0.000000E+00,0.000000E+00,0.000000E+00,0.000000E+00,2.199930E+01,4.408098E+01,2.400000E+01,4.236217E+01,3.102075E+03,2.166836E+03,1.690029E-01,2.123014E-01,0.000000E+00,0.000000E+00,0.000000E+00,0.000000E+00,0.000000E+00,0.000000E+00,0.000000E+00,0.000000E+00,2.199966E+01,4.465911E+01,2.400000E+01,4.236297E+01
01:40:00,3.264995E+04,2.818143E+04,1.778822E+00,2.761150E+00,0.000000E+00,0.000000E+00,0.000000E+00,0.000000E+00,0.000000E+00,0.000000E+00,0.000000E+00,0.000000E+00,2.199999E+01,4.503405E+01,2.400000E+01,4.236354E+01,6.140148E+03,2.856396E+03,3.345077E-01,2.798630E-01,0.000000E+00,0.000000E+00,0.000000E+00,0.000000E+00,0.000000E+00,0.000000E+00,0.000000E+00,0.000000E+00,2.199907E+01,4.072783E+01,2.400000E+01,4.236758E+01,3.487570E+04,2.395120E+04,1.899954E+00,2.346681E+00,0.000000E+00,0.000000E+00,0.000000E+00,0.000000E+00,0.000000E+00,0.000000E+00,0.000000E+00,0.000000E+00,2.199876E+01,4.400642E+01,2.400000E+01,4.236191E+01,3.688831E+03,3.963657E+03,2.009695E-01,3.883497E-01,0.000000E+00,0.000000E+00,0.000000E+00,0.000000E+00,0.000000E+00,0.000000E+00,0.000000E+00,0.000000E+00,2.199964E+01,4.405182E+01,2.400000E+01,4.236263E+01,2.586886E+04,1.800401E+04,1.409323E+00,1.763991E+00,0.000000E+00,0.000000E+00,0.000000E+00,0.000000E+00,0.000000E+00,0.000000E+00,0.000000E+00,0.000000E+00,2.199930E+01,4.408113E+01,2.400000E+01,4.236212E+01,3.102587E+03,2.141967E+03,1.690308E-01,2.098649E-01,0.000000E+00,0.000000E+00,0.000000E+00,0.000000E+00,0.000000E+00,0.000000E+00,0.000000E+00,0.000000E+00,2.199966E+01,4.465917E+01,2.400000E+01,4.236295E+01
01:50:00,3.265790E+04,2.779674E+04,1.779255E+00,2.723459E+00,0.000000E+00,0.000000E+00,0.000000E+00,0.000000E+00,0.000000E+00,0.000000E+00,0.000000E+00,0.000000E+00,2.199999E+01,4.503406E+01,2.400000E+01,4.236354E+01,6.144149E+03,2.844855E+03,3.347258E-01,2.787322E-01,0.000000E+00,0.000000E+00,0.000000E+00,0.000000E+00,0.000000E+00,0.000000E+00,0.000000E+00,0.000000E+00,2.199907E+01,4.074976E+01,2.400000E+01,4.236639E+01,3.488175E+04,2.363022E+04,1.900284E+00,2.315233E+00,0.000000E+00,0.000000E+00,0.000000E+00,0.000000E+00,0.000000E+00,0.000000E+00,0.000000E+00,0.000000E+00,2.199876E+01,4.400659E+01,2.400000E+01,4.236187E+01,3.689130E+03,3.918181E+03,2.009858E-01,3.838941E-01,0.000000E+00,0.000000E+00,0.000000E+00,0.000000E+00,0.000000E+00,0.000000E+00,0.000000E+00,0.000000E+00,2.199964E+01,4.405392E+01,2.400000E+01,4.236260E+01,2.587255E+04,1.772663E+04,1.409524E+00,1.736813E+00,0.000000E+00,0.000000E+00,0.000000E+00,0.000000E+00,0.000000E+00,0.000000E+00,0.000000E+00,0.000000E+00,2.199930E+01,4.408128E+01,2.400000E+01,4.236208E+01,3.103092E+03,2.117578E+03,1.690583E-01,2.074753E-01,0.000000E+00,0.000000E+00,0.000000E+00,0.000000E+00,0.000000E+00,0.000000E+00,0.000000E+00,0.000000E+00,2.199966E+01,4.465923E+01,2.400000E+01,4.236294E+01
02:00:00,3.266575E+04,2.742026E+04,1.779683E+00,2.686572E+00,0.000000E+00,0.000000E+00,0.000000E+00,0.000000E+00,0.000000E+00,0.000000E+00,0.000000E+00,0.000000E+00,2.199999E+01,4.503406E+01,2.400000E+01,4.236354E+01,6.148118E+03,2.833381E+03,3.349421E-01,2.776080E-01,0.000000E+00,0.000000E+00,0.000000E+00,0.000000E+00,0.000000E+00,0.000000E+00,0.000000E+00,0.000000E+00,2.199908E+01,4.076964E+01,2.400000E+01,4.236530E+01,3.488776E+04,2.331612E+04,1.900611E+00,2.284458E+00,0.000000E+00,0.000000E+00,0.000000E+00,0.000000E+00,0.000000E+00,0.000000E+00,0.000000E+00,0.000000E+00,2.199876E+01,4.400676E+01,2.400000E+01,4.236182E+01,3.689434E+03,3.873563E+03,2.010024E-01,3.795225E-01,0.000000E+00,0.000000E+00,0.000000E+00,0.000000E+00,0.000000E+00,0.000000E+00,0.000000E+00,0.000000E+00,2.199964E+01,4.405567E+01,2.400000E+01,4.236257E+01,2.587618E+04,1.745638E+04,1.409722E+00,1.710335E+00,0.000000E+00,0.000000E+00,0.000000E+00,0.000000E+00,0.000000E+00,0.000000E+00,0.000000E+00,0.000000E+00,2.199930E+01,4.408141E+01,2.400000E+01,4.236204E+01,3.103591E+03,2.093678E+03,1.690855E-01,2.051336E-01,0.000000E+00,0.000000E+00,0.000000E+00,0.000000E+00,0.000000E+00,0.000000E+00,0.000000E+00,0.000000E+00,2.199966E+01,4.465929E+01,2.400000E+01,4.236292E+01
02:10:00,3.267350E+04,2.705058E+04,1.780105E+00,2.650352E+00,0.000000E+00,0.000000E+00,0.000000E+00,0.000000E+00,0.000000E+00,0.000000E+00,0.000000E+00,0.000000E+00,2.199999E+01,4.503406E+01,2.400000E+01,4.236354E+01,6.152056E+03,2.821743E+03,3.351568E-01,2.764678E-01,0.000000E+00,0.000000E+00,0.000000E+00,0.000000E+00,0.000000E+00,0.000000E+00,0.000000E+00,0.000000E+00,2.199908E+01,4.078769E+01,2.400000E+01,4.236429E+01,3.489372E+04,2.300761E+04,1.900936E+00,2.254230E+00,0.000000E+00,0.000000E+00,0.000000E+00,0.000000E+00,0.000000E+00,0.000000E+00,0.000000E+00,0.000000E+00,2.199876E+01,4.400693E+01,2.400000E+01,4.236177E+01,3.689743E+03,3.829635E+03,2.010192E-01,3.752186E-01,0.000000E+00,0.000000E+00,0.000000E+00,0.000000E+00,0.000000E+00,0.000000E+00,0.000000E+00,0.000000E+00,2.199964E+01,4.405713E+01,2.400000E+01,4.236255E+01,2.587976E+04,1.719193E+04,1.409917E+00,1.684425E+00,0.000000E+00,0.000000E+00,0.000000E+00,0.000000E+00,0.000000E+00,0.000000E+00,0.000000E+00,0.000000E+00,2.199930E+01,4.408155E+01,2.400000E+01,4.236199E+01,3.104084E+03,2.070171E+03,1.691124E-01,2.028305E-01,0.000000E+00,0.000000E+00,0.000000E+00,0.000000E+00,0.000000E+00,0.000000E+00,0.000000E+00,0.000000E+00,2.199966E+01,4.465935E+01,2.400000E+01,4.236291E+01
02:20:00,3.268114E+04,2.668750E+04,1.780522E+00,2.614779E+00,0.000000E+00,0.000000E+00,0.000000E+00,0.000000E+00,0.000000E+00,0.000000E+00,0.000000E+00,0.000000E+00,2.199999E+01,4.503406E+01,2.400000E+01,4.236353E+01,6.155964E+03,2.809953E+03,3.353697E-01,2.753125E-01,0.000000E+00,0.000000E+00,0.000000E+00,0.000000E+00,0.000000E+00,0.000000E+00,0.000000E+00,0.000000E+00,2.199908E+01,4.080408E+01,2.400000E+01,4.236337E+01,3.489964E+04,2.270456E+04,1.901258E+00,2.224539E+00,0.000000E+00,0.000000E+00,0.000000E+00,0.000000E+00,0.000000E+00,0.000000E+00,0.000000E+00,0.000000E+00,2.199876E+01,4.400709E+01,2.400000E+01,4.236173E+01,3.690057E+03,3.786375E+03,2.010363E-01,3.709800E-01,0.000000E+00,0.000000E+00,0.000000E+00,0.000000E+00,0.000000E+00,0.000000E+00,0.000000E+00,0.000000E+00,2.199964E+01,4.405834E+01,2.400000E+01,4.236252E+01,2.588330E+04,1.693299E+04,1.410109E+00,1.659054E+00,0.000000E+00,0.000000E+00,0.000000E+00,0.000000E+00,0.000000E+00,0.000000E+00,0.000000E+00,0.000000E+00,2.199930E+01,4.408168E+01,2.400000E+01,4.236195E+01,3.104572E+03,2.047076E+03,1.691389E-01,2.005676E-01,0.000000E+00,0.000000E+00,0.000000E+00,0.000000E+00,0.000000E+00,0.000000E+00,0.000000E+00,0.000000E+00,2.199966E+01,4.465940E+01,2.400000E+01,4.236289E+01
02:30:00,3.268870E+04,2.633081E+04,1.780933E+00,2.579830E+00,0.000000E+00,0.000000E+00,0.000000E+00,0.000000E+00,0.000000E+00,0.000000E+00,0.000000E+00,0.000000E+00,2.199999E+01,4.503406E+01,2.400000E+01,4.236353E+01,6.159841E+03,2.798020E+03,3.355811E-01,2.741434E-01,0.000000E+00,0.000000E+00,0.000000E+00,0.000000E+00,0.000000E+00,0.000000E+00,0.000000E+00,0.000000E+00,2.199909E+01,4.081899E+01,2.400000E+01,4.236251E+01,3.490552E+04,2.240701E+04,1.901578E+00,2.195386E+00,0.000000E+00,0.000000E+00,0.000000E+00,0.000000E+00,0.000000E+00,0.000000E+00,0.000000E+00,0.000000E+00,2.199876E+01,4.400726E+01,2.400000E+01,4.236169E+01,3.690375E+03,3.743767E+03,2.010537E-01,3.668054E-01,0.000000E+00,0.000000E+00,0.000000E+00,0.000000E+00,0.000000E+00,0.000000E+00,0.000000E+00,0.000000E+00,2.199964E+01,4.405937E+01,2.400000E+01,4.236250E+01,2.588678E+04,1.667937E+04,1.410299E+00,1.634205E+00,0.000000E+00,0.000000E+00,0.000000E+00,0.000000E+00,0.000000E+00,0.000000E+00,0.000000E+00,0.000000E+00,2.199930E+01,4.408180E+01,2.400000E+01,4.236191E+01,3.105055E+03,2.024412E+03,1.691652E-01,1.983471E-01,0.000000E+00,0.000000E+00,0.000000E+00,0.000000E+00,0.000000E+00,0.000000E+00,0.000000E+00,0.000000E+00,2.199966E+01,4.465946E+01,2.400000E+01,4.236288E+01
02:40:00,3.269615E+04,2.598030E+04,1.781339E+00,2.545489E+00,0.000000E+00,0.000000E+00,0.000000E+00,0.000000E+00,0.000000E+00,0.000000E+00,0.000000E+00,0.000000E+00,2.199999E+01,4.503406E+01,2.400000E+01,4.236353E+01,6.163689E+03,2.785957E+03,3.357908E-01,2.729615E-01,0.000000E+00,0.000000E+00,0.000000E+00,0.000000E+00,0.000000E+00,0.000000E+00,0.000000E+00,0.000000E+00,2.199909E+01,4.083257E+01,2.400000E+01,4.236172E+01,3.491135E+04,2.211509E+04,1.901896E+00,2.166784E+00,0.000000E+00,0.000000E+00,0.000000E+00,0.000000E+00,0.000000E+00,0.000000E+00,0.000000E+00,0.000000E+00,2.199876E+01,4.400742E+01,2.400000E+01,4.236165E+01,3.690699E+03,3.701801E+03,2.010713E-01,3.626937E-01,0.000000E+00,0.000000E+00,0.000000E+00,0.000000E+00,0.000000E+00,0.000000E+00,0.000000E+00,0.000000E+00,2.199964E+01,4.406023E+01,2.400000E+01,4.236248E+01,2.589022E+04,1.643085E+04,1.410487E+00,1.609855E+00,0.000000E+00,0.000000E+00,0.000000E+00,0.000000E+00,0.000000E+00,0.000000E+00,0.000000E+00,0.000000E+00,2.199930E+01,4.408193E+01,2.400000E+01,4.236187E+01,3.105532E+03,2.002088E+03,1.691912E-01,1.961599E-01,0.000000E+00,0.000000E+00,0.000000E+00,0.000000E+00,0.000000E+00,0.000000E+00,0.000000E+00,0.000000E+00,2.199966E+01,4.465952E+01,2.400000E+01,4.236286E+01
02:50:00,3.270352E+04,2.563588E+04,1.781741E+00,2.511742E+00,0.000000E+00,0.000000E+00,0.000000E+00,0.000000E+00,0.000000E+00,0.000000E+00,0.000000E+00,0.000000E+00,2.199999E+01,4.503406E+01,2.400000E+01,4.236353E+01,6.167508E+03,2.773776E+03,3.359989E-01,2.717680E-01,0.000000E+00,0.000000E+00,0.000000E+00,0.000000E+00,0.000000E+00,0.000000E+00,0.000000E+00,0.000000E+00,2.199909E+01,4.084495E+01,2.400000E+01,4.236099E+01,3.491715E+04,2.182904E+04,1.902212E+00,2.138758E+00,0.000000E+00,0.000000E+00,0.000000E+00,0.000000E+00,0.000000E+00,0.000000E+00,0.000000E+00,0.000000E+00,2.199876E+01,4.400759E+01,2.400000E+01,4.236160E+01,3.691028E+03,3.660465E+03,2.010892E-01,3.586437E-01,0.000000E+00,0.000000E+00,0.000000E+00,0.000000E+00,0.000000E+00,0.000000E+00,0.000000E+00,0.000000E+00,2.199964E+01,4.406095E+01,2.400000E+01,4.236245E+01,2.589361E+04,1.618740E+04,1.410671E+00,1.586003E+00,0.000000E+00,0.000000E+00,0.000000E+00,0.000000E+00,0.000000E+00,0.000000E+00,0.000000E+00,0.000000E+00,2.199930E+01,4.408205E+01,2.400000E+01,4.236182E+01,3.106004E+03,1.980054E+03,1.692169E-01,1.940010E-01,0.000000E+00,0.000000E+00,0.000000E+00,0.000000E+00,0.000000E+00,0.000000E+00,0.000000E+00,0.000000E+00,2.199966E+01,4.465957E+01,2.400000E+01,4.236285E+01
03:00:00,3.271081E+04,2.529735E+04,1.782138E+00,2.478574E+00,0.000000E+00,0.000000E+00,0.000000E+00,0.000000E+00,0.000000E+00,0.000000E+00,0.000000E+00,0.000000E+00,2.199999E+01,4.503406E+01,2.400000E+01,4.236353E+01,6.171298E+03,2.761485E+03,3.362054E-01,2.705638E-01,0.000000E+00,0.000000E+00,0.000000E+00,0.000000E+00,0.000000E+00,0.000000E+00,0.000000E+00,0.000000E+00,2.199910E+01,4.085626E+01,2.400000E+01,4.236032E+01,3.492291E+04,2.154901E+04,1.902526E+00,2.111320E+00,0.000000E+00,0.000000E+00,0.000000E+00,0.000000E+00,0.000000E+00,0.000000E+00,0.000000E+00,0.000000E+00,2.199876E+01,4.400775E+01,2.400000E+01,4.236156E+01,3.691362E+03,3.619751E+03,2.011074E-01,3.546547E-01,0.000000E+00,0.000000E+00,0.000000E+00,0.000000E+00,0.000000E+00,0.000000E+00,0.000000E+00,0.000000E+00,2.199964E+01,4.406157E+01,2.400000E+01,4.236243E+01,2.589697E+04,1.594895E+04,1.410854E+00,1.562640E+00,0.000000E+00,0.000000E+00,0.000000E+00,0.000000E+00,0.000000E+00,0.000000E+00,0.000000E+00,0.000000E+00,2.199930E+01,4.408217E+01,2.400000E+01,4.236178E+01,3.106471E+03,1.958264E+03,1.692424E-01,1.918660E-01,0.000000E+00,0.000000E+00,0.000000E+00,0.000000E+00,0.000000E+00,0.000000E+00,0.000000E+00,0.000000E+00,2.199966E+01,4.465963E+01,2.400000E+01,4.236284E+01
03:10:00,3.271801E+04,2.496349E+04,1.782530E+00,2.445863E+00,0.000000E+00,0.000000E+00,0.000000E+00,0.000000E+00,0.000000E+00,0.000000E+00,0.000000E+00,0.000000E+00,2.199999E+01,4.503406E+01,2.400000E+01,4.236353E+01,6.175059E+03,2.748853E+03,3.364104E-01,2.693261E-01,0.000000E+00,0.000000E+00,0.000000E+00,0.000000E+00,0.000000E+00,0.000000E+00,0.000000E+00,0.000000E+00,2.199910E+01,4.086660E+01,2.400000E+01,4.235969E+01,3.492863E+04,2.127297E+04,1.902837E+00,2.084275E+00,0.000000E+00,0.000000E+00,0.000000E+00,0.000000E+00,0.000000E+00,0.000000E+00,0.000000E+00,0.000000E+00,2.199876E+01,4.400791E+01,2.400000E+01,4.236151E+01,3.691701E+03,3.579514E+03,2.011259E-01,3.507123E-01,0.000000E+00,0.000000E+00,0.000000E+00,0.000000E+00,0.000000E+00,0.000000E+00,0.000000E+00,0.000000E+00,2.199964E+01,4.406209E+01,2.400000E+01,4.236240E+01,2.590027E+04,1.571440E+04,1.411034E+00,1.539660E+00,0.000000E+00,0.000000E+00,0.000000E+00,0.000000E+00,0.000000E+00,0.000000E+00,0.000000E+00,0.000000E+00,2.199930E+01,4.408229E+01,2.400000E+01,4.236174E+01,3.106934E+03,1.936600E+03,1.692676E-01,1.897435E-01,0.000000E+00,0.000000E+00,0.000000E+00,0.000000E+00,0.000000E+00,0.000000E+00,0.000000E+00,0.000000E+00,2.199966E+01,4.465968E+01,2.400000E+01,4.236282E+01
03:20:00,3.272512E+04,2.463394E+04,1.782918E+00,2.413575E+00,0.000000E+00,0.000000E+00,0.000000E+00,0.000000E+00,0.000000E+00,0.000000E+00,0.000000E+00,0.000000E+00,2.199999E+01,4.503406E+01,2.400000E+01,4.236353E+01,6.178793E+03,2.735889E+03,3.366138E-01,2.680560E-01,0.000000E+00,0.000000E+00,0.000000E+00,0.000000E+00,0.000000E+00,0.000000E+00,0.000000E+00,0.000000E+00,2.199910E+01,4.087609E+01,2.400000E+01,4.235911E+01,3.493432E+04,2.100045E+04,1.903147E+00,2.057574E+00,0.000000E+00,0.000000E+00,0.000000E+00,0.000000E+00,0.000000E+00,0.000000E+00,0.000000E+00,0.000000E+00,2.199876E+01,4.400807E+01,2.400000E+01,4.236147E+01,3.692045E+03,3.539734E+03,2.011447E-01,3.468148E-01,0.000000E+00,0.000000E+00,0.000000E+00,0.000000E+00,0.000000E+00,0.000000E+00,0.000000E+00,0.000000E+00,2.199965E+01,4.406254E+01,2.400000E+01,4.236238E+01,2.590354E+04,1.548354E+04,1.411212E+00,1.517041E+00,0.000000E+00,0.000000E+00,0.000000E+00,0.000000E+00,0.000000E+00,0.000000E+00,0.000000E+00,0.000000E+00,2.199930E+01,4.408241E+01,2.400000E+01,4.236170E+01,3.107392E+03,1.914999E+03,1.692926E-01,1.876270E-01,0.000000E+00,0.000000E+00,0.000000E+00,0.000000E+00,0.000000E+00,0.000000E+00,0.000000E+00,0.000000E+00,2.199966E+01,4.465974E+01,2.400000E+01,4.236280E+01
03:30:00,3.273216E+04,2.430851E+04,1.783301E+00,2.381690E+00,0.000000E+00,0.000000E+00,0.000000E+00,0.000000E+00,0.000000E+00,0.000000E+00,0.000000E+00,0.000000E+00,2.199999E+01,4.503407E+01,2.400000E+01,4.236353E+01,6.182499E+03,2.722604E+03,3.368157E-01,2.667543E-01,0.000000E+00,0.000000E+00,0.000000E+00,0.000000E+00,0.000000E+00,0.000000E+00,0.000000E+00,0.000000E+00,2.199910E+01,4.088479E+01,2.400000E+01,4.235857E+01,3.493997E+04,2.073099E+04,1.903455E+00,2.031173E+00,0.000000E+00,0.000000E+00,0.000000E+00,0.000000E+00,0.000000E+00,0.000000E+00,0.000000E+00,0.000000E+00,2.199876E+01,4.400823E+01,2.400000E+01,4.236142E+01,3.692394E+03,3.500405E+03,2.011637E-01,3.429613E-01,0.000000E+00,0.000000E+00,0.000000E+00,0.000000E+00,0.000000E+00,0.000000E+00,0.000000E+00,0.000000E+00,2.199965E+01,4.406293E+01,2.400000E+01,4.236236E+01,2.590677E+04,1.525614E+04,1.411388E+00,1.494761E+00,0.000000E+00,0.000000E+00,0.000000E+00,0.000000E+00,0.000000E+00,0.000000E+00,0.000000E+00,0.000000E+00,2.199930E+01,4.408252E+01,2.400000E+01,4.236165E+01,3.107845E+03,1.893404E+03,1.693173E-01,1.855112E-01,0.000000E+00,0.000000E+00,0.000000E+00,0.000000E+00,0.000000E+00,0.000000E+00,0.000000E+00,0.000000E+00,2.199966E+01,4.465979E+01,2.400000E+01,4.236279E+01
03:40:00,3.273911E+04,2.398705E+04,1.783680E+00,2.350194E+00,0.000000E+00,0.000000E+00,0.000000E+00,0.000000E+00,0.000000E+00,0.000000E+00,0.000000E+00,0.000000E+00,2.199999E+01,4.503407E+01,2.400000E+01,4.236353E+01,6.186178E+03,2.709008E+03,3.370162E-01,2.654222E-01,0.000000E+00,0.000000E+00,0.000000E+00,0.000000E+00,0.000000E+00,0.000000E+00,0.000000E+00,0.000000E+00,2.199910E+01,4.089280E+01,2.400000E+01,4.235806E+01,3.494558E+04,2.046420E+04,1.903761E+00,2.005033E+00,0.000000E+00,0.000000E+00,0.000000E+00,0.000000E+00,0.000000E+00,0.000000E+00,0.000000E+00,0.000000E+00,2.199876E+01,4.400839E+01,2.400000E+01,4.236137E+01,3.692748E+03,3.461529E+03,2.011830E-01,3.391525E-01,0.000000E+00,0.000000E+00,0.000000E+00,0.000000E+00,0.000000E+00,0.000000E+00,0.000000E+00,0.000000E+00,2.199965E+01,4.406326E+01,2.400000E+01,4.236233E+01,2.590996E+04,1.503195E+04,1.411562E+00,1.472795E+00,0.000000E+00,0.000000E+00,0.000000E+00,0.000000E+00,0.000000E+00,0.000000E+00,0.000000E+00,0.000000E+00,2.199930E+01,4.408264E+01,2.400000E+01,4.236161E+01,3.108294E+03,1.871874E+03,1.693417E-01,1.834018E-01,0.000000E+00,0.000000E+00,0.000000E+00,0.000000E+00,0.000000E+00,0.000000E+00,0.000000E+00,0.000000E+00,2.199966E+01,4.465985E+01,2.400000E+01,4.236277E+01
03:50:00,3.274600E+04,2.366937E+04,1.784055E+00,2.319069E+00,0.000000E+00,0.000000E+00,0.000000E+00,0.000000E+00,0.000000E+00,0.000000E+00,0.000000E+00,0.000000E+00,2.199999E+01,4.503407E+01,2.400000E+01,4.236353E+01,6.189829E+03,2.695111E+03,3.372152E-01,2.640606E-01,0.000000E+00,0.000000E+00,0.000000E+00,0.000000E+00,0.000000E+00,0.000000E+00,0.000000E+00,0.000000E+00,2.199910E+01,4.090018E+01,2.400000E+01,4.235759E+01,3.495116E+04,2.019947E+04,1.904065E+00,1.979096E+00,0.000000E+00,0.000000E+00,0.000000E+00,0.000000E+00,0.000000E+00,0.000000E+00,0.000000E+00,0.000000E+00,2.199876E+01,4.400854E+01,2.400000E+01,4.236132E+01,3.693108E+03,3.423086E+03,2.012026E-01,3.353858E-01,0.000000E+00,0.000000E+00,0.000000E+00,0.000000E+00,0.000000E+00,0.000000E+00,0.000000E+00,0.000000E+00,2.199965E+01,4.406355E+01,2.400000E+01,4.236231E+01,2.591312E+04,1.481062E+04,1.411734E+00,1.451109E+00,0.000000E+00,0.000000E+00,0.000000E+00,0.000000E+00,0.000000E+00,0.000000E+00,0.000000E+00,0.000000E+00,2.199930E+01,4.408275E+01,2.400000E+01,4.236156E+01,3.108739E+03,1.850427E+03,1.693660E-01,1.813004E-01,0.000000E+00,0.000000E+00,0.000000E+00,0.000000E+00,0.000000E+00,0.000000E+00,0.000000E+00,0.000000E+00,2.199966E+01,4.465990E+01,2.400000E+01,4.236276E+01
04:00:00,3.275280E+04,2.335532E+04,1.784426E+00,2.288299E+00,0.000000E+00,0.000000E+00,0.000000E+00,0.000000E+00,0.000000E+00,0.000000E+00,0.000000E+00,0.000000E+00,2.199999E+01,4.503407E+01,2.400000E+01,4.236353E+01,6.193454E+03,2.680923E+03,3.374127E-01,2.626705E-01,0.000000E+00,0.000000E+00,0.000000E+00,0.000000E+00,0.000000E+00,0.000000E+00,0.000000E+00,0.000000E+00,2.199910E+01,4.090699E+01,2.400000E+01,4.235715E+01,3.495671E+04,1.993632E+04,1.904367E+00,1.953314E+00,0.000000E+00,0.000000E+00,0.000000E+00,0.000000E+00,0.000000E+00,0.000000E+00,0.000000E+00,0.000000E+00,2.199876E+01,4.400870E+01,2.400000E+01,4.236127E+01,3.693472E+03,3.385051E+03,2.012224E-01,3.316593E-01,0.000000E+00,0.000000E+00,0.000000E+00,0.000000E+00,0.000000E+00,0.000000E+00,0.000000E+00,0.000000E+00,2.199965E+01,4.406381E+01,2.400000E+01,4.236228E+01,2.591624E+04,1.459184E+04,1.411904E+00,1.429674E+00,0.000000E+00,0.000000E+00,0.000000E+00,0.000000E+00,0.000000E+00,0.000000E+00,0.000000E+00,0.000000E+00,2.199930E+01,4.408286E+01,2.400000E+01,4.236151E+01,3.109180E+03,1.829071E+03,1.693900E-01,1.792081E-01,0.000000E+00,0.000000E+00,0.000000E+00,0.000000E+00,0.000000E+00,0.000000E+00,0.000000E+00,0.000000E+00,2.199966E+01,4.465995E+01,2.400000E+01,4.236274E+01
04:10:00,3.275953E+04,2.304579E+04,1.784792E+00,2.257972E+00,0.000000E+00,0.000000E+00,0.000000E+00,0.000000E+00,0.000000E+00,0.000000E+00,0.000000E+00,0.000000E+00,2.199999E+01,4.503407E+01,2.400000E+01,4.236353E+01,6.197053E+03,2.666700E+03,3.376088E-01,2.612770E-01,0.000000E+00,0.000000E+00,0.000000E+00,0.000000E+00,0.000000E+00,0.000000E+00,0.000000E+00,0.000000E+00,2.199911E+01,4.091330E+01,2.400000E+01,4.235673E+01,3.496222E+04,1.967617E+04,1.904668E+00,1.927824E+00,0.000000E+00,0.000000E+00,0.000000E+00,0.000000E+00,0.000000E+00,0.000000E+00,0.000000E+00,0.000000E+00,2.199876E+01,4.400885E+01,2.400000E+01,4.236122E+01,3.693841E+03,3.347527E+03,2.012425E-01,3.279828E-01,0.000000E+00,0.000000E+00,0.000000E+00,0.000000E+00,0.000000E+00,0.000000E+00,0.000000E+00,0.000000E+00,2.199965E+01,4.406404E+01,2.400000E+01,4.236226E+01,2.591932E+04,1.437629E+04,1.412072E+00,1.408555E+00,0.000000E+00,0.000000E+00,0.000000E+00,0.000000E+00,0.000000E+00,0.000000E+00,0.000000E+00,0.000000E+00,2.199930E+01,4.408297E+01,2.400000E+01,4.236146E+01,3.109617E+03,1.807904E+03,1.694138E-01,1.771342E-01,0.000000E+00,0.000000E+00,0.000000E+00,0.000000E+00,0.000000E+00,0.000000E+00,0.000000E+00,0.000000E+00,2.199966E+01,4.466000E+01,2.400000E+01,4.236272E+01
04:20:00,3.276620E+04,2.274080E+04,1.785155E+00,2.228090E+00,0.000000E+00,0.000000E+00,0.000000E+00,0.000000E+00,0.000000E+00,0.000000E+00,0.000000E+00,0.000000E+00,2.199999E+01,4.503407E+01,2.400000E+01,4.236353E+01,6.200626E+03,2.652451E+03,3.378034E-01,2.598809E-01,0.000000E+00,0.000000E+00,0.000000E+00,0.000000E+00,0.000000E+00,0.000000E+00,0.000000E+00,0.000000E+00,2.199911E+01,4.091915E+01,2.400000E+01,4.235634E+01,3.496770E+04,1.941906E+04,1.904966E+00,1.902633E+00,0.000000E+00,0.000000E+00,0.000000E+00,0.000000E+00,0.000000E+00,0.000000E+00,0.000000E+00,0.000000E+00,2.199876E+01,4.400900E+01,2.400000E+01,4.236118E+01,3.694215E+03,3.310516E+03,2.012629E-01,3.243565E-01,0.000000E+00,0.000000E+00,0.000000E+00,0.000000E+00,0.000000E+00,0.000000E+00,0.000000E+00,0.000000E+00,2.199965E+01,4.406425E+01,2.400000E+01,4.236223E+01,2.592237E+04,1.416388E+04,1.412238E+00,1.387744E+00,0.000000E+00,0.000000E+00,0.000000E+00,0.000000E+00,0.000000E+00,0.000000E+00,0.000000E+00,0.000000E+00,2.199930E+01,4.408308E+01,2.400000E+01,4.236142E+01,3.110050E+03,1.786943E+03,1.694374E-01,1.750805E-01,0.000000E+00,0.000000E+00,0.000000E+00,0.000000E+00,0.000000E+00,0.000000E+00,0.000000E+00,0.000000E+00,2.199966E+01,4.466005E+01,2.400000E+01,4.236271E+01
04:30:00,3.277279E+04,2.244023E+04,1.785514E+00,2.198641E+00,0.000000E+00,0.000000E+00,0.000000E+00,0.000000E+00,0.000000E+00,0.000000E+00,0.000000E+00,0.000000E+00,2.199999E+01,4.503407E+01,2.400000E+01,4.236353E+01,6.204173E+03,2.638187E+03,3.379967E-01,2.584833E-01,0.000000E+00,0.000000E+00,0.000000E+00,0.000000E+00,0.000000E+00,0.000000E+00,0.000000E+00,0.000000E+00,2.199911E+01,4.092460E+01,2.400000E+01,4.235597E+01,3.497315E+04,1.916499E+04,1.905263E+00,1.877740E+00,0.000000E+00,0.000000E+00,0.000000E+00,0.000000E+00,0.000000E+00,0.000000E+00,0.000000E+00,0.000000E+00,2.199876E+01,4.400916E+01,2.400000E+01,4.236114E+01,3.694593E+03,3.274008E+03,2.012835E-01,3.207795E-01,0.000000E+00,0.000000E+00,0.000000E+00,0.000000E+00,0.000000E+00,0.000000E+00,0.000000E+00,0.000000E+00,2.199965E+01,4.406444E+01,2.400000E+01,4.236221E+01,2.592538E+04,1.395457E+04,1.412402E+00,1.367235E+00,0.000000E+00,0.000000E+00,0.000000E+00,0.000000E+00,0.000000E+00,0.000000E+00,0.000000E+00,0.000000E+00,2.199930E+01,4.408319E+01,2.400000E+01,4.236137E+01,3.110479E+03,1.766199E+03,1.694607E-01,1.730480E-01,0.000000E+00,0.000000E+00,0.000000E+00,0.000000E+00,0.000000E+00,0.000000E+00,0.000000E+00,0.000000E+00,2.199966E+01,4.466010E+01,2.400000E+01,4.236269E+01
04:40:00,3.277931E+04,2.214400E+04,1.785870E+00,2.169616E+00,0.000000E+00,0.000000E+00,0.000000E+00,0.000000E+00,0.000000E+00,0.000000E+00,0.000000E+00,0.000000E+00,2.199999E+01,4.503407E+01,2.400000E+01,4.236353E+01,6.207695E+03,2.623915E+03,3.381885E-01,2.570850E-01,0.000000E+00,0.000000E+00,0.000000E+00,0.000000E+00,0.000000E+00,0.000000E+00,0.000000E+00,0.000000E+00,2.199911E+01,4.092967E+01,2.400000E+01,4.235562E+01,3.497857E+04,1.891388E+04,1.905558E+00,1.853137E+00,0.000000E+00,0.000000E+00,0.000000E+00,0.000000E+00,0.000000E+00,0.000000E+00,0.000000E+00,0.000000E+00,2.199876E+01,4.400931E+01,2.400000E+01,4.236109E+01,3.694977E+03,3.237986E+03,2.013044E-01,3.172502E-01,0.000000E+00,0.000000E+00,0.000000E+00,0.000000E+00,0.000000E+00,0.000000E+00,0.000000E+00,0.000000E+00,2.199965E+01,4.406461E+01,2.400000E+01,4.236218E+01,2.592837E+04,1.374837E+04,1.412565E+00,1.347033E+00,0.000000E+00,0.000000E+00,0.000000E+00,0.000000E+00,0.000000E+00,0.000000E+00,0.000000E+00,0.000000E+00,2.199930E+01,4.408330E+01,2.400000E+01,4.236133E+01,3.110904E+03,1.745681E+03,1.694839E-01,1.710377E-01,0.000000E+00,0.000000E+00,0.000000E+00,0.000000E+00,0.000000E+00,0.000000E+00,0.000000E+00,0.000000E+00,2.199966E+01,4.466016E+01,2.400000E+01,4.236268E+01
04:50:00,3.278576E+04,2.185201E+04,1.786221E+00,2.141008E+00,0.000000E+00,0.000000E+00,0.000000E+00,0.000000E+00,0.000000E+00,0.000000E+00,0.000000E+00,0.000000E+00,2.199999E+01,4.503407E+01,2.400000E+01,4.236353E+01,6.211191E+03,2.609647E+03,3.383790E-01,2.556870E-01,0.000000E+00,0.000000E+00,0.000000E+00,0.000000E+00,0.000000E+00,0.000000E+00,0.000000E+00,0.000000E+00,2.199911E+01,4.093442E+01,2.400000E+01,4.235530E+01,3.498395E+04,1.866569E+04,1.905852E+00,1.828820E+00,0.000000E+00,0.000000E+00,0.000000E+00,0.000000E+00,0.000000E+00,0.000000E+00,0.000000E+00,0.000000E+00,2.199876E+01,4.400946E+01,2.400000E+01,4.236104E+01,3.695365E+03,3.202466E+03,2.013255E-01,3.137700E-01,0.000000E+00,0.000000E+00,0.000000E+00,0.000000E+00,0.000000E+00,0.000000E+00,0.000000E+00,0.000000E+00,2.199965E+01,4.406477E+01,2.400000E+01,4.236216E+01,2.593132E+04,1.354537E+04,1.412725E+00,1.327143E+00,0.000000E+00,0.000000E+00,0.000000E+00,0.000000E+00,0.000000E+00,0.000000E+00,0.000000E+00,0.000000E+00,2.199930E+01,4.408340E+01,2.400000E+01,4.236128E+01,3.111325E+03,1.725394E+03,1.695069E-01,1.690500E-01,0.000000E+00,0.000000E+00,0.000000E+00,0.000000E+00,0.000000E+00,0.000000E+00,0.000000E+00,0.000000E+00,2.199966E+01,4.466021E+01,2.400000E+01,4.236266E+01
05:00:00,3.279215E+04,2.156401E+04,1.786569E+00,2.112791E+00,0.000000E+00,0.000000E+00,0.000000E+00,0.000000E+00,0.000000E+00,0.000000E+00,0.000000E+00,0.000000E+00,2.199999E+01,4.503407E+01,2.400000E+01,4.236353E+01,6.214662E+03,2.595390E+03,3.385682E-01,2.542902E-01,0.000000E+00,0.000000E+00,0.000000E+00,0.000000E+00,0.000000E+00,0.000000E+00,0.000000E+00,0.000000E+00,2.199911E+01,4.093886E+01,2.400000E+01,4.235499E+01,3.498931E+04,1.842041E+04,1.906143E+00,1.804788E+00,0.000000E+00,0.000000E+00,0.000000E+00,0.000000E+00,0.000000E+00,0.000000E+00,0.000000E+00,0.000000E+00,2.199876E+01,4.400961E+01,2.400000E+01,4.236100E+01,3.695757E+03,3.167471E+03,2.013469E-01,3.103413E-01,0.000000E+00,0.000000E+00,0.000000E+00,0.000000E+00,0.000000E+00,0.000000E+00,0.000000E+00,0.000000E+00,2.199965E+01,4.406492E+01,2.400000E+01,4.236213E+01,2.593424E+04,1.334566E+04,1.412884E+00,1.307576E+00,0.000000E+00,0.000000E+00,0.000000E+00,0.000000E+00,0.000000E+00,0.000000E+00,0.000000E+00,0.000000E+00,2.199930E+01,4.408351E+01,2.400000E+01,4.236123E+01,3.111743E+03,1.705345E+03,1.695296E-01,1.670857E-01,0.000000E+00,0.000000E+00,0.000000E+00,0.000000E+00,0.000000E+00,0.000000E+00,0.000000E+00,0.000000E+00,2.199966E+01,4.466025E+01,2.400000E+01,4.236265E+01
05:10:00,3.279847E+04,2.128247E+04,1.786914E+00,2.085206E+00,0.000000E+00,0.000000E+00,0.000000E+00,0.000000E+00,0.000000E+00,0.000000E+00,0.000000E+00,0.000000E+00,2.199999E+01,4.503407E+01,2.400000E+01,4.236353E+01,6.218109E+03,2.581894E+03,3.387560E-01,2.529678E-01,0.000000E+00,0.000000E+00,0.000000E+00,0.000000E+00,0.000000E+00,0.000000E+00,0.000000E+00,0.000000E+00,2.199911E+01,4.094303E+01,2.400000E+01,4.235470E+01,3.499463E+04,1.818204E+04,1.906433E+00,1.781433E+00,0.000000E+00,0.000000E+00,0.000000E+00,0.000000E+00,0.000000E+00,0.000000E+00,0.000000E+00,0.000000E+00,2.199876E+01,4.400976E+01,2.400000E+01,4.236095E+01,3.696154E+03,3.133281E+03,2.013685E-01,3.069914E-01,0.000000E+00,0.000000E+00,0.000000E+00,0.000000E+00,0.000000E+00,0.000000E+00,0.000000E+00,0.000000E+00,2.199965E+01,4.406506E+01,2.400000E+01,4.236211E+01,2.593712E+04,1.315204E+04,1.413042E+00,1.288605E+00,0.000000E+00,0.000000E+00,0.000000E+00,0.000000E+00,0.000000E+00,0.000000E+00,0.000000E+00,0.000000E+00,2.199930E+01,4.408361E+01,2.400000E+01,4.236119E+01,3.112157E+03,1.685814E+03,1.695522E-01,1.651721E-01,0.000000E+00,0.000000E+00,0.000000E+00,0.000000E+00,0.000000E+00,0.000000E+00,0.000000E+00,0.000000E+00,2.199966E+01,4.466030E+01,2.400000E+01,4.236263E+01
05:20:00,3.280473E+04,2.100796E+04,1.787255E+00,2.058310E+00,0.000000E+00,0.000000E+00,0.000000E+00,0.000000E+00,0.000000E+00,0.000000E+00,0.000000E+00,0.000000E+00,2.199999E+01,4.503408E+01,2.400000E+01,4.236353E+01,6.221531E+03,2.569167E+03,3.389424E-01,2.517208E-01,0.000000E+00,0.000000E+00,0.000000E+00,0.000000E+00,0.000000E+00,0.000000E+00,0.000000E+00,0.000000E+00,2.199911E+01,4.094697E+01,2.400000E+01,4.235443E+01,3.499992E+04,1.795130E+04,1.906721E+00,1.758825E+00,0.000000E+00,0.000000E+00,0.000000E+00,0.000000E+00,0.000000E+00,0.000000E+00,0.000000E+00,0.000000E+00,2.199876E+01,4.400991E+01,2.400000E+01,4.236093E+01,3.696555E+03,3.099945E+03,2.013904E-01,3.037252E-01,0.000000E+00,0.000000E+00,0.000000E+00,0.000000E+00,0.000000E+00,0.000000E+00,0.000000E+00,0.000000E+00,2.199965E+01,4.406519E+01,2.400000E+01,4.236209E+01,2.593998E+04,1.296506E+04,1.413198E+00,1.270286E+00,0.000000E+00,0.000000E+00,0.000000E+00,0.000000E+00,0.000000E+00,0.000000E+00,0.000000E+00,0.000000E+00,2.199930E+01,4.408371E+01,2.400000E+01,4.236115E+01,3.112567E+03,1.666852E+03,1.695745E-01,1.633142E-01,0.000000E+00,0.000000E+00,0.000000E+00,0.000000E+00,0.000000E+00,0.000000E+00,0.000000E+00,0.000000E+00,2.199966E+01,4.466035E+01,2.400000E+01,4.236263E+01
05:30:00,3.281093E+04,2.074090E+04,1.787593E+00,2.032144E+00,0.000000E+00,0.000000E+00,0.000000E+00,0.000000E+00,0.000000E+00,0.000000E+00,0.000000E+00,0.000000E+00,2.199999E+01,4.503408E+01,2.400000E+01,4.236353E+01,6.224929E+03,2.557216E+03,3.391275E-01,2.505500E-01,0.000000E+00,0.000000E+00,0.000000E+00,0.000000E+00,0.000000E+00,0.000000E+00,0.000000E+00,0.000000E+00,2.199911E+01,4.095068E+01,2.400000E+01,4.235419E+01,3.500518E+04,1.772852E+04,1.907008E+00,1.736998E+00,0.000000E+00,0.000000E+00,0.000000E+00,0.000000E+00,0.000000E+00,0.000000E+00,0.000000E+00,0.000000E+00,2.199876E+01,4.401006E+01,2.400000E+01,4.236092E+01,3.696960E+03,3.067488E+03,2.014125E-01,3.005452E-01,0.000000E+00,0.000000E+00,0.000000E+00,0.000000E+00,0.000000E+00,0.000000E+00,0.000000E+00,0.000000E+00,2.199965E+01,4.406532E+01,2.400000E+01,4.236207E+01,2.594281E+04,1.278505E+04,1.413352E+00,1.252649E+00,0.000000E+00,0.000000E+00,0.000000E+00,0.000000E+00,0.000000E+00,0.000000E+00,0.000000E+00,0.000000E+00,2.199930E+01,4.408381E+01,2.400000E+01,4.236111E+01,3.112975E+03,1.648484E+03,1.695967E-01,1.615146E-01,0.000000E+00,0.000000E+00,0.000000E+00,0.000000E+00,0.000000E+00,0.000000E+00,0.000000E+00,0.000000E+00,2.199966E+01,4.466040E+01,2.400000E+01,4.236262E+01
05:40:00,3.281706E+04,2.048149E+04,1.787927E+00,2.006728E+00,0.000000E+00,0.000000E+00,0.000000E+00,0.000000E+00,0.000000E+00,0.000000E+00,0.000000E+00,0.000000E+00,2.199999E+01,4.503408E+01,2.400000E+01,4.236353E+01,6.228303E+03,2.546051E+03,3.393114E-01,2.494560E-01,0.000000E+00,0.000000E+00,0.000000E+00,0.000000E+00,0.000000E+00,0.000000E+00,0.000000E+00,0.000000E+00,2.199911E+01,4.095420E+01,2.400000E+01,4.235396E+01,3.501042E+04,1.751394E+04,1.907293E+00,1.715975E+00,0.000000E+00,0.000000E+00,0.000000E+00,0.000000E+00,0.000000E+00,0.000000E+00,0.000000E+00,0.000000E+00,2.199876E+01,4.401020E+01,2.400000E+01,4.236091E+01,3.697369E+03,3.035922E+03,2.014348E-01,2.974525E-01,0.000000E+00,0.000000E+00,0.000000E+00,0.000000E+00,0.000000E+00,0.000000E+00,0.000000E+00,0.000000E+00,2.199965E+01,4.406545E+01,2.400000E+01,4.236206E+01,2.594561E+04,1.261215E+04,1.413504E+00,1.235709E+00,0.000000E+00,0.000000E+00,0.000000E+00,0.000000E+00,0.000000E+00,0.000000E+00,0.000000E+00,0.000000E+00,2.199930E+01,4.408391E+01,2.400000E+01,4.236109E+01,3.113378E+03,1.630729E+03,1.696187E-01,1.597749E-01,0.000000E+00,0.000000E+00,0.000000E+00,0.000000E+00,0.000000E+00,0.000000E+00,0.000000E+00,0.000000E+00,2.199966E+01,4.466045E+01,2.400000E+01,4.236262E+01
05:50:00,3.282314E+04,2.022991E+04,1.788258E+00,1.982078E+00,0.000000E+00,0.000000E+00,0.000000E+00,0.000000E+00,0.000000E+00,0.000000E+00,0.000000E+00,0.000000E+00,2.199999E+01,4.503408E+01,2.400000E+01,4.236353E+01,6.231653E+03,2.535679E+03,3.394939E-01,2.484398E-01,0.000000E+00,0.000000E+00,0.000000E+00,0.000000E+00,0.000000E+00,0.000000E+00,0.000000E+00,0.000000E+00,2.199911E+01,4.095754E+01,2.400000E+01,4.235376E+01,3.501562E+04,1.730778E+04,1.907576E+00,1.695775E+00,0.000000E+00,0.000000E+00,0.000000E+00,0.000000E+00,0.000000E+00,0.000000E+00,0.000000E+00,0.000000E+00,2.199876E+01,4.401035E+01,2.400000E+01,4.236090E+01,3.697783E+03,3.005253E+03,2.014573E-01,2.944476E-01,0.000000E+00,0.000000E+00,0.000000E+00,0.000000E+00,0.000000E+00,0.000000E+00,0.000000E+00,0.000000E+00,2.199965E+01,4.406557E+01,2.400000E+01,4.236204E+01,2.594838E+04,1.244653E+04,1.413655E+00,1.219481E+00,0.000000E+00,0.000000E+00,0.000000E+00,0.000000E+00,0.000000E+00,0.000000E+00,0.000000E+00,0.000000E+00,2.199930E+01,4.408401E+01,2.400000E+01,4.236106E+01,3.113778E+03,1.613600E+03,1.696405E-01,1.580967E-01,0.000000E+00,0.000000E+00,0.000000E+00,0.000000E+00,0.000000E+00,0.000000E+00,0.000000E+00,0.000000E+00,2.199966E+01,4.466050E+01,2.400000E+01,4.236262E+01
06:00:00,3.282915E+04,1.998643E+04,1.788585E+00,1.958223E+00,0.000000E+00,0.000000E+00,0.000000E+00,0.000000E+00,0.000000E+00,0.000000E+00,0.000000E+00,0.000000E+00,2.199999E+01,4.503408E+01,2.400000E+01,4.236353E+01,6.234980E+03,2.526109E+03,3.396751E-01,2.475022E-01,0.000000E+00,0.000000E+00,0.000000E+00,0.000000E+00,0.000000E+00,0.000000E+00,0.000000E+00,0.000000E+00,2.199911E+01,4.096071E+01,2.400000E+01,4.235359E+01,3.502079E+04,1.711020E+04,1.907858E+00,1.676416E+00,0.000000E+00,0.000000E+00,0.000000E+00,0.000000E+00,0.000000E+00,0.000000E+00,0.000000E+00,0.000000E+00,2.199876E+01,4.401049E+01,2.400000E+01,4.236088E+01,3.698200E+03,2.975473E+03,2.014800E-01,2.915298E-01,0.000000E+00,0.000000E+00,0.000000E+00,0.000000E+00,0.000000E+00,0.000000E+00,0.000000E+00,0.000000E+00,2.199965E+01,4.406569E+01,2.400000E+01,4.236203E+01,2.595113E+04,1.228830E+04,1.413805E+00,1.203978E+00,0.000000E+00,0.000000E+00,0.000000E+00,0.000000E+00,0.000000E+00,0.000000E+00,0.000000E+00,0.000000E+00,2.199930E+01,4.408411E+01,2.400000E+01,4.236105E+01,3.114175E+03,1.597111E+03,1.696621E-01,1.564811E-01,0.000000E+00,0.000000E+00,0.000000E+00,0.000000E+00,0.000000E+00,0.000000E+00,0.000000E+00,0.000000E+00,2.199966E+01,4.466054E+01,2.400000E+01,4.236261E+01
06:10:00,3.283510E+04,1.978819E+04,1.788910E+00,1.938800E+00,0.000000E+00,0.000000E+00,0.000000E+00,0.000000E+00,0.000000E+00,0.000000E+00,0.000000E+00,0.000000E+00,2.199999E+01,4.503408E+01,2.400000E+01,4.236353E+01,6.238283E+03,2.517589E+03,3.398551E-01,2.466674E-01,0.000000E+00,0.000000E+00,0.000000E+00,0.000000E+00,0.000000E+00,0.000000E+00,0.000000E+00,0.000000E+00,2.199911E+01,4.096374E+01,2.400000E+01,4.235343E+01,3.502593E+04,1.698160E+04,1.908138E+00,1.663816E+00,0.000000E+00,0.000000E+00,0.000000E+00,0.000000E+00,0.000000E+00,0.000000E+00,0.000000E+00,0.000000E+00,2.199876E+01,4.401063E+01,2.400000E+01,4.236087E+01,3.698621E+03,2.957889E+03,2.015029E-01,2.898069E-01,0.000000E+00,0.000000E+00,0.000000E+00,0.000000E+00,0.000000E+00,0.000000E+00,0.000000E+00,0.000000E+00,2.199965E+01,4.406581E+01,2.400000E+01,4.236203E+01,2.595384E+04,1.216822E+04,1.413953E+00,1.192213E+00,0.000000E+00,0.000000E+00,0.000000E+00,0.000000E+00,0.000000E+00,0.000000E+00,0.000000E+00,0.000000E+00,2.199930E+01,4.408421E+01,2.400000E+01,4.236103E+01,3.114569E+03,1.583364E+03,1.696836E-01,1.551342E-01,0.000000E+00,0.000000E+00,0.000000E+00,0.000000E+00,0.000000E+00,0.000000E+00,0.000000E+00,0.000000E+00,2.199966E+01,4.466059E+01,2.400000E+01,4.236261E+01
06:20:00,3.284100E+04,1.968331E+04,1.789231E+00,1.928524E+00,0.000000E+00,0.000000E+00,0.000000E+00,0.000000E+00,0.000000E+00,0.000000E+00,0.000000E+00,0.000000E+00,2.199999E+01,4.503408E+01,2.400000E+01,4.236353E+01,6.241563E+03,2.510125E+03,3.400338E-01,2.459361E-01,0.000000E+00,0.000000E+00,0.000000E+00,0.000000E+00,0.000000E+00,0.000000E+00,0.000000E+00,0.000000E+00,2.199911E+01,4.096664E+01,2.400000E+01,4.235329E+01,3.503104E+04,1.699926E+04,1.908417E+00,1.665547E+00,0.000000E+00,0.000000E+00,0.000000E+00,0.000000E+00,0.000000E+00,0.000000E+00,0.000000E+00,0.000000E+00,2.199876E+01,4.401078E+01,2.400000E+01,4.236096E+01,3.699045E+03,2.971776E+03,2.015261E-01,2.911676E-01,0.000000E+00,0.000000E+00,0.000000E+00,0.000000E+00,0.000000E+00,0.000000E+00,0.000000E+00,0.000000E+00,2.199965E+01,4.406592E+01,2.400000E+01,4.236203E+01,2.595653E+04,1.212499E+04,1.414099E+00,1.187978E+00,0.000000E+00,0.000000E+00,0.000000E+00,0.000000E+00,0.000000E+00,0.000000E+00,0.000000E+00,0.000000E+00,2.199930E+01,4.408430E+01,2.400000E+01,4.236103E+01,3.114959E+03,1.574312E+03,1.697048E-01,1.542474E-01,0.000000E+00,0.000000E+00,0.000000E+00,0.000000E+00,0.000000E+00,0.000000E+00,0.000000E+00,0.000000E+00,2.199966E+01,4.466064E+01,2.400000E+01,4.236262E+01
06:30:00,3.284684E+04,1.972156E+04,1.789549E+00,1.932272E+00,0.000000E+00,0.000000E+00,0.000000E+00,0.000000E+00,0.000000E+00,0.000000E+00,0.000000E+00,0.000000E+00,2.199999E+01,4.503408E+01,2.400000E+01,4.236353E+01,6.244821E+03,2.503724E+03,3.402112E-01,2.453089E-01,0.000000E+00,0.000000E+00,0.000000E+00,0.000000E+00,0.000000E+00,0.000000E+00,0.000000E+00,0.000000E+00,2.199911E+01,4.096942E+01,2.400000E+01,4.235318E+01,3.503612E+04,1.723987E+04,1.908693E+00,1.689121E+00,0.000000E+00,0.000000E+00,0.000000E+00,0.000000E+00,0.000000E+00,0.000000E+00,0.000000E+00,0.000000E+00,2.199876E+01,4.401092E+01,2.400000E+01,4.236111E+01,3.699474E+03,3.032601E+03,2.015494E-01,2.971271E-01,0.000000E+00,0.000000E+00,0.000000E+00,0.000000E+00,0.000000E+00,0.000000E+00,0.000000E+00,0.000000E+00,2.199965E+01,4.406604E+01,2.400000E+01,4.236204E+01,2.595919E+04,1.220181E+04,1.414244E+00,1.195504E+00,0.000000E+00,0.000000E+00,0.000000E+00,0.000000E+00,0.000000E+00,0.000000E+00,0.000000E+00,0.000000E+00,2.199930E+01,4.408440E+01,2.400000E+01,4.236105E+01,3.115346E+03,1.572394E+03,1.697259E-01,1.540594E-01,0.000000E+00,0.000000E+00,0.000000E+00,0.000000E+00,0.000000E+00,0.000000E+00,0.000000E+00,0.000000E+00,2.199966E+01,4.466068E+01,2.400000E+01,4.236265E+01
06:40:00,3.285262E+04,1.992582E+04,1.789864E+00,1.952285E+00,0.000000E+00,0.000000E+00,0.000000E+00,0.000000E+00,0.000000E+00,0.000000E+00,0.000000E+00,0.000000E+00,2.199999E+01,4.503408E+01,2.400000E+01,4.236353E+01,6.248055E+03,2.498392E+03,3.403875E-01,2.447865E-01,0.000000E+00,0.000000E+00,0.000000E+00,0.000000E+00,0.000000E+00,0.000000E+00,0.000000E+00,0.000000E+00,2.199911E+01,4.097209E+01,2.400000E+01,4.235310E+01,3.504117E+04,1.773847E+04,1.908969E+00,1.737973E+00,0.000000E+00,0.000000E+00,0.000000E+00,0.000000E+00,0.000000E+00,0.000000E+00,0.000000E+00,0.000000E+00,2.199876E+01,4.401106E+01,2.400000E+01,4.236140E+01,3.699905E+03,3.143506E+03,2.015729E-01,3.079933E-01,0.000000E+00,0.000000E+00,0.000000E+00,0.000000E+00,0.000000E+00,0.000000E+00,0.000000E+00,0.000000E+00,2.199965E+01,4.406615E+01,2.400000E+01,4.236211E+01,2.596183E+04,1.241861E+04,1.414388E+00,1.216746E+00,0.000000E+00,0.000000E+00,0.000000E+00,0.000000E+00,0.000000E+00,0.000000E+00,0.000000E+00,0.000000E+00,2.199930E+01,4.408449E+01,2.400000E+01,4.236114E+01,3.115730E+03,1.580572E+03,1.697469E-01,1.548607E-01,0.000000E+00,0.000000E+00,0.000000E+00,0.000000E+00,0.000000E+00,0.000000E+00,0.000000E+00,0.000000E+00,2.199966E+01,4.466073E+01,2.400000E+01,4.236270E+01
06:50:00,3.286167E+04,2.030876E+04,1.790357E+00,1.989805E+00,0.000000E+00,0.000000E+00,0.000000E+00,0.000000E+00,0.000000E+00,0.000000E+00,0.000000E+00,0.000000E+00,2.199999E+01,4.502854E+01,2.400000E+01,4.236352E+01,6.916104E+03,2.454655E+03,3.767822E-01,2.405013E-01,0.000000E+00,0.000000E+00,0.000000E+00,0.000000E+00,0.000000E+00,0.000000E+00,0.000000E+00,0.000000E+00,2.199914E+01,4.088460E+01,2.400000E+01,4.235281E+01,3.587460E+04,1.846275E+04,1.954371E+00,1.808936E+00,0.000000E+00,0.000000E+00,0.000000E+00,0.000000E+00,0.000000E+00,0.000000E+00,0.000000E+00,0.000000E+00,2.199870E+01,4.309611E+01,2.400000E+01,4.235954E+01,3.782748E+03,3.298921E+03,2.060863E-01,3.232205E-01,0.000000E+00,0.000000E+00,0.000000E+00,0.000000E+00,0.000000E+00,0.000000E+00,0.000000E+00,0.000000E+00,2.199970E+01,4.401193E+01,2.400000E+01,4.236207E+01,2.653250E+04,1.275379E+04,1.445479E+00,1.249586E+00,0.000000E+00,0.000000E+00,0.000000E+00,0.000000E+00,0.000000E+00,0.000000E+00,0.000000E+00,0.000000E+00,2.199938E+01,4.396298E+01,2.400000E+01,4.236099E+01,3.142464E+03,1.599525E+03,1.712033E-01,1.567177E-01,0.000000E+00,0.000000E+00,0.000000E+00,0.000000E+00,0.000000E+00,0.000000E+00,0.000000E+00,0.000000E+00,2.199966E+01,4.435117E+01,2.400000E+01,4.236208E+01
07:00:00,3.287067E+04,2.088407E+04,1.790847E+00,2.046172E+00,0.000000E+00,0.000000E+00,0.000000E+00,0.000000E+00,0.000000E+00,0.000000E+00,0.000000E+00,0.000000E+00,2.199998E+01,4.502269E+01,2.400000E+01,4.236352E+01,7.584449E+03,2.416278E+03,4.131927E-01,2.367412E-01,0.000000E+00,0.000000E+00,0.000000E+00,0.000000E+00,0.000000E+00,0.000000E+00,0.000000E+00,0.000000E+00,2.199908E+01,4.043987E+01,2.400000E+01,4.235154E+01,3.670737E+04,1.947885E+04,1.999703E+00,1.908492E+00,0.000000E+00,0.000000E+00,0.000000E+00,0.000000E+00,0.000000E+00,0.000000E+00,0.000000E+00,0.000000E+00,2.199700E+01,4.214353E+01,2.400001E+01,4.235773E+01,3.865663E+03,3.503549E+03,2.106037E-01,3.432694E-01,0.000000E+00,0.000000E+00,0.000000E+00,0.000000E+00,0.000000E+00,0.000000E+00,0.000000E+00,0.000000E+00,2.199969E+01,4.374618E+01,2.400000E+01,4.236164E+01,2.710397E+04,1.325699E+04,1.476611E+00,1.298888E+00,0.000000E+00,0.000000E+00,0.000000E+00,0.000000E+00,0.000000E+00,0.000000E+00,0.000000E+00,0.000000E+00,2.199920E+01,4.342797E+01,2.400000E+01,4.235996E+01,3.169186E+03,1.633275E+03,1.726583E-01,1.600244E-01,0.000000E+00,0.000000E+00,0.000000E+00,0.000000E+00,0.000000E+00,0.000000E+00,0.000000E+00,0.000000E+00,2.199916E+01,4.385263E+01,2.400000E+01,4.236107E+01
07:10:00,3.278019E+04,2.172457E+04,1.785917E+00,2.128529E+00,0.000000E+00,0.000000E+00,0.000000E+00,0.000000E+00,0.000000E+00,0.000000E+00,0.000000E+00,0.000000E+00,2.199998E+01,4.502265E+01,2.399982E+01,4.257321E+01,8.198552E+03,2.437603E+03,4.466479E-01,2.388306E-01,0.000000E+00,0.000000E+00,0.000000E+00,0.000000E+00,0.000000E+00,0.000000E+00,0.000000E+00,0.000000E+00,2.199901E+01,3.995879E+01,2.400000E+01,4.237040E+01,3.743620E+04,2.085087E+04,2.039357E+00,2.042924E+00,0.000000E+00,0.000000E+00,0.000000E+00,0.000000E+00,0.000000E+00,0.000000E+00,0.000000E+00,0.000000E+00,2.199615E+01,4.213827E+01,2.399985E+01,4.255267E+01,3.948482E+03,3.746917E+03,2.151157E-01,3.671141E-01,0.000000E+00,0.000000E+00,0.000000E+00,0.000000E+00,0.000000E+00,0.000000E+00,0.000000E+00,0.000000E+00,2.199964E+01,4.346158E+01,2.400000E+01,4.236121E+01,2.762857E+04,1.396329E+04,1.505186E+00,1.368090E+00,0.000000E+00,0.000000E+00,0.000000E+00,0.000000E+00,0.000000E+00,0.000000E+00,0.000000E+00,0.000000E+00,2.199898E+01,4.294748E+01,2.399999E+01,4.237732E+01,3.195891E+03,1.683069E+03,1.741119E-01,1.649031E-01,0.000000E+00,0.000000E+00,0.000000E+00,0.000000E+00,0.000000E+00,0.000000E+00,0.000000E+00,0.000000E+00,2.199886E+01,4.383192E+01,2.400000E+01,4.236119E+01
07:20:00,3.268801E+04,2.270743E+04,1.780895E+00,2.224847E+00,0.000000E+00,0.000000E+00,0.000000E+00,0.000000E+00,0.000000E+00,0.000000E+00,0.000000E+00,0.000000E+00,2.199998E+01,4.555698E+01,2.399956E+01,4.280151E+01,8.813141E+03,2.472017E+03,4.801261E-01,2.422024E-01,0.000000E+00,0.000000E+00,0.000000E+00,0.000000E+00,0.000000E+00,0.000000E+00,0.000000E+00,0.000000E+00,2.199831E+01,3.963324E+01,2.400000E+01,4.245414E+01,3.816359E+04,2.238368E+04,2.078931E+00,2.193122E+00,0.000000E+00,0.000000E+00,0.000000E+00,0.000000E+00,0.000000E+00,0.000000E+00,0.000000E+00,0.000000E+00,2.199615E+01,4.250975E+01,2.399962E+01,4.276264E+01,4.031406E+03,4.007999E+03,2.196328E-01,3.926942E-01,0.000000E+00,0.000000E+00,0.000000E+00,0.000000E+00,0.000000E+00,0.000000E+00,0.000000E+00,0.000000E+00,2.199937E+01,4.323776E+01,2.400000E+01,4.236102E+01,2.815285E+04,1.480397E+04,1.533735E+00,1.450458E+00,0.000000E+00,0.000000E+00,0.000000E+00,0.000000E+00,0.000000E+00,0.000000E+00,0.000000E+00,0.000000E+00,2.199838E+01,4.270493E+01,2.399999E+01,4.244690E+01,3.222594E+03,1.749191E+03,1.755654E-01,1.713816E-01,0.000000E+00,0.000000E+00,0.000000E+00,0.000000E+00,0.000000E+00,0.000000E+00,0.000000E+00,0.000000E+00,2.199886E+01,4.383326E+01,2.400000E+01,4.236138E+01
07:30:00,3.259511E+04,2.379136E+04,1.775842E+00,2.331069E+00,0.000000E+00,0.000000E+00,0.000000E+00,0.000000E+00,0.000000E+00,0.000000E+00,0.000000E+00,0.000000E+00,2.200053E+01,4.557177E+01,2.399951E+01,4.277899E+01,9.427016E+03,2.519306E+03,5.135646E-01,2.468357E-01,0.000000E+00,0.000000E+00,0.000000E+00,0.000000E+00,0.000000E+00,0.000000E+00,0.000000E+00,0.000000E+00,2.199817E+01,3.932044E+01,2.399999E+01,4.253848E+01,3.889038E+04,2.405285E+04,2.118481E+00,2.356684E+00,0.000000E+00,0.000000E+00,0.000000E+00,0.000000E+00,0.000000E+00,0.000000E+00,0.000000E+00,0.000000E+00,2.199655E+01,4.251214E+01,2.399958E+01,4.273861E+01,4.114322E+03,4.269164E+03,2.241494E-01,4.182826E-01,0.000000E+00,0.000000E+00,0.000000E+00,0.000000E+00,0.000000E+00,0.000000E+00,0.000000E+00,0.000000E+00,2.199927E+01,4.301072E+01,2.400000E+01,4.236098E+01,2.867662E+04,1.574478E+04,1.562253E+00,1.542638E+00,0.000000E+00,0.000000E+00,0.000000E+00,0.000000E+00,0.000000E+00,0.000000E+00,0.000000E+00,0.000000E+00,2.199813E+01,4.257192E+01,2.399996E+01,4.249884E+01,3.249299E+03,1.831187E+03,1.770190E-01,1.794153E-01,0.000000E+00,0.000000E+00,0.000000E+00,0.000000E+00,0.000000E+00,0.000000E+00,0.000000E+00,0.000000E+00,2.199886E+01,4.382936E+01,2.400000E+01,4.236160E+01
07:40:00,3.250147E+04,2.496216E+04,1.770751E+00,2.445804E+00,0.000000E+00,0.000000E+00,0.000000E+00,0.000000E+00,0.000000E+00,0.000000E+00,0.000000E+00,0.000000E+00,2.200064E+01,4.556382E+01,2.399950E+01,4.275578E+01,1.004081E+04,2.579390E+03,5.469980E-01,2.527227E-01,0.000000E+00,0.000000E+00,0.000000E+00,0.000000E+00,0.000000E+00,0.000000E+00,0.000000E+00,0.000000E+00,2.199806E+01,3.910697E+01,2.399998E+01,4.266078E+01,3.961656E+04,2.581021E+04,2.157999E+00,2.528887E+00,0.000000E+00,0.000000E+00,0.000000E+00,0.000000E+00,0.000000E+00,0.000000E+00,0.000000E+00,0.000000E+00,2.199663E+01,4.250806E+01,2.399957E+01,4.271208E+01,4.197279E+03,4.525114E+03,2.286679E-01,4.433599E-01,0.000000E+00,0.000000E+00,0.000000E+00,0.000000E+00,0.000000E+00,0.000000E+00,0.000000E+00,0.000000E+00,2.199917E+01,4.284688E+01,2.400000E+01,4.236106E+01,2.920014E+04,1.677335E+04,1.590755E+00,1.643417E+00,0.000000E+00,0.000000E+00,0.000000E+00,0.000000E+00,0.000000E+00,0.000000E+00,0.000000E+00,0.000000E+00,2.199801E+01,4.254842E+01,2.399992E+01,4.255338E+01,3.276003E+03,1.927979E+03,1.784725E-01,1.888988E-01,0.000000E+00,0.000000E+00,0.000000E+00,0.000000E+00,0.000000E+00,0.000000E+00,0.000000E+00,0.000000E+00,2.199886E+01,4.382350E+01,2.400000E+01,4.236183E+01
07:50:00,3.240384E+04,2.621455E+04,1.765443E+00,2.568534E+00,0.000000E+00,0.000000E+00,0.000000E+00,0.000000E+00,0.000000E+00,0.000000E+00,0.000000E+00,0.000000E+00,2.200065E+01,4.556509E+01,2.399951E+01,4.273052E+01,9.989570E+03,2.691672E+03,5.442009E-01,2.637239E-01,0.000000E+00,0.000000E+00,0.000000E+00,0.000000E+00,0.000000E+00,0.000000E+00,0.000000E+00,0.000000E+00,2.199798E+01,3.894848E+01,2.399997E+01,4.279520E+01,3.951378E+04,2.768299E+04,2.152359E+00,2.712400E+00,0.000000E+00,0.000000E+00,0.000000E+00,0.000000E+00,0.000000E+00,0.000000E+00,0.000000E+00,0.000000E+00,2.199664E+01,4.250890E+01,2.399958E+01,4.268485E+01,4.197850E+03,4.779078E+03,2.286978E-01,4.682427E-01,0.000000E+00,0.000000E+00,0.000000E+00,0.000000E+00,0.000000E+00,0.000000E+00,0.000000E+00,0.000000E+00,2.199911E+01,4.272514E+01,2.400000E+01,4.236127E+01,2.915527E+04,1.791729E+04,1.588290E+00,1.755502E+00,0.000000E+00,0.000000E+00,0.000000E+00,0.000000E+00,0.000000E+00,0.000000E+00,0.000000E+00,0.000000E+00,2.199798E+01,4.255178E+01,2.399989E+01,4.257953E+01,3.276355E+03,2.040550E+03,1.784904E-01,1.999282E-01,0.000000E+00,0.000000E+00,0.000000E+00,0.000000E+00,0.000000E+00,0.000000E+00,0.000000E+00,0.000000E+00,2.199885E+01,4.382319E+01,2.400000E+01,4.236213E+01
08:00:00,3.230562E+04,2.754718E+04,1.760102E+00,2.699126E+00,0.000000E+00,0.000000E+00,0.000000E+00,0.000000E+00,0.000000E+00,0.000000E+00,0.000000E+00,0.000000E+00,2.200065E+01,4.556527E+01,2.399953E+01,4.271399E+01,9.937842E+03,2.812372E+03,5.413771E-01,2.755500E-01,0.000000E+00,0.000000E+00,0.000000E+00,0.000000E+00,0.000000E+00,0.000000E+00,0.000000E+00,0.000000E+00,2.199793E+01,3.882170E+01,2.399997E+01,4.287328E+01,3.941113E+04,2.960125E+04,2.146760E+00,2.900369E+00,0.000000E+00,0.000000E+00,0.000000E+00,0.000000E+00,0.000000E+00,0.000000E+00,0.000000E+00,0.000000E+00,2.199664E+01,4.250906E+01,2.399959E+01,4.266867E+01,4.198371E+03,5.023047E+03,2.287248E-01,4.921462E-01,0.000000E+00,0.000000E+00,0.000000E+00,0.000000E+00,0.000000E+00,0.000000E+00,0.000000E+00,0.000000E+00,2.199905E+01,4.263081E+01,2.400000E+01,4.236146E+01,2.910929E+04,1.913632E+04,1.585767E+00,1.874943E+00,0.000000E+00,0.000000E+00,0.000000E+00,0.000000E+00,0.000000E+00,0.000000E+00,0.000000E+00,0.000000E+00,2.199797E+01,4.255222E+01,2.399990E+01,4.257901E+01,3.276716E+03,2.166566E+03,1.785095E-01,2.122750E-01,0.000000E+00,0.000000E+00,0.000000E+00,0.000000E+00,0.000000E+00,0.000000E+00,0.000000E+00,0.000000E+00,2.199885E+01,4.382384E+01,2.400000E+01,4.236232E+01
08:10:00,3.017175E+04,3.095144E+04,1.643866E+00,3.032759E+00,0.000000E+00,0.000000E+00,0.000000E+00,0.000000E+00,0.000000E+00,0.000000E+00,0.000000E+00,0.000000E+00,2.200198E+01,4.805462E+01,2.399864E+01,4.318957E+01,8.792277E+03,4.017232E+03,4.789693E-01,3.935999E-01,0.000000E+00,0.000000E+00,0.000000E+00,0.000000E+00,0.000000E+00,0.000000E+00,0.000000E+00,0.000000E+00,2.199971E+01,3.856972E+01,2.399996E+01,4.307190E+01,3.819856E+04,3.261682E+04,2.080741E+00,3.195906E+00,0.000000E+00,0.000000E+00,0.000000E+00,0.000000E+00,0.000000E+00,0.000000E+00,0.000000E+00,0.000000E+00,2.199796E+01,4.327535E+01,2.399880E+01,4.320406E+01,4.141964E+03,5.311989E+03,2.256520E-01,5.204560E-01,0.000000E+00,0.000000E+00,0.000000E+00,0.000000E+00,0.000000E+00,0.000000E+00,0.000000E+00,0.000000E+00,2.199977E+01,4.250912E+01,2.400000E+01,4.236174E+01,2.812184E+04,2.133991E+04,1.531978E+00,2.090849E+00,0.000000E+00,0.000000E+00,0.000000E+00,0.000000E+00,0.000000E+00,0.000000E+00,0.000000E+00,0.000000E+00,2.199953E+01,4.258771E+01,2.399994E+01,4.268757E+01,3.221852E+03,2.359048E+03,1.755210E-01,2.311340E-01,0.000000E+00,0.000000E+00,0.000000E+00,0.000000E+00,0.000000E+00,0.000000E+00,0.000000E+00,0.000000E+00,2.199909E+01,4.372071E+01,2.400000E+01,4.236267E+01
08:20:00,2.802391E+04,3.441983E+04,1.526871E+00,3.372688E+00,0.000000E+00,0.000000E+00,0.000000E+00,0.000000E+00,0.000000E+00,0.000000E+00,0.000000E+00,0.000000E+00,2.200239E+01,4.839406E+01,2.399838E+01,4.322091E+01,7.638791E+03,5.228517E+03,4.161338E-01,5.122797E-01,0.000000E+00,0.000000E+00,0.000000E+00,0.000000E+00,0.000000E+00,0.000000E+00,0.000000E+00,0.000000E+00,2.199990E+01,3.839845E+01,2.399994E+01,4.322629E+01,3.697750E+04,3.567122E+04,2.014264E+00,3.495259E+00,0.000000E+00,0.000000E+00,0.000000E+00,0.000000E+00,0.000000E+00,0.000000E+00,0.000000E+00,0.000000E+00,2.199822E+01,4.336635E+01,2.399856E+01,4.323728E+01,4.084554E+03,5.588657E+03,2.225252E-01,5.475633E-01,0.000000E+00,0.000000E+00,0.000000E+00,0.000000E+00,0.000000E+00,0.000000E+00,0.000000E+00,0.000000E+00,2.199984E+01,4.246011E+01,2.400000E+01,4.236191E+01,2.712577E+04,2.359416E+04,1.477731E+00,2.311719E+00,0.000000E+00,0.000000E+00,0.000000E+00,0.000000E+00,0.000000E+00,0.000000E+00,0.000000E+00,0.000000E+00,2.199969E+01,4.263307E+01,2.399991E+01,4.277686E+01,3.166324E+03,2.562134E+03,1.724962E-01,2.510318E-01,0.000000E+00,0.000000E+00,0.000000E+00,0.000000E+00,0.000000E+00,0.000000E+00,0.000000E+00,0.000000E+00,2.199908E+01,4.369500E+01,2.400000E+01,4.236282E+01
08:30:00,2.586674E+04,3.793814E+04,1.409361E+00,3.717513E+00,0.000000E+00,0.000000E+00,0.000000E+00,0.000000E+00,0.000000E+00,0.000000E+00,0.000000E+00,0.000000E+00,2.200245E+01,4.840517E+01,2.399833E+01,4.320371E+01,6.481919E+03,6.444402E+03,3.531143E-01,6.314115E-01,0.000000E+00,0.000000E+00,0.000000E+00,0.000000E+00,0.000000E+00,0.000000E+00,0.000000E+00,0.000000E+00,2.199975E+01,3.830190E+01,2.399987E+01,4.331794E+01,3.575062E+04,3.870014E+04,1.947461E+00,3.792119E+00,0.000000E+00,0.000000E+00,0.000000E+00,0.000000E+00,0.000000E+00,0.000000E+00,0.000000E+00,0.000000E+00,2.199822E+01,4.336610E+01,2.399852E+01,4.321710E+01,4.026551E+03,5.852374E+03,2.193660E-01,5.734018E-01,0.000000E+00,0.000000E+00,0.000000E+00,0.000000E+00,0.000000E+00,0.000000E+00,0.000000E+00,0.000000E+00,2.199962E+01,4.243434E+01,2.400000E+01,4.236202E+01,2.612384E+04,2.588790E+04,1.423164E+00,2.536462E+00,0.000000E+00,0.000000E+00,0.000000E+00,0.000000E+00,0.000000E+00,0.000000E+00,0.000000E+00,0.000000E+00,2.199935E+01,4.265616E+01,2.399982E+01,4.281551E+01,3.110326E+03,2.774402E+03,1.694457E-01,2.718294E-01,0.000000E+00,0.000000E+00,0.000000E+00,0.000000E+00,0.000000E+00,0.000000E+00,0.000000E+00,0.000000E+00,2.199900E+01,4.369232E+01,2.400000E+01,4.236290E+01
08:40:00,2.370226E+04,4.149586E+04,1.291450E+00,4.066202E+00,0.000000E+00,0.000000E+00,0.000000E+00,0.000000E+00,0.000000E+00,0.000000E+00,0.000000E+00,0.000000E+00,2.200249E+01,4.841235E+01,2.399833E+01,4.317764E+01,5.322048E+03,7.664014E+03,2.899318E-01,7.509103E-01,0.000000E+00,0.000000E+00,0.000000E+00,0.000000E+00,0.000000E+00,0.000000E+00,0.000000E+00,0.000000E+00,2.199959E+01,3.806018E+01,2.399975E+01,4.350012E+01,3.451927E+04,4.170644E+04,1.880413E+00,4.086766E+00,0.000000E+00,0.000000E+00,0.000000E+00,0.000000E+00,0.000000E+00,0.000000E+00,0.000000E+00,0.000000E+00,2.199820E+01,4.336462E+01,2.399851E+01,4.318732E+01,3.968170E+03,6.102623E+03,2.161858E-01,5.979205E-01,0.000000E+00,0.000000E+00,0.000000E+00,0.000000E+00,0.000000E+00,0.000000E+00,0.000000E+00,0.000000E+00,2.199939E+01,4.237304E+01,2.400000E+01,4.236226E+01,2.511787E+04,2.821191E+04,1.368375E+00,2.764178E+00,0.000000E+00,0.000000E+00,0.000000E+00,0.000000E+00,0.000000E+00,0.000000E+00,0.000000E+00,0.000000E+00,2.199900E+01,4.270252E+01,2.399968E+01,4.286163E+01,3.053955E+03,2.994501E+03,1.663748E-01,2.933941E-01,0.000000E+00,0.000000E+00,0.000000E+00,0.000000E+00,0.000000E+00,0.000000E+00,0.000000E+00,0.000000E+00,2.199890E+01,4.369138E+01,2.400000E+01,4.236302E+01
08:50:00,2.153144E+04,4.508319E+04,1.173194E+00,4.417795E+00,0.000000E+00,0.000000E+00,0.000000E+00,0.000000E+00,0.000000E+00,0.000000E+00,0.000000E+00,0.000000E+00,2.200250E+01,4.841647E+01,2.399834E+01,4.316460E+01,4.159129E+03,8.887527E+03,2.265835E-01,8.707918E-01,0.000000E+00,0.000000E+00,0.000000E+00,0.000000E+00,0.000000E+00,0.000000E+00,0.000000E+00,0.000000E+00,2.199958E+01,3.781312E+01,2.399971E+01,4.365853E+01,3.328405E+04,4.468401E+04,1.813154E+00,4.378599E+00,0.000000E+00,0.000000E+00,0.000000E+00,0.000000E+00,0.000000E+00,0.000000E+00,0.000000E+00,0.000000E+00,2.199820E+01,4.336399E+01,2.399853E+01,4.317273E+01,3.909239E+03,6.339060E+03,2.129758E-01,6.210860E-01,0.000000E+00,0.000000E+00,0.000000E+00,0.000000E+00,0.000000E+00,0.000000E+00,0.000000E+00,0.000000E+00,2.199937E+01,4.231431E+01,2.400000E+01,4.236247E+01,2.410748E+04,3.055838E+04,1.313345E+00,2.994096E+00,0.000000E+00,0.000000E+00,0.000000E+00,0.000000E+00,0.000000E+00,0.000000E+00,0.000000E+00,0.000000E+00,2.199900E+01,4.273862E+01,2.399964E+01,4.287741E+01,2.997255E+03,3.221122E+03,1.632860E-01,3.155979E-01,0.000000E+00,0.000000E+00,0.000000E+00,0.000000E+00,0.000000E+00,0.000000E+00,0.000000E+00,0.000000E+00,2.199889E+01,4.369098E+01,2.400000E+01,4.236309E+01
09:00:00,1.935497E+04,4.868445E+04,1.054630E+00,4.770757E+00,0.000000E+00,0.000000E+00,0.000000E+00,0.000000E+00,0.000000E+00,0.000000E+00,0.000000E+00,0.000000E+00,2.200250E+01,4.842249E+01,2.399832E+01,4.314145E+01,2.994478E+03,1.011406E+04,1.631407E-01,9.909731E-01,0.000000E+00,0.000000E+00,0.000000E+00,0.000000E+00,0.000000E+00,0.000000E+00,0.000000E+00,0.000000E+00,2.199927E+01,3.760332E+01,2.399949E+01,4.377000E+01,3.204537E+04,4.762420E+04,1.745706E+00,4.666777E+00,0.000000E+00,0.000000E+00,0.000000E+00,0.000000E+00,0.000000E+00,0.000000E+00,0.000000E+00,0.000000E+00,2.199819E+01,4.336306E+01,2.399850E+01,4.314774E+01,3.850211E+03,6.562270E+03,2.097599E-01,6.429556E-01,0.000000E+00,0.000000E+00,0.000000E+00,0.000000E+00,0.000000E+00,0.000000E+00,0.000000E+00,0.000000E+00,2.199900E+01,4.226930E+01,2.400000E+01,4.236265E+01,2.309469E+04,3.291406E+04,1.258180E+00,3.224928E+00,0.000000E+00,0.000000E+00,0.000000E+00,0.000000E+00,0.000000E+00,0.000000E+00,0.000000E+00,0.000000E+00,2.199856E+01,4.276245E+01,2.399948E+01,4.287467E+01,2.940260E+03,3.452730E+03,1.601810E-01,3.382903E-01,0.000000E+00,0.000000E+00,0.000000E+00,0.000000E+00,0.000000E+00,0.000000E+00,0.000000E+00,0.000000E+00,2.199886E+01,4.369051E+01,2.400000E+01,4.236318E+01
09:10:00,1.918359E+04,5.029699E+04,1.045297E+00,4.928800E+00,0.000000E+00,0.000000E+00,0.000000E+00,0.000000E+00,0.000000E+00,0.000000E+00,0.000000E+00,0.000000E+00,2.200251E+01,4.842813E+01,2.399832E+01,4.311951E+01,2.908868E+03,1.026973E+04,1.584760E-01,1.006235E+00,0.000000E+00,0.000000E+00,0.000000E+00,0.000000E+00,0.000000E+00,0.000000E+00,0.000000E+00,0.000000E+00,2.199925E+01,3.735796E+01,2.399942E+01,4.386969E+01,3.188709E+04,4.944182E+04,1.737087E+00,4.844910E+00,0.000000E+00,0.000000E+00,0.000000E+00,0.000000E+00,0.000000E+00,0.000000E+00,0.000000E+00,0.000000E+00,2.199819E+01,4.336221E+01,2.399850E+01,4.312492E+01,3.847869E+03,6.712737E+03,2.096308E-01,6.576981E-01,0.000000E+00,0.000000E+00,0.000000E+00,0.000000E+00,0.000000E+00,0.000000E+00,0.000000E+00,0.000000E+00,2.199896E+01,4.222137E+01,2.400000E+01,4.236284E+01,2.300914E+04,3.434270E+04,1.253507E+00,3.364935E+00,0.000000E+00,0.000000E+00,0.000000E+00,0.000000E+00,0.000000E+00,0.000000E+00,0.000000E+00,0.000000E+00,2.199853E+01,4.277985E+01,2.399944E+01,4.285835E+01,2.938234E+03,3.632189E+03,1.600703E-01,3.558733E-01,0.000000E+00,0.000000E+00,0.000000E+00,0.000000E+00,0.000000E+00,0.000000E+00,0.000000E+00,0.000000E+00,2.199885E+01,4.368980E+01,2.400000E+01,4.236327E+01
09:20:00,1.902044E+04,5.188773E+04,1.036407E+00,5.084687E+00,0.000000E+00,0.000000E+00,0.000000E+00,0.000000E+00,0.000000E+00,0.000000E+00,0.000000E+00,0.000000E+00,2.200242E+01,4.971542E+01,2.399832E+01,4.332993E+01,2.827769E+03,1.042033E+04,1.540570E-01,1.021001E+00,0.000000E+00,0.000000E+00,0.000000E+00,0.000000E+00,0.000000E+00,0.000000E+00,0.000000E+00,0.000000E+00,2.199933E+01,3.721305E+01,2.399935E+01,4.401205E+01,3.173344E+04,5.118386E+04,1.728717E+00,5.015622E+00,0.000000E+00,0.000000E+00,0.000000E+00,0.000000E+00,0.000000E+00,0.000000E+00,0.000000E+00,0.000000E+00,2.199823E+01,4.394827E+01,2.399849E+01,4.333738E+01,3.846210E+03,6.846568E+03,2.095387E-01,6.708105E-01,0.000000E+00,0.000000E+00,0.000000E+00,0.000000E+00,0.000000E+00,0.000000E+00,0.000000E+00,0.000000E+00,2.199894E+01,4.218500E+01,2.400000E+01,4.236299E+01,2.292864E+04,3.575126E+04,1.249109E+00,3.502974E+00,0.000000E+00,0.000000E+00,0.000000E+00,0.000000E+00,0.000000E+00,0.000000E+00,0.000000E+00,0.000000E+00,2.199856E+01,4.286001E+01,2.399942E+01,4.290047E+01,2.936618E+03,3.812808E+03,1.599819E-01,3.735699E-01,0.000000E+00,0.000000E+00,0.000000E+00,0.000000E+00,0.000000E+00,0.000000E+00,0.000000E+00,0.000000E+00,2.199885E+01,4.368924E+01,2.400000E+01,4.236335E+01
09:30:00,1.886158E+04,5.345431E+04,1.027759E+00,5.238234E+00,0.000000E+00,0.000000E+00,0.000000E+00,0.000000E+00,0.000000E+00,0.000000E+00,0.000000E+00,0.000000E+00,2.200322E+01,4.979000E+01,2.399800E+01,4.330868E+01,2.748431E+03,1.056762E+04,1.497340E-01,1.035443E+00,0.000000E+00,0.000000E+00,0.000000E+00,0.000000E+00,0.000000E+00,0.000000E+00,0.000000E+00,0.000000E+00,2.199932E+01,3.712985E+01,2.399928E+01,4.416066E+01,3.158221E+04,5.284543E+04,1.720487E+00,5.178473E+00,0.000000E+00,0.000000E+00,0.000000E+00,0.000000E+00,0.000000E+00,0.000000E+00,0.000000E+00,0.000000E+00,2.199876E+01,4.396194E+01,2.399819E+01,4.331691E+01,3.844935E+03,6.963747E+03,2.094679E-01,6.822915E-01,0.000000E+00,0.000000E+00,0.000000E+00,0.000000E+00,0.000000E+00,0.000000E+00,0.000000E+00,0.000000E+00,2.199893E+01,4.215676E+01,2.400000E+01,4.236312E+01,2.285121E+04,3.713419E+04,1.244882E+00,3.638502E+00,0.000000E+00,0.000000E+00,0.000000E+00,0.000000E+00,0.000000E+00,0.000000E+00,0.000000E+00,0.000000E+00,2.199861E+01,4.295770E+01,2.399937E+01,4.294160E+01,2.935231E+03,3.993549E+03,1.599061E-01,3.912785E-01,0.000000E+00,0.000000E+00,0.000000E+00,0.000000E+00,0.000000E+00,0.000000E+00,0.000000E+00,0.000000E+00,2.199885E+01,4.368874E+01,2.400000E+01,4.236342E+01
09:40:00,1.870524E+04,5.498293E+04,1.019247E+00,5.388071E+00,0.000000E+00,0.000000E+00,0.000000E+00,0.000000E+00,0.000000E+00,0.000000E+00,0.000000E+00,0.000000E+00,2.200335E+01,4.976723E+01,2.399789E+01,4.328527E+01,2.669927E+03,1.071240E+04,1.454567E-01,1.049638E+00,0.000000E+00,0.000000E+00,0.000000E+00,0.000000E+00,0.000000E+00,0.000000E+00,0.000000E+00,0.000000E+00,2.199932E+01,3.707008E+01,2.399921E+01,4.428033E+01,3.143222E+04,5.440379E+04,1.712327E+00,5.331220E+00,0.000000E+00,0.000000E+00,0.000000E+00,0.000000E+00,0.000000E+00,0.000000E+00,0.000000E+00,0.000000E+00,2.199885E+01,4.395377E+01,2.399809E+01,4.329514E+01,3.843791E+03,7.062406E+03,2.094046E-01,6.919578E-01,0.000000E+00,0.000000E+00,0.000000E+00,0.000000E+00,0.000000E+00,0.000000E+00,0.000000E+00,0.000000E+00,2.199892E+01,4.213419E+01,2.400000E+01,4.236325E+01,2.277507E+04,3.847843E+04,1.240730E+00,3.770238E+00,0.000000E+00,0.000000E+00,0.000000E+00,0.000000E+00,0.000000E+00,0.000000E+00,0.000000E+00,0.000000E+00,2.199867E+01,4.303527E+01,2.399930E+01,4.295176E+01,2.933989E+03,4.171003E+03,1.598384E-01,4.086650E-01,0.000000E+00,0.000000E+00,0.000000E+00,0.000000E+00,0.000000E+00,0.000000E+00,0.000000E+00,0.000000E+00,2.199885E+01,4.368828E+01,2.400000E+01,4.236348E+01
09:50:00,1.855068E+04,5.646985E+04,1.010834E+00,5.533826E+00,0.000000E+00,0.000000E+00,0.000000E+00,0.000000E+00,0.000000E+00,0.000000E+00,0.000000E+00,0.000000E+00,2.200335E+01,4.977844E+01,2.399786E+01,4.326546E+01,2.592551E+03,1.085453E+04,1.412409E-01,1.063574E+00,0.000000E+00,0.000000E+00,0.000000E+00,0.000000E+00,0.000000E+00,0.000000E+00,0.000000E+00,0.000000E+00,2.199931E+01,3.701634E+01,2.399915E+01,4.436235E+01,3.128303E+04,5.586155E+04,1.704209E+00,5.474113E+00,0.000000E+00,0.000000E+00,0.000000E+00,0.000000E+00,0.000000E+00,0.000000E+00,0.000000E+00,0.000000E+00,2.199886E+01,4.395459E+01,2.399807E+01,4.327834E+01,3.842981E+03,7.143532E+03,2.093596E-01,6.999063E-01,0.000000E+00,0.000000E+00,0.000000E+00,0.000000E+00,0.000000E+00,0.000000E+00,0.000000E+00,0.000000E+00,2.199891E+01,4.211585E+01,2.400000E+01,4.236337E+01,2.270088E+04,3.977991E+04,1.236685E+00,3.897784E+00,0.000000E+00,0.000000E+00,0.000000E+00,0.000000E+00,0.000000E+00,0.000000E+00,0.000000E+00,0.000000E+00,2.199872E+01,4.308426E+01,2.399927E+01,4.293977E+01,2.932860E+03,4.345217E+03,1.597768E-01,4.257341E-01,0.000000E+00,0.000000E+00,0.000000E+00,0.000000E+00,0.000000E+00,0.000000E+00,0.000000E+00,0.000000E+00,2.199885E+01,4.368784E+01,2.400000E+01,4.236354E+01
10:00:00,1.839750E+04,5.790870E+04,1.002495E+00,5.674872E+00,0.000000E+00,0.000000E+00,0.000000E+00,0.000000E+00,0.000000E+00,0.000000E+00,0.000000E+00,0.000000E+00,2.200335E+01,4.978648E+01,2.399786E+01,4.324672E+01,2.515088E+03,1.099484E+04,1.370208E-01,1.077329E+00,0.000000E+00,0.000000E+00,0.000000E+00,0.000000E+00,0.000000E+00,0.000000E+00,0.000000E+00,0.000000E+00,2.199931E+01,3.696441E+01,2.399911E+01,4.441345E+01,3.113437E+04,5.721454E+04,1.696121E+00,5.606739E+00,0.000000E+00,0.000000E+00,0.000000E+00,0.000000E+00,0.000000E+00,0.000000E+00,0.000000E+00,0.000000E+00,2.199886E+01,4.395427E+01,2.399806E+01,4.326263E+01,3.842063E+03,7.207370E+03,2.093094E-01,7.061610E-01,0.000000E+00,0.000000E+00,0.000000E+00,0.000000E+00,0.000000E+00,0.000000E+00,0.000000E+00,0.000000E+00,2.199890E+01,4.210089E+01,2.400000E+01,4.236349E+01,2.262674E+04,4.103340E+04,1.232649E+00,4.020621E+00,0.000000E+00,0.000000E+00,0.000000E+00,0.000000E+00,0.000000E+00,0.000000E+00,0.000000E+00,0.000000E+00,2.199876E+01,4.311159E+01,2.399925E+01,4.292197E+01,2.931819E+03,4.515377E+03,1.597201E-01,4.424059E-01,0.000000E+00,0.000000E+00,0.000000E+00,0.000000E+00,0.000000E+00,0.000000E+00,0.000000E+00,0.000000E+00,2.199885E+01,4.368744E+01,2.400000E+01,4.236360E+01
10:10:00,1.836963E+04,5.918248E+04,1.000984E+00,5.799741E+00,0.000000E+00,0.000000E+00,0.000000E+00,0.000000E+00,0.000000E+00,0.000000E+00,0.000000E+00,0.000000E+00,2.200336E+01,4.979242E+01,2.399787E+01,4.322948E+01,2.504726E+03,1.107426E+04,1.364564E-01,1.085117E+00,0.000000E+00,0.000000E+00,0.000000E+00,0.000000E+00,0.000000E+00,0.000000E+00,0.000000E+00,0.000000E+00,2.199931E+01,3.691470E+01,2.399907E+01,4.444355E+01,3.111589E+04,5.834250E+04,1.695126E+00,5.717313E+00,0.000000E+00,0.000000E+00,0.000000E+00,0.000000E+00,0.000000E+00,0.000000E+00,0.000000E+00,0.000000E+00,2.199886E+01,4.395377E+01,2.399807E+01,4.324877E+01,3.841307E+03,7.254014E+03,2.092681E-01,7.107311E-01,0.000000E+00,0.000000E+00,0.000000E+00,0.000000E+00,0.000000E+00,0.000000E+00,0.000000E+00,0.000000E+00,2.199890E+01,4.208870E+01,2.400000E+01,4.236360E+01,2.261123E+04,4.218111E+04,1.231807E+00,4.133090E+00,0.000000E+00,0.000000E+00,0.000000E+00,0.000000E+00,0.000000E+00,0.000000E+00,0.000000E+00,0.000000E+00,2.199878E+01,4.312640E+01,2.399926E+01,4.290649E+01,2.930850E+03,4.680457E+03,1.596674E-01,4.585801E-01,0.000000E+00,0.000000E+00,0.000000E+00,0.000000E+00,0.000000E+00,0.000000E+00,0.000000E+00,0.000000E+00,2.199885E+01,4.368705E+01,2.400000E+01,4.236365E+01
10:20:00,1.834474E+04,6.039302E+04,9.996366E-01,5.918411E+00,0.000000E+00,0.000000E+00,0.000000E+00,0.000000E+00,0.000000E+00,0.000000E+00,0.000000E+00,0.000000E+00,2.200336E+01,4.979821E+01,2.399789E+01,4.321406E+01,2.495435E+03,1.115134E+04,1.359502E-01,1.092675E+00,0.000000E+00,0.000000E+00,0.000000E+00,0.000000E+00,0.000000E+00,0.000000E+00,0.000000E+00,0.000000E+00,2.199931E+01,3.686807E+01,2.399905E+01,4.446054E+01,3.109958E+04,5.935425E+04,1.694247E+00,5.816498E+00,0.000000E+00,0.000000E+00,0.000000E+00,0.000000E+00,0.000000E+00,0.000000E+00,0.000000E+00,0.000000E+00,2.199886E+01,4.395333E+01,2.399808E+01,4.323727E+01,3.840599E+03,7.283679E+03,2.092294E-01,7.136376E-01,0.000000E+00,0.000000E+00,0.000000E+00,0.000000E+00,0.000000E+00,0.000000E+00,0.000000E+00,0.000000E+00,2.199889E+01,4.207877E+01,2.400000E+01,4.236371E+01,2.259725E+04,4.326754E+04,1.231048E+00,4.239555E+00,0.000000E+00,0.000000E+00,0.000000E+00,0.000000E+00,0.000000E+00,0.000000E+00,0.000000E+00,0.000000E+00,2.199879E+01,4.313482E+01,2.399926E+01,4.289426E+01,2.929945E+03,4.839432E+03,1.596180E-01,4.741561E-01,0.000000E+00,0.000000E+00,0.000000E+00,0.000000E+00,0.000000E+00,0.000000E+00,0.000000E+00,0.000000E+00,2.199885E+01,4.368669E+01,2.400000E+01,4.236369E+01
10:30:00,1.832132E+04,6.153475E+04,9.983617E-01,6.030308E+00,0.000000E+00,0.000000E+00,0.000000E+00,0.000000E+00,0.000000E+00,0.000000E+00,0.000000E+00,0.000000E+00,2.200336E+01,4.980371E+01,2.399790E+01,4.320014E+01,2.486686E+03,1.122636E+04,1.354735E-01,1.100030E+00,0.000000E+00,0.000000E+00,0.000000E+00,0.000000E+00,0.000000E+00,0.000000E+00,0.000000E+00,0.000000E+00,2.199931E+01,3.682485E+01,2.399904E+01,4.446927E+01,3.108426E+04,6.024659E+04,1.693414E+00,5.903955E+00,0.000000E+00,0.000000E+00,0.000000E+00,0.000000E+00,0.000000E+00,0.000000E+00,0.000000E+00,0.000000E+00,2.199886E+01,4.395292E+01,2.399809E+01,4.322763E+01,3.839945E+03,7.296642E+03,2.091937E-01,7.149078E-01,0.000000E+00,0.000000E+00,0.000000E+00,0.000000E+00,0.000000E+00,0.000000E+00,0.000000E+00,0.000000E+00,2.199889E+01,4.207070E+01,2.400000E+01,4.236381E+01,2.258431E+04,4.428770E+04,1.230345E+00,4.339522E+00,0.000000E+00,0.000000E+00,0.000000E+00,0.000000E+00,0.000000E+00,0.000000E+00,0.000000E+00,0.000000E+00,2.199879E+01,4.313997E+01,2.399927E+01,4.288390E+01,2.929093E+03,4.991280E+03,1.595716E-01,4.890338E-01,0.000000E+00,0.000000E+00,0.000000E+00,0.000000E+00,0.000000E+00,0.000000E+00,0.000000E+00,0.000000E+00,2.199885E+01,4.368635E+01,2.400000E+01,4.236373E+01
10:40:00,1.829932E+04,6.260913E+04,9.971626E-01,6.135593E+00,0.000000E+00,0.000000E+00,0.000000E+00,0.000000E+00,0.000000E+00,0.000000E+00,0.000000E+00,0.000000E+00,2.200336E+01,4.980894E+01,2.399791E+01,4.318765E+01,2.478454E+03,1.129947E+04,1.350251E-01,1.107198E+00,0.000000E+00,0.000000E+00,0.000000E+00,0.000000E+00,0.000000E+00,0.000000E+00,0.000000E+00,0.000000E+00,2.199930E+01,3.678492E+01,2.399903E+01,4.447248E+01,3.106987E+04,6.103271E+04,1.692630E+00,5.980991E+00,0.000000E+00,0.000000E+00,0.000000E+00,0.000000E+00,0.000000E+00,0.000000E+00,0.000000E+00,0.000000E+00,2.199886E+01,4.395253E+01,2.399809E+01,4.321973E+01,3.839341E+03,7.295090E+03,2.091608E-01,7.147556E-01,0.000000E+00,0.000000E+00,0.000000E+00,0.000000E+00,0.000000E+00,0.000000E+00,0.000000E+00,0.000000E+00,2.199889E+01,4.206412E+01,2.400000E+01,4.236391E+01,2.257224E+04,4.524303E+04,1.229689E+00,4.433132E+00,0.000000E+00,0.000000E+00,0.000000E+00,0.000000E+00,0.000000E+00,0.000000E+00,0.000000E+00,0.000000E+00,2.199880E+01,4.314319E+01,2.399927E+01,4.287450E+01,2.928290E+03,5.137287E+03,1.595278E-01,5.033392E-01,0.000000E+00,0.000000E+00,0.000000E+00,0.000000E+00,0.000000E+00,0.000000E+00,0.000000E+00,0.000000E+00,2.199885E+01,4.368603E+01,2.400000E+01,4.236377E+01
10:50:00,1.827855E+04,6.360782E+04,9.960310E-01,6.233458E+00,0.000000E+00,0.000000E+00,0.000000E+00,0.000000E+00,0.000000E+00,0.000000E+00,0.000000E+00,0.000000E+00,2.200336E+01,4.981392E+01,2.399793E+01,4.317653E+01,2.470644E+03,1.137078E+04,1.345995E-01,1.114187E+00,0.000000E+00,0.000000E+00,0.000000E+00,0.000000E+00,0.000000E+00,0.000000E+00,0.000000E+00,0.000000E+00,2.199930E+01,3.674801E+01,2.399902E+01,4.447181E+01,3.105628E+04,6.170183E+04,1.691889E+00,6.046559E+00,0.000000E+00,0.000000E+00,0.000000E+00,0.000000E+00,0.000000E+00,0.000000E+00,0.000000E+00,0.000000E+00,2.199886E+01,4.395215E+01,2.399810E+01,4.321347E+01,3.838781E+03,7.278542E+03,2.091302E-01,7.131344E-01,0.000000E+00,0.000000E+00,0.000000E+00,0.000000E+00,0.000000E+00,0.000000E+00,0.000000E+00,0.000000E+00,2.199888E+01,4.205876E+01,2.400000E+01,4.236401E+01,2.256092E+04,4.612621E+04,1.229073E+00,4.519670E+00,0.000000E+00,0.000000E+00,0.000000E+00,0.000000E+00,0.000000E+00,0.000000E+00,0.000000E+00,0.000000E+00,2.199880E+01,4.314511E+01,2.399927E+01,4.286596E+01,2.927528E+03,5.275321E+03,1.594864E-01,5.168635E-01,0.000000E+00,0.000000E+00,0.000000E+00,0.000000E+00,0.000000E+00,0.000000E+00,0.000000E+00,0.000000E+00,2.199885E+01,4.368572E+01,2.400000E+01,4.236381E+01
11:00:00,1.825883E+04,6.452573E+04,9.949568E-01,6.323403E+00,0.000000E+00,0.000000E+00,0.000000E+00,0.000000E+00,0.000000E+00,0.000000E+00,0.000000E+00,0.000000E+00,2.200336E+01,4.981870E+01,2.399794E+01,4.316670E+01,2.463187E+03,1.144034E+04,1.341933E-01,1.121005E+00,0.000000E+00,0.000000E+00,0.000000E+00,0.000000E+00,0.000000E+00,0.000000E+00,0.000000E+00,0.000000E+00,2.199930E+01,3.671381E+01,2.399901E+01,4.446837E+01,3.104337E+04,6.225173E+04,1.691186E+00,6.100443E+00,0.000000E+00,0.000000E+00,0.000000E+00,0.000000E+00,0.000000E+00,0.000000E+00,0.000000E+00,0.000000E+00,2.199886E+01,4.395180E+01,2.399811E+01,4.320875E+01,3.838260E+03,7.247601E+03,2.091018E-01,7.101028E-01,0.000000E+00,0.000000E+00,0.000000E+00,0.000000E+00,0.000000E+00,0.000000E+00,0.000000E+00,0.000000E+00,2.199888E+01,4.205437E+01,2.400000E+01,4.236411E+01,2.255024E+04,4.693282E+04,1.228492E+00,4.598703E+00,0.000000E+00,0.000000E+00,0.000000E+00,0.000000E+00,0.000000E+00,0.000000E+00,0.000000E+00,0.000000E+00,2.199880E+01,4.314612E+01,2.399928E+01,4.285840E+01,2.926805E+03,5.404181E+03,1.594469E-01,5.294889E-01,0.000000E+00,0.000000E+00,0.000000E+00,0.000000E+00,0.000000E+00,0.000000E+00,0.000000E+00,0.000000E+00,2.199885E+01,4.368543E+01,2.400000E+01,4.236384E+01
11:10:00,1.824005E+04,6.535349E+04,9.939334E-01,6.404514E+00,0.000000E+00,0.000000E+00,0.000000E+00,0.000000E+00,0.000000E+00,0.000000E+00,0.000000E+00,0.000000E+00,2.200336E+01,4.982328E+01,2.399795E+01,4.315813E+01,2.456042E+03,1.150585E+04,1.338040E-01,1.127425E+00,0.000000E+00,0.000000E+00,0.000000E+00,0.000000E+00,0.000000E+00,0.000000E+00,0.000000E+00,0.000000E+00,2.199930E+01,3.668207E+01,2.399901E+01,4.446297E+01,3.103105E+04,6.267544E+04,1.690515E+00,6.141961E+00,0.000000E+00,0.000000E+00,0.000000E+00,0.000000E+00,0.000000E+00,0.000000E+00,0.000000E+00,0.000000E+00,2.199886E+01,4.395145E+01,2.399811E+01,4.320548E+01,3.837774E+03,7.202487E+03,2.090752E-01,7.056826E-01,0.000000E+00,0.000000E+00,0.000000E+00,0.000000E+00,0.000000E+00,0.000000E+00,0.000000E+00,0.000000E+00,2.199888E+01,4.205078E+01,2.400000E+01,4.236421E+01,2.254012E+04,4.765359E+04,1.227941E+00,4.669325E+00,0.000000E+00,0.000000E+00,0.000000E+00,0.000000E+00,0.000000E+00,0.000000E+00,0.000000E+00,0.000000E+00,2.199880E+01,4.314653E+01,2.399928E+01,4.285185E+01,2.926115E+03,5.522387E+03,1.594094E-01,5.410705E-01,0.000000E+00,0.000000E+00,0.000000E+00,0.000000E+00,0.000000E+00,0.000000E+00,0.000000E+00,0.000000E+00,2.199885E+01,4.368515E+01,2.400000E+01,4.236388E+01
11:20:00,1.822209E+04,6.608788E+04,9.929546E-01,6.476475E+00,0.000000E+00,0.000000E+00,0.000000E+00,0.000000E+00,0.000000E+00,0.000000E+00,0.000000E+00,0.000000E+00,2.200336E+01,4.982770E+01,2.399796E+01,4.315138E+01,2.449167E+03,1.156738E+04,1.334294E-01,1.133455E+00,0.000000E+00,0.000000E+00,0.000000E+00,0.000000E+00,0.000000E+00,0.000000E+00,0.000000E+00,0.000000E+00,2.199930E+01,3.665257E+01,2.399901E+01,4.445677E+01,3.101925E+04,6.297545E+04,1.689873E+00,6.171356E+00,0.000000E+00,0.000000E+00,0.000000E+00,0.000000E+00,0.000000E+00,0.000000E+00,0.000000E+00,0.000000E+00,2.199886E+01,4.395112E+01,2.399812E+01,4.320453E+01,3.837319E+03,7.144553E+03,2.090505E-01,7.000064E-01,0.000000E+00,0.000000E+00,0.000000E+00,0.000000E+00,0.000000E+00,0.000000E+00,0.000000E+00,0.000000E+00,2.199888E+01,4.204783E+01,2.400000E+01,4.236431E+01,2.253050E+04,4.828607E+04,1.227417E+00,4.731297E+00,0.000000E+00,0.000000E+00,0.000000E+00,0.000000E+00,0.000000E+00,0.000000E+00,0.000000E+00,0.000000E+00,2.199880E+01,4.314654E+01,2.399929E+01,4.284654E+01,2.925456E+03,5.629097E+03,1.593735E-01,5.515256E-01,0.000000E+00,0.000000E+00,0.000000E+00,0.000000E+00,0.000000E+00,0.000000E+00,0.000000E+00,0.000000E+00,2.199885E+01,4.368487E+01,2.400000E+01,4.236390E+01
11:30:00,1.820486E+04,6.672724E+04,9.920159E-01,6.539123E+00,0.000000E+00,0.000000E+00,0.000000E+00,0.000000E+00,0.000000E+00,0.000000E+00,0.000000E+00,0.000000E+00,2.200336E+01,4.983195E+01,2.399797E+01,4.314582E+01,2.442533E+03,1.162498E+04,1.330680E-01,1.139101E+00,0.000000E+00,0.000000E+00,0.000000E+00,0.000000E+00,0.000000E+00,0.000000E+00,0.000000E+00,0.000000E+00,2.199930E+01,3.662512E+01,2.399901E+01,4.445042E+01,3.100792E+04,6.315686E+04,1.689255E+00,6.189130E+00,0.000000E+00,0.000000E+00,0.000000E+00,0.000000E+00,0.000000E+00,0.000000E+00,0.000000E+00,0.000000E+00,2.199886E+01,4.395080E+01,2.399812E+01,4.320487E+01,3.836893E+03,7.075550E+03,2.090272E-01,6.932457E-01,0.000000E+00,0.000000E+00,0.000000E+00,0.000000E+00,0.000000E+00,0.000000E+00,0.000000E+00,0.000000E+00,2.199888E+01,4.204540E+01,2.400000E+01,4.236439E+01,2.252134E+04,4.882925E+04,1.226918E+00,4.784519E+00,0.000000E+00,0.000000E+00,0.000000E+00,0.000000E+00,0.000000E+00,0.000000E+00,0.000000E+00,0.000000E+00,2.199881E+01,4.314632E+01,2.399929E+01,4.284236E+01,2.924826E+03,5.723611E+03,1.593391E-01,5.607859E-01,0.000000E+00,0.000000E+00,0.000000E+00,0.000000E+00,0.000000E+00,0.000000E+00,0.000000E+00,0.000000E+00,2.199885E+01,4.368461E+01,2.400000E+01,4.236392E+01
11:40:00,1.818829E+04,6.727086E+04,9.911132E-01,6.592389E+00,0.000000E+00,0.000000E+00,0.000000E+00,0.000000E+00,0.000000E+00,0.000000E+00,0.000000E+00,0.000000E+00,2.200336E+01,4.983607E+01,2.399798E+01,4.314132E+01,2.436111E+03,1.167873E+04,1.327182E-01,1.144368E+00,0.000000E+00,0.000000E+00,0.000000E+00,0.000000E+00,0.000000E+00,0.000000E+00,0.000000E+00,0.000000E+00,2.199930E+01,3.659954E+01,2.399901E+01,4.444409E+01,3.099701E+04,6.322675E+04,1.688660E+00,6.195975E+00,0.000000E+00,0.000000E+00,0.000000E+00,0.000000E+00,0.000000E+00,0.000000E+00,0.000000E+00,0.000000E+00,2.199886E+01,4.395049E+01,2.399813E+01,4.320630E+01,3.836491E+03,6.997523E+03,2.090053E-01,6.856008E-01,0.000000E+00,0.000000E+00,0.000000E+00,0.000000E+00,0.000000E+00,0.000000E+00,0.000000E+00,0.000000E+00,2.199888E+01,4.204339E+01,2.400000E+01,4.236448E+01,2.251258E+04,4.928337E+04,1.226440E+00,4.829014E+00,0.000000E+00,0.000000E+00,0.000000E+00,0.000000E+00,0.000000E+00,0.000000E+00,0.000000E+00,0.000000E+00,2.199881E+01,4.314596E+01,2.399929E+01,4.283909E+01,2.924221E+03,5.805269E+03,1.593062E-01,5.687866E-01,0.000000E+00,0.000000E+00,0.000000E+00,0.000000E+00,0.000000E+00,0.000000E+00,0.000000E+00,0.000000E+00,2.199885E+01,4.368437E+01,2.400000E+01,4.236394E+01
11:50:00,1.817233E+04,6.771936E+04,9.902431E-01,6.636334E+00,0.000000E+00,0.000000E+00,0.000000E+00,0.000000E+00,0.000000E+00,0.000000E+00,0.000000E+00,0.000000E+00,2.200337E+01,4.984006E+01,2.399799E+01,4.313783E+01,2.429884E+03,1.172868E+04,1.323789E-01,1.149262E+00,0.000000E+00,0.000000E+00,0.000000E+00,0.000000E+00,0.000000E+00,0.000000E+00,0.000000E+00,0.000000E+00,2.199930E+01,3.657567E+01,2.399901E+01,4.443779E+01,3.098646E+04,6.319451E+04,1.688086E+00,6.192813E+00,0.000000E+00,0.000000E+00,0.000000E+00,0.000000E+00,0.000000E+00,0.000000E+00,0.000000E+00,0.000000E+00,2.199886E+01,4.395019E+01,2.399813E+01,4.320868E+01,3.836112E+03,6.912907E+03,2.089846E-01,6.773103E-01,0.000000E+00,0.000000E+00,0.000000E+00,0.000000E+00,0.000000E+00,0.000000E+00,0.000000E+00,0.000000E+00,2.199888E+01,4.204172E+01,2.400000E+01,4.236456E+01,2.250418E+04,4.964944E+04,1.225983E+00,4.864882E+00,0.000000E+00,0.000000E+00,0.000000E+00,0.000000E+00,0.000000E+00,0.000000E+00,0.000000E+00,0.000000E+00,2.199881E+01,4.314552E+01,2.399929E+01,4.283658E+01,2.923639E+03,5.873527E+03,1.592745E-01,5.754744E-01,0.000000E+00,0.000000E+00,0.000000E+00,0.000000E+00,0.000000E+00,0.000000E+00,0.000000E+00,0.000000E+00,2.199885E+01,4.368412E+01,2.400000E+01,4.236397E+01
12:00:00,1.815690E+04,6.807451E+04,9.894024E-01,6.671132E+00,0.000000E+00,0.000000E+00,0.000000E+00,0.000000E+00,0.000000E+00,0.000000E+00,0.000000E+00,0.000000E+00,2.200337E+01,4.984394E+01,2.399799E+01,4.313525E+01,2.423827E+03,1.177488E+04,1.320489E-01,1.153789E+00,0.000000E+00,0.000000E+00,0.000000E+00,0.000000E+00,0.000000E+00,0.000000E+00,0.000000E+00,0.000000E+00,2.199930E+01,3.655335E+01,2.399900E+01,4.443148E+01,3.097626E+04,6.307204E+04,1.687530E+00,6.180809E+00,0.000000E+00,0.000000E+00,0.000000E+00,0.000000E+00,0.000000E+00,0.000000E+00,0.000000E+00,0.000000E+00,2.199886E+01,4.394990E+01,2.399813E+01,4.321181E+01,3.835753E+03,6.824473E+03,2.089651E-01,6.686457E-01,0.000000E+00,0.000000E+00,0.000000E+00,0.000000E+00,0.000000E+00,0.000000E+00,0.000000E+00,0.000000E+00,2.199888E+01,4.204033E+01,2.400000E+01,4.236464E+01,2.249612E+04,4.992980E+04,1.225544E+00,4.892351E+00,0.000000E+00,0.000000E+00,0.000000E+00,0.000000E+00,0.000000E+00,0.000000E+00,0.000000E+00,0.000000E+00,2.199881E+01,4.314504E+01,2.399930E+01,4.283474E+01,2.923079E+03,5.927942E+03,1.592439E-01,5.808058E-01,0.000000E+00,0.000000E+00,0.000000E+00,0.000000E+00,0.000000E+00,0.000000E+00,0.000000E+00,0.000000E+00,2.199885E+01,4.368389E+01,2.400000E+01,4.236399E+01
12:10:00,1.892717E+04,6.759461E+04,1.031359E+00,6.624006E+00,0.000000E+00,0.000000E+00,0.000000E+00,0.000000E+00,0.000000E+00,0.000000E+00,0.000000E+00,0.000000E+00,2.200193E+01,4.693025E+01,2.399887E+01,4.273170E+01,2.842892E+03,1.141519E+04,1.548804E-01,1.118533E+00,0.000000E+00,0.000000E+00,0.000000E+00,0.000000E+00,0.000000E+00,0.000000E+00,0.000000E+00,0.000000E+00,2.199970E+01,3.647791E+01,2.399977E+01,4.429883E+01,3.151235E+04,6.237280E+04,1.716715E+00,6.112205E+00,0.000000E+00,0.000000E+00,0.000000E+00,0.000000E+00,0.000000E+00,0.000000E+00,0.000000E+00,0.000000E+00,2.199767E+01,4.276511E+01,2.399895E+01,4.276775E+01,3.835784E+03,6.736288E+03,2.089683E-01,6.600056E-01,0.000000E+00,0.000000E+00,0.000000E+00,0.000000E+00,0.000000E+00,0.000000E+00,0.000000E+00,0.000000E+00,2.199967E+01,4.203687E+01,2.400000E+01,4.236476E+01,2.285413E+04,4.978604E+04,1.245057E+00,4.878224E+00,0.000000E+00,0.000000E+00,0.000000E+00,0.000000E+00,0.000000E+00,0.000000E+00,0.000000E+00,0.000000E+00,2.199958E+01,4.301818E+01,2.399980E+01,4.271774E+01,2.922576E+03,5.968753E+03,1.592168E-01,5.848044E-01,0.000000E+00,0.000000E+00,0.000000E+00,0.000000E+00,0.000000E+00,0.000000E+00,0.000000E+00,0.000000E+00,2.199902E+01,4.368311E+01,2.400000E+01,4.236403E+01
12:20:00,1.970244E+04,6.703093E+04,1.073582E+00,6.568641E+00,0.000000E+00,0.000000E+00,0.000000E+00,0.000000E+00,0.000000E+00,0.000000E+00,0.000000E+00,0.000000E+00,2.200136E+01,4.646370E+01,2.399917E+01,4.267264E+01,3.263326E+03,1.105355E+04,1.777861E-01,1.083085E+00,0.000000E+00,0.000000E+00,0.000000E+00,0.000000E+00,0.000000E+00,0.000000E+00,0.000000E+00,0.000000E+00,2.199959E+01,3.641992E+01,2.399980E+01,4.417014E+01,3.205283E+04,6.162005E+04,1.746132E+00,6.038333E+00,0.000000E+00,0.000000E+00,0.000000E+00,0.000000E+00,0.000000E+00,0.000000E+00,0.000000E+00,0.000000E+00,2.199727E+01,4.258534E+01,2.399922E+01,4.270331E+01,3.835608E+03,6.652033E+03,2.089602E-01,6.517505E-01,0.000000E+00,0.000000E+00,0.000000E+00,0.000000E+00,0.000000E+00,0.000000E+00,0.000000E+00,0.000000E+00,2.199965E+01,4.203654E+01,2.400000E+01,4.236481E+01,2.321436E+04,4.957054E+04,1.264690E+00,4.857065E+00,0.000000E+00,0.000000E+00,0.000000E+00,0.000000E+00,0.000000E+00,0.000000E+00,0.000000E+00,0.000000E+00,2.199948E+01,4.289793E+01,2.399984E+01,4.263823E+01,2.922079E+03,5.995795E+03,1.591899E-01,5.874539E-01,0.000000E+00,0.000000E+00,0.000000E+00,0.000000E+00,0.000000E+00,0.000000E+00,0.000000E+00,0.000000E+00,2.199897E+01,4.368305E+01,2.400000E+01,4.236405E+01
12:30:00,2.048096E+04,6.639297E+04,1.115981E+00,6.505987E+00,0.000000E+00,0.000000E+00,0.000000E+00,0.000000E+00,0.000000E+00,0.000000E+00,0.000000E+00,0.000000E+00,2.200124E+01,4.645622E+01,2.399926E+01,4.267228E+01,3.683731E+03,1.069025E+04,2.006902E-01,1.047473E+00,0.000000E+00,0.000000E+00,0.000000E+00,0.000000E+00,0.000000E+00,0.000000E+00,0.000000E+00,0.000000E+00,2.199953E+01,3.634466E+01,2.399979E+01,4.401335E+01,3.259617E+04,6.083747E+04,1.775703E+00,5.961531E+00,0.000000E+00,0.000000E+00,0.000000E+00,0.000000E+00,0.000000E+00,0.000000E+00,0.000000E+00,0.000000E+00,2.199718E+01,4.258402E+01,2.399930E+01,4.270342E+01,3.835172E+03,6.575874E+03,2.089379E-01,6.442887E-01,0.000000E+00,0.000000E+00,0.000000E+00,0.000000E+00,0.000000E+00,0.000000E+00,0.000000E+00,0.000000E+00,2.199960E+01,4.203618E+01,2.400000E+01,4.236487E+01,2.357497E+04,4.929081E+04,1.284343E+00,4.829611E+00,0.000000E+00,0.000000E+00,0.000000E+00,0.000000E+00,0.000000E+00,0.000000E+00,0.000000E+00,0.000000E+00,2.199938E+01,4.276121E+01,2.399986E+01,4.257777E+01,2.921577E+03,6.009019E+03,1.591627E-01,5.887496E-01,0.000000E+00,0.000000E+00,0.000000E+00,0.000000E+00,0.000000E+00,0.000000E+00,0.000000E+00,0.000000E+00,2.199895E+01,4.368303E+01,2.400000E+01,4.236406E+01
12:40:00,2.126206E+04,6.568916E+04,1.158520E+00,6.436881E+00,0.000000E+00,0.000000E+00,0.000000E+00,0.000000E+00,0.000000E+00,0.000000E+00,0.000000E+00,0.000000E+00,2.200125E+01,4.647117E+01,2.399926E+01,4.267297E+01,4.106479E+03,1.032471E+04,2.237194E-01,1.011649E+00,0.000000E+00,0.000000E+00,0.000000E+00,0.000000E+00,0.000000E+00,0.000000E+00,0.000000E+00,0.000000E+00,2.199855E+01,3.629884E+01,2.399940E+01,4.392906E+01,3.314186E+04,6.004854E+04,1.805402E+00,5.884108E+00,0.000000E+00,0.000000E+00,0.000000E+00,0.000000E+00,0.000000E+00,0.000000E+00,0.000000E+00,0.000000E+00,2.199716E+01,4.258828E+01,2.399930E+01,4.270558E+01,3.834984E+03,6.513144E+03,2.089277E-01,6.381424E-01,0.000000E+00,0.000000E+00,0.000000E+00,0.000000E+00,0.000000E+00,0.000000E+00,0.000000E+00,0.000000E+00,2.199892E+01,4.203746E+01,2.400000E+01,4.236491E+01,2.393779E+04,4.895438E+04,1.304105E+00,4.796610E+00,0.000000E+00,0.000000E+00,0.000000E+00,0.000000E+00,0.000000E+00,0.000000E+00,0.000000E+00,0.000000E+00,2.199853E+01,4.270016E+01,2.399974E+01,4.256820E+01,2.921085E+03,6.008525E+03,1.591359E-01,5.887011E-01,0.000000E+00,0.000000E+00,0.000000E+00,0.000000E+00,0.000000E+00,0.000000E+00,0.000000E+00,0.000000E+00,2.199886E+01,4.368302E+01,2.400000E+01,4.236408E+01
12:50:00,2.204541E+04,6.492334E+04,1.201182E+00,6.361701E+00,0.000000E+00,0.000000E+00,0.000000E+00,0.000000E+00,0.000000E+00,0.000000E+00,0.000000E+00,0.000000E+00,2.200126E+01,4.645726E+01,2.399925E+01,4.267297E+01,4.529268E+03,9.957754E+03,2.467508E-01,9.756854E-01,0.000000E+00,0.000000E+00,0.000000E+00,0.000000E+00,0.000000E+00,0.000000E+00,0.000000E+00,0.000000E+00,2.199851E+01,3.619924E+01,2.399939E+01,4.376070E+01,3.368960E+04,5.926328E+04,1.835212E+00,5.807044E+00,0.000000E+00,0.000000E+00,0.000000E+00,0.000000E+00,0.000000E+00,0.000000E+00,0.000000E+00,0.000000E+00,2.199716E+01,4.258503E+01,2.399930E+01,4.270637E+01,3.834648E+03,6.468085E+03,2.089094E-01,6.337277E-01,0.000000E+00,0.000000E+00,0.000000E+00,0.000000E+00,0.000000E+00,0.000000E+00,0.000000E+00,0.000000E+00,2.199888E+01,4.203683E+01,2.400000E+01,4.236500E+01,2.430139E+04,4.856512E+04,1.323908E+00,4.758436E+00,0.000000E+00,0.000000E+00,0.000000E+00,0.000000E+00,0.000000E+00,0.000000E+00,0.000000E+00,0.000000E+00,2.199840E+01,4.258213E+01,2.399972E+01,4.255255E+01,2.920609E+03,5.994572E+03,1.591100E-01,5.873340E-01,0.000000E+00,0.000000E+00,0.000000E+00,0.000000E+00,0.000000E+00,0.000000E+00,0.000000E+00,0.000000E+00,2.199885E+01,4.368282E+01,2.400000E+01,4.236410E+01
13:00:00,2.283076E+04,6.409773E+04,1.243953E+00,6.280661E+00,0.000000E+00,0.000000E+00,0.000000E+00,0.000000E+00,0.000000E+00,0.000000E+00,0.000000E+00,0.000000E+00,2.200125E+01,4.645607E+01,2.399926E+01,4.267365E+01,4.953001E+03,9.589186E+03,2.698335E-01,9.395633E-01,0.000000E+00,0.000000E+00,0.000000E+00,0.000000E+00,0.000000E+00,0.000000E+00,0.000000E+00,0.000000E+00,2.199850E+01,3.610655E+01,2.399945E+01,4.362657E+01,3.423916E+04,5.848529E+04,1.865122E+00,5.730695E+00,0.000000E+00,0.000000E+00,0.000000E+00,0.000000E+00,0.000000E+00,0.000000E+00,0.000000E+00,0.000000E+00,2.199715E+01,4.258502E+01,2.399930E+01,4.270764E+01,3.834354E+03,6.443207E+03,2.088934E-01,6.312902E-01,0.000000E+00,0.000000E+00,0.000000E+00,0.000000E+00,0.000000E+00,0.000000E+00,0.000000E+00,0.000000E+00,2.199887E+01,4.203614E+01,2.400000E+01,4.236507E+01,2.466628E+04,4.812528E+04,1.343780E+00,4.715305E+00,0.000000E+00,0.000000E+00,0.000000E+00,0.000000E+00,0.000000E+00,0.000000E+00,0.000000E+00,0.000000E+00,2.199831E+01,4.250286E+01,2.399973E+01,4.254978E+01,2.920145E+03,5.967588E+03,1.590847E-01,5.846902E-01,0.000000E+00,0.000000E+00,0.000000E+00,0.000000E+00,0.000000E+00,0.000000E+00,0.000000E+00,0.000000E+00,2.199885E+01,4.368263E+01,2.400000E+01,4.236413E+01
13:10:00,2.204732E+04,6.471329E+04,1.201272E+00,6.341029E+00,0.000000E+00,0.000000E+00,0.000000E+00,0.000000E+00,0.000000E+00,0.000000E+00,0.000000E+00,0.000000E+00,2.200266E+01,4.936312E+01,2.399842E+01,4.308812E+01,4.529467E+03,1.002632E+04,2.467591E-01,9.823922E-01,0.000000E+00,0.000000E+00,0.000000E+00,0.000000E+00,0.000000E+00,0.000000E+00,0.000000E+00,0.000000E+00,2.199970E+01,3.603018E+01,2.399986E+01,4.363892E+01,3.369852E+04,5.872978E+04,1.835683E+00,5.754697E+00,0.000000E+00,0.000000E+00,0.000000E+00,0.000000E+00,0.000000E+00,0.000000E+00,0.000000E+00,0.000000E+00,2.199844E+01,4.376724E+01,2.399849E+01,4.318045E+01,3.834070E+03,6.439561E+03,2.088779E-01,6.309330E-01,0.000000E+00,0.000000E+00,0.000000E+00,0.000000E+00,0.000000E+00,0.000000E+00,0.000000E+00,0.000000E+00,2.199967E+01,4.203345E+01,2.400000E+01,4.236516E+01,2.430420E+04,4.833019E+04,1.324053E+00,4.735375E+00,0.000000E+00,0.000000E+00,0.000000E+00,0.000000E+00,0.000000E+00,0.000000E+00,0.000000E+00,0.000000E+00,2.199947E+01,4.255684E+01,2.399989E+01,4.267146E+01,2.919695E+03,5.928018E+03,1.590602E-01,5.808132E-01,0.000000E+00,0.000000E+00,0.000000E+00,0.000000E+00,0.000000E+00,0.000000E+00,0.000000E+00,0.000000E+00,2.199902E+01,4.368191E+01,2.400000E+01,4.236417E+01
13:20:00,2.125657E+04,6.527952E+04,1.158204E+00,6.396623E+00,0.000000E+00,0.000000E+00,0.000000E+00,0.000000E+00,0.000000E+00,0.000000E+00,0.000000E+00,0.000000E+00,2.200321E+01,4.984550E+01,2.399817E+01,4.314375E+01,4.102703E+03,1.046364E+04,2.235091E-01,1.025241E+00,0.000000E+00,0.000000E+00,0.000000E+00,0.000000E+00,0.000000E+00,0.000000E+00,0.000000E+00,0.000000E+00,2.199979E+01,3.604122E+01,2.399980E+01,4.373584E+01,3.315121E+04,5.898218E+04,1.805893E+00,5.779525E+00,0.000000E+00,0.000000E+00,0.000000E+00,0.000000E+00,0.000000E+00,0.000000E+00,0.000000E+00,0.000000E+00,2.199881E+01,4.394802E+01,2.399824E+01,4.324388E+01,3.833790E+03,6.457362E+03,2.088626E-01,6.326771E-01,0.000000E+00,0.000000E+00,0.000000E+00,0.000000E+00,0.000000E+00,0.000000E+00,0.000000E+00,0.000000E+00,2.199965E+01,4.203333E+01,2.400000E+01,4.236518E+01,2.393749E+04,4.848916E+04,1.304075E+00,4.750953E+00,0.000000E+00,0.000000E+00,0.000000E+00,0.000000E+00,0.000000E+00,0.000000E+00,0.000000E+00,0.000000E+00,2.199946E+01,4.266048E+01,2.399980E+01,4.274377E+01,2.919257E+03,5.876675E+03,1.590363E-01,5.757827E-01,0.000000E+00,0.000000E+00,0.000000E+00,0.000000E+00,0.000000E+00,0.000000E+00,0.000000E+00,0.000000E+00,2.199897E+01,4.368188E+01,2.400000E+01,4.236419E+01
13:30:00,2.046186E+04,6.579186E+04,1.114923E+00,6.446957E+00,0.000000E+00,0.000000E+00,0.000000E+00,0.000000E+00,0.000000E+00,0.000000E+00,0.000000E+00,0.000000E+00,2.200333E+01,4.985683E+01,2.399804E+01,4.314542E+01,3.675385E+03,1.090025E+04,2.002290E-01,1.068021E+00,0.000000E+00,0.000000E+00,0.000000E+00,0.000000E+00,0.000000E+00,0.000000E+00,0.000000E+00,0.000000E+00,2.199976E+01,3.605714E+01,2.399971E+01,4.387629E+01,3.260002E+04,5.922835E+04,1.775894E+00,5.803759E+00,0.000000E+00,0.000000E+00,0.000000E+00,0.000000E+00,0.000000E+00,0.000000E+00,0.000000E+00,0.000000E+00,2.199887E+01,4.394968E+01,2.399814E+01,4.324571E+01,3.833514E+03,6.495651E+03,2.088476E-01,6.364286E-01,0.000000E+00,0.000000E+00,0.000000E+00,0.000000E+00,0.000000E+00,0.000000E+00,0.000000E+00,0.000000E+00,2.199960E+01,4.203324E+01,2.400000E+01,4.236521E+01,2.356886E+04,4.860095E+04,1.283992E+00,4.761920E+00,0.000000E+00,0.000000E+00,0.000000E+00,0.000000E+00,0.000000E+00,0.000000E+00,0.000000E+00,0.000000E+00,2.199942E+01,4.278074E+01,2.399969E+01,4.281237E+01,2.918831E+03,5.814597E+03,1.590131E-01,5.697006E-01,0.000000E+00,0.000000E+00,0.000000E+00,0.000000E+00,0.000000E+00,0.000000E+00,0.000000E+00,0.000000E+00,2.199894E+01,4.368188E+01,2.400000E+01,4.236420E+01
13:40:00,1.966426E+04,6.624976E+04,1.071484E+00,6.491958E+00,0.000000E+00,0.000000E+00,0.000000E+00,0.000000E+00,0.000000E+00,0.000000E+00,0.000000E+00,0.000000E+00,2.200336E+01,4.984375E+01,2.399803E+01,4.314941E+01,3.246033E+03,1.133588E+04,1.768399E-01,1.110707E+00,0.000000E+00,0.000000E+00,0.000000E+00,0.000000E+00,0.000000E+00,0.000000E+00,0.000000E+00,0.000000E+00,2.199927E+01,3.606822E+01,2.399931E+01,4.395616E+01,3.204594E+04,5.945493E+04,1.745739E+00,5.826076E+00,0.000000E+00,0.000000E+00,0.000000E+00,0.000000E+00,0.000000E+00,0.000000E+00,0.000000E+00,0.000000E+00,2.199886E+01,4.394514E+01,2.399813E+01,4.324983E+01,3.833241E+03,6.551607E+03,2.088327E-01,6.419110E-01,0.000000E+00,0.000000E+00,0.000000E+00,0.000000E+00,0.000000E+00,0.000000E+00,0.000000E+00,0.000000E+00,2.199892E+01,4.203467E+01,2.400000E+01,4.236523E+01,2.319845E+04,4.866537E+04,1.263815E+00,4.768256E+00,0.000000E+00,0.000000E+00,0.000000E+00,0.000000E+00,0.000000E+00,0.000000E+00,0.000000E+00,0.000000E+00,2.199866E+01,4.283988E+01,2.399945E+01,4.282764E+01,2.918416E+03,5.743018E+03,1.589905E-01,5.626874E-01,0.000000E+00,0.000000E+00,0.000000E+00,0.000000E+00,0.000000E+00,0.000000E+00,0.000000E+00,0.000000E+00,2.199886E+01,4.368189E+01,2.400000E+01,4.236422E+01
13:50:00,1.886425E+04,6.665877E+04,1.027915E+00,6.532169E+00,0.000000E+00,0.000000E+00,0.000000E+00,0.000000E+00,0.000000E+00,0.000000E+00,0.000000E+00,0.000000E+00,2.200336E+01,4.986489E+01,2.399803E+01,4.315467E+01,2.816143E+03,1.177037E+04,1.534216E-01,1.153283E+00,0.000000E+00,0.000000E+00,0.000000E+00,0.000000E+00,0.000000E+00,0.000000E+00,0.000000E+00,0.000000E+00,2.199927E+01,3.608923E+01,2.399922E+01,4.408555E+01,3.148948E+04,5.966073E+04,1.715453E+00,5.846355E+00,0.000000E+00,0.000000E+00,0.000000E+00,0.000000E+00,0.000000E+00,0.000000E+00,0.000000E+00,0.000000E+00,2.199885E+01,4.394851E+01,2.399812E+01,4.325513E+01,3.832969E+03,6.622755E+03,2.088179E-01,6.488819E-01,0.000000E+00,0.000000E+00,0.000000E+00,0.000000E+00,0.000000E+00,0.000000E+00,0.000000E+00,0.000000E+00,2.199888E+01,4.203434E+01,2.400000E+01,4.236526E+01,2.282677E+04,4.868760E+04,1.243569E+00,4.770461E+00,0.000000E+00,0.000000E+00,0.000000E+00,0.000000E+00,0.000000E+00,0.000000E+00,0.000000E+00,0.000000E+00,2.199862E+01,4.294804E+01,2.399937E+01,4.284554E+01,2.918012E+03,5.663420E+03,1.589685E-01,5.548885E-01,0.000000E+00,0.000000E+00,0.000000E+00,0.000000E+00,0.000000E+00,0.000000E+00,0.000000E+00,0.000000E+00,2.199885E+01,4.368172E+01,2.400000E+01,4.236424E+01
14:00:00,1.806221E+04,6.702741E+04,9.842345E-01,6.568423E+00,0.000000E+00,0.000000E+00,0.000000E+00,0.000000E+00,0.000000E+00,0.000000E+00,0.000000E+00,0.000000E+00,2.200337E+01,4.987098E+01,2.399802E+01,4.315986E+01,2.385370E+03,1.220357E+04,1.299553E-01,1.195736E+00,0.000000E+00,0.000000E+00,0.000000E+00,0.000000E+00,0.000000E+00,0.000000E+00,0.000000E+00,0.000000E+00,2.199927E+01,3.610834E+01,2.399915E+01,4.417925E+01,3.093096E+04,5.984940E+04,1.685055E+00,5.864955E+00,0.000000E+00,0.000000E+00,0.000000E+00,0.000000E+00,0.000000E+00,0.000000E+00,0.000000E+00,0.000000E+00,2.199886E+01,4.394837E+01,2.399812E+01,4.326005E+01,3.832696E+03,6.707530E+03,2.088030E-01,6.571880E-01,0.000000E+00,0.000000E+00,0.000000E+00,0.000000E+00,0.000000E+00,0.000000E+00,0.000000E+00,0.000000E+00,2.199887E+01,4.203392E+01,2.400000E+01,4.236528E+01,2.245384E+04,4.867502E+04,1.223258E+00,4.769260E+00,0.000000E+00,0.000000E+00,0.000000E+00,0.000000E+00,0.000000E+00,0.000000E+00,0.000000E+00,0.000000E+00,2.199868E+01,4.302266E+01,2.399933E+01,4.285171E+01,2.917617E+03,5.577531E+03,1.589470E-01,5.464734E-01,0.000000E+00,0.000000E+00,0.000000E+00,0.000000E+00,0.000000E+00,0.000000E+00,0.000000E+00,0.000000E+00,2.199885E+01,4.368156E+01,2.400000E+01,4.236427E+01
14:10:00,1.804380E+04,6.661162E+04,9.832377E-01,6.527721E+00,0.000000E+00,0.000000E+00,0.000000E+00,0.000000E+00,0.000000E+00,0.000000E+00,0.000000E+00,0.000000E+00,2.200337E+01,4.987435E+01,2.399802E+01,4.316523E+01,2.376898E+03,1.223052E+04,1.294933E-01,1.198392E+00,0.000000E+00,0.000000E+00,0.000000E+00,0.000000E+00,0.000000E+00,0.000000E+00,0.000000E+00,0.000000E+00,2.199927E+01,3.612476E+01,2.399910E+01,4.424023E+01,3.091651E+04,5.951228E+04,1.684274E+00,5.831955E+00,0.000000E+00,0.000000E+00,0.000000E+00,0.000000E+00,0.000000E+00,0.000000E+00,0.000000E+00,0.000000E+00,2.199886E+01,4.394798E+01,2.399812E+01,4.326494E+01,3.832051E+03,6.804020E+03,2.087663E-01,6.666419E-01,0.000000E+00,0.000000E+00,0.000000E+00,0.000000E+00,0.000000E+00,0.000000E+00,0.000000E+00,0.000000E+00,2.199887E+01,4.203354E+01,2.400000E+01,4.236530E+01,2.244215E+04,4.828506E+04,1.222612E+00,4.731096E+00,0.000000E+00,0.000000E+00,0.000000E+00,0.000000E+00,0.000000E+00,0.000000E+00,0.000000E+00,0.000000E+00,2.199873E+01,4.306835E+01,2.399932E+01,4.285553E+01,2.917194E+03,5.486980E+03,1.589237E-01,5.376014E-01,0.000000E+00,0.000000E+00,0.000000E+00,0.000000E+00,0.000000E+00,0.000000E+00,0.000000E+00,0.000000E+00,2.199885E+01,4.368140E+01,2.400000E+01,4.236430E+01
14:20:00,1.802823E+04,6.616942E+04,9.823909E-01,6.484402E+00,0.000000E+00,0.000000E+00,0.000000E+00,0.000000E+00,0.000000E+00,0.000000E+00,0.000000E+00,0.000000E+00,2.200337E+01,4.987802E+01,2.399802E+01,4.317129E+01,2.370438E+03,1.225287E+04,1.291407E-01,1.200596E+00,0.000000E+00,0.000000E+00,0.000000E+00,0.000000E+00,0.000000E+00,0.000000E+00,0.000000E+00,0.000000E+00,2.199928E+01,3.613865E+01,2.399907E+01,4.427852E+01,3.090452E+04,5.916136E+04,1.683622E+00,5.797579E+00,0.000000E+00,0.000000E+00,0.000000E+00,0.000000E+00,0.000000E+00,0.000000E+00,0.000000E+00,0.000000E+00,2.199886E+01,4.394768E+01,2.399811E+01,4.327078E+01,3.831624E+03,6.910852E+03,2.087416E-01,6.771090E-01,0.000000E+00,0.000000E+00,0.000000E+00,0.000000E+00,0.000000E+00,0.000000E+00,0.000000E+00,0.000000E+00,2.199887E+01,4.203320E+01,2.400000E+01,4.236530E+01,2.243320E+04,4.787291E+04,1.222117E+00,4.690751E+00,0.000000E+00,0.000000E+00,0.000000E+00,0.000000E+00,0.000000E+00,0.000000E+00,0.000000E+00,0.000000E+00,2.199876E+01,4.309495E+01,2.399931E+01,4.286010E+01,2.916791E+03,5.394115E+03,1.589015E-01,5.285027E-01,0.000000E+00,0.000000E+00,0.000000E+00,0.000000E+00,0.000000E+00,0.000000E+00,0.000000E+00,0.000000E+00,2.199885E+01,4.368124E+01,2.400000E+01,4.236431E+01
14:30:00,1.801390E+04,6.571762E+04,9.816104E-01,6.440130E+00,0.000000E+00,0.000000E+00,0.000000E+00,0.000000E+00,0.000000E+00,0.000000E+00,0.000000E+00,0.000000E+00,2.200337E+01,4.988154E+01,2.399802E+01,4.317720E+01,2.364716E+03,1.227128E+04,1.288284E-01,1.202413E+00,0.000000E+00,0.000000E+00,0.000000E+00,0.000000E+00,0.000000E+00,0.000000E+00,0.000000E+00,0.000000E+00,2.199928E+01,3.615039E+01,2.399905E+01,4.430292E+01,3.089374E+04,5.880853E+04,1.683034E+00,5.763005E+00,0.000000E+00,0.000000E+00,0.000000E+00,0.000000E+00,0.000000E+00,0.000000E+00,0.000000E+00,0.000000E+00,2.199886E+01,4.394740E+01,2.399811E+01,4.327637E+01,3.831469E+03,7.026658E+03,2.087317E-01,6.884554E-01,0.000000E+00,0.000000E+00,0.000000E+00,0.000000E+00,0.000000E+00,0.000000E+00,0.000000E+00,0.000000E+00,2.199887E+01,4.203289E+01,2.400000E+01,4.236528E+01,2.242612E+04,4.745155E+04,1.221724E+00,4.649494E+00,0.000000E+00,0.000000E+00,0.000000E+00,0.000000E+00,0.000000E+00,0.000000E+00,0.000000E+00,0.000000E+00,2.199877E+01,4.311062E+01,2.399931E+01,4.286516E+01,2.916418E+03,5.301596E+03,1.588811E-01,5.194380E-01,0.000000E+00,0.000000E+00,0.000000E+00,0.000000E+00,0.000000E+00,0.000000E+00,0.000000E+00,0.000000E+00,2.199885E+01,4.368108E+01,2.400000E+01,4.236432E+01
14:40:00,1.800040E+04,6.527351E+04,9.808747E-01,6.396612E+00,0.000000E+00,0.000000E+00,0.000000E+00,0.000000E+00,0.000000E+00,0.000000E+00,0.000000E+00,0.000000E+00,2.200337E+01,4.988490E+01,2.399801E+01,4.318266E+01,2.358835E+03,1.228663E+04,1.285080E-01,1.203922E+00,0.000000E+00,0.000000E+00,0.000000E+00,0.000000E+00,0.000000E+00,0.000000E+00,0.000000E+00,0.000000E+00,2.199928E+01,3.616032E+01,2.399904E+01,4.431894E+01,3.088368E+04,5.846581E+04,1.682487E+00,5.729422E+00,0.000000E+00,0.000000E+00,0.000000E+00,0.000000E+00,0.000000E+00,0.000000E+00,0.000000E+00,0.000000E+00,2.199886E+01,4.394712E+01,2.399811E+01,4.328139E+01,3.831074E+03,7.149998E+03,2.087101E-01,7.005400E-01,0.000000E+00,0.000000E+00,0.000000E+00,0.000000E+00,0.000000E+00,0.000000E+00,0.000000E+00,0.000000E+00,2.199887E+01,4.203261E+01,2.400000E+01,4.236526E+01,2.241891E+04,4.703553E+04,1.221332E+00,4.608741E+00,0.000000E+00,0.000000E+00,0.000000E+00,0.000000E+00,0.000000E+00,0.000000E+00,0.000000E+00,0.000000E+00,2.199879E+01,4.312029E+01,2.399931E+01,4.286996E+01,2.916056E+03,5.212475E+03,1.588613E-01,5.107060E-01,0.000000E+00,0.000000E+00,0.000000E+00,0.000000E+00,0.000000E+00,0.000000E+00,0.000000E+00,0.000000E+00,2.199885E+01,4.368092E+01,2.400000E+01,4.236434E+01
14:50:00,1.798753E+04,6.485637E+04,9.801736E-01,6.355734E+00,0.000000E+00,0.000000E+00,0.000000E+00,0.000000E+00,0.000000E+00,0.000000E+00,0.000000E+00,0.000000E+00,2.200337E+01,4.988815E+01,2.399801E+01,4.318734E+01,2.353597E+03,1.229830E+04,1.282227E-01,1.205070E+00,0.000000E+00,0.000000E+00,0.000000E+00,0.000000E+00,0.000000E+00,0.000000E+00,0.000000E+00,0.000000E+00,2.199928E+01,3.616866E+01,2.399903E+01,4.432964E+01,3.087415E+04,5.814702E+04,1.681968E+00,5.698183E+00,0.000000E+00,0.000000E+00,0.000000E+00,0.000000E+00,0.000000E+00,0.000000E+00,0.000000E+00,0.000000E+00,2.199886E+01,4.394685E+01,2.399811E+01,4.328556E+01,3.830831E+03,7.279361E+03,2.086969E-01,7.132146E-01,0.000000E+00,0.000000E+00,0.000000E+00,0.000000E+00,0.000000E+00,0.000000E+00,0.000000E+00,0.000000E+00,2.199887E+01,4.203234E+01,2.400000E+01,4.236523E+01,2.241249E+04,4.664035E+04,1.220984E+00,4.570024E+00,0.000000E+00,0.000000E+00,0.000000E+00,0.000000E+00,0.000000E+00,0.000000E+00,0.000000E+00,0.000000E+00,2.199879E+01,4.312647E+01,2.399931E+01,4.287415E+01,2.915699E+03,5.130173E+03,1.588419E-01,5.026423E-01,0.000000E+00,0.000000E+00,0.000000E+00,0.000000E+00,0.000000E+00,0.000000E+00,0.000000E+00,0.000000E+00,2.199885E+01,4.368077E+01,2.400000E+01,4.236435E+01
15:00:00,1.797516E+04,6.449319E+04,9.794996E-01,6.320146E+00,0.000000E+00,0.000000E+00,0.000000E+00,0.000000E+00,0.000000E+00,0.000000E+00,0.000000E+00,0.000000E+00,2.200337E+01,4.989131E+01,2.399800E+01,4.319088E+01,2.348440E+03,1.230667E+04,1.279417E-01,1.205893E+00,0.000000E+00,0.000000E+00,0.000000E+00,0.000000E+00,0.000000E+00,0.000000E+00,0.000000E+00,0.000000E+00,2.199929E+01,3.617560E+01,2.399902E+01,4.433669E+01,3.086502E+04,5.787097E+04,1.681470E+00,5.671133E+00,0.000000E+00,0.000000E+00,0.000000E+00,0.000000E+00,0.000000E+00,0.000000E+00,0.000000E+00,0.000000E+00,2.199886E+01,4.394659E+01,2.399810E+01,4.328856E+01,3.830550E+03,7.413159E+03,2.086816E-01,7.263239E-01,0.000000E+00,0.000000E+00,0.000000E+00,0.000000E+00,0.000000E+00,0.000000E+00,0.000000E+00,0.000000E+00,2.199887E+01,4.203209E+01,2.400000E+01,4.236521E+01,2.240631E+04,4.628769E+04,1.220649E+00,4.535470E+00,0.000000E+00,0.000000E+00,0.000000E+00,0.000000E+00,0.000000E+00,0.000000E+00,0.000000E+00,0.000000E+00,2.199880E+01,4.313044E+01,2.399931E+01,4.287761E+01,2.915348E+03,5.058267E+03,1.588227E-01,4.955971E-01,0.000000E+00,0.000000E+00,0.000000E+00,0.000000E+00,0.000000E+00,0.000000E+00,0.000000E+00,0.000000E+00,2.199885E+01,4.368062E+01,2.400000E+01,4.236436E+01
15:10:00,1.796321E+04,6.420568E+04,9.788482E-01,6.291974E+00,0.000000E+00,0.000000E+00,0.000000E+00,0.000000E+00,0.000000E+00,0.000000E+00,0.000000E+00,0.000000E+00,2.200337E+01,4.989438E+01,2.399800E+01,4.319249E+01,2.343425E+03,1.231088E+04,1.276685E-01,1.206308E+00,0.000000E+00,0.000000E+00,0.000000E+00,0.000000E+00,0.000000E+00,0.000000E+00,0.000000E+00,0.000000E+00,2.199929E+01,3.618127E+01,2.399902E+01,4.434116E+01,3.085622E+04,5.764925E+04,1.680991E+00,5.649406E+00,0.000000E+00,0.000000E+00,0.000000E+00,0.000000E+00,0.000000E+00,0.000000E+00,0.000000E+00,0.000000E+00,2.199886E+01,4.394634E+01,2.399810E+01,4.328976E+01,3.830262E+03,7.549443E+03,2.086659E-01,7.396767E-01,0.000000E+00,0.000000E+00,0.000000E+00,0.000000E+00,0.000000E+00,0.000000E+00,0.000000E+00,0.000000E+00,2.199887E+01,4.203185E+01,2.400000E+01,4.236518E+01,2.240037E+04,4.599413E+04,1.220326E+00,4.506707E+00,0.000000E+00,0.000000E+00,0.000000E+00,0.000000E+00,0.000000E+00,0.000000E+00,0.000000E+00,0.000000E+00,2.199880E+01,4.313291E+01,2.399930E+01,4.288007E+01,2.915001E+03,4.997480E+03,1.588038E-01,4.896413E-01,0.000000E+00,0.000000E+00,0.000000E+00,0.000000E+00,0.000000E+00,0.000000E+00,0.000000E+00,0.000000E+00,2.199885E+01,4.368047E+01,2.400000E+01,4.236436E+01
15:20:00,1.795161E+04,6.400850E+04,9.782163E-01,6.272653E+00,0.000000E+00,0.000000E+00,0.000000E+00,0.000000E+00,0.000000E+00,0.000000E+00,0.000000E+00,0.000000E+00,2.200337E+01,4.989739E+01,2.399799E+01,4.319308E+01,2.338531E+03,1.231094E+04,1.274019E-01,1.206314E+00,0.000000E+00,0.000000E+00,0.000000E+00,0.000000E+00,0.000000E+00,0.000000E+00,0.000000E+00,0.000000E+00,2.199929E+01,3.618581E+01,2.399901E+01,4.434440E+01,3.084769E+04,5.748959E+04,1.680526E+00,5.633762E+00,0.000000E+00,0.000000E+00,0.000000E+00,0.000000E+00,0.000000E+00,0.000000E+00,0.000000E+00,0.000000E+00,2.199886E+01,4.394609E+01,2.399810E+01,4.329082E+01,3.829967E+03,7.686646E+03,2.086498E-01,7.531195E-01,0.000000E+00,0.000000E+00,0.000000E+00,0.000000E+00,0.000000E+00,0.000000E+00,0.000000E+00,0.000000E+00,2.199887E+01,4.203161E+01,2.400000E+01,4.236514E+01,2.239463E+04,4.577125E+04,1.220014E+00,4.484869E+00,0.000000E+00,0.000000E+00,0.000000E+00,0.000000E+00,0.000000E+00,0.000000E+00,0.000000E+00,0.000000E+00,2.199880E+01,4.313438E+01,2.399930E+01,4.288167E+01,2.914658E+03,4.947315E+03,1.587852E-01,4.847263E-01,0.000000E+00,0.000000E+00,0.000000E+00,0.000000E+00,0.000000E+00,0.000000E+00,0.000000E+00,0.000000E+00,2.199885E+01,4.368032E+01,2.400000E+01,4.236435E+01
15:30:00,1.794032E+04,6.391065E+04,9.776014E-01,6.263066E+00,0.000000E+00,0.000000E+00,0.000000E+00,0.000000E+00,0.000000E+00,0.000000E+00,0.000000E+00,0.000000E+00,2.200338E+01,4.990032E+01,2.399799E+01,4.319227E+01,2.333744E+03,1.230683E+04,1.271411E-01,1.205912E+00,0.000000E+00,0.000000E+00,0.000000E+00,0.000000E+00,0.000000E+00,0.000000E+00,0.000000E+00,0.000000E+00,2.199929E+01,3.618933E+01,2.399901E+01,4.434720E+01,3.083938E+04,5.739522E+04,1.680073E+00,5.624515E+00,0.000000E+00,0.000000E+00,0.000000E+00,0.000000E+00,0.000000E+00,0.000000E+00,0.000000E+00,0.000000E+00,2.199886E+01,4.394585E+01,2.399810E+01,4.329082E+01,3.829665E+03,7.823201E+03,2.086334E-01,7.664988E-01,0.000000E+00,0.000000E+00,0.000000E+00,0.000000E+00,0.000000E+00,0.000000E+00,0.000000E+00,0.000000E+00,2.199887E+01,4.203138E+01,2.400000E+01,4.236509E+01,2.238909E+04,4.562625E+04,1.219712E+00,4.470663E+00,0.000000E+00,0.000000E+00,0.000000E+00,0.000000E+00,0.000000E+00,0.000000E+00,0.000000E+00,0.000000E+00,2.199880E+01,4.313517E+01,2.399930E+01,4.288246E+01,2.914320E+03,4.906464E+03,1.587667E-01,4.807238E-01,0.000000E+00,0.000000E+00,0.000000E+00,0.000000E+00,0.000000E+00,0.000000E+00,0.000000E+00,0.000000E+00,2.199885E+01,4.368017E+01,2.400000E+01,4.236434E+01
15:40:00,1.792932E+04,6.391622E+04,9.770017E-01,6.263614E+00,0.000000E+00,0.000000E+00,0.000000E+00,0.000000E+00,0.000000E+00,0.000000E+00,0.000000E+00,0.000000E+00,2.200338E+01,4.990320E+01,2.399799E+01,4.319020E+01,2.329050E+03,1.229853E+04,1.268854E-01,1.205099E+00,0.000000E+00,0.000000E+00,0.000000E+00,0.000000E+00,0.000000E+00,0.000000E+00,0.000000E+00,0.000000E+00,2.199929E+01,3.619194E+01,2.399901E+01,4.434981E+01,3.083127E+04,5.736540E+04,1.679631E+00,5.621594E+00,0.000000E+00,0.000000E+00,0.000000E+00,0.000000E+00,0.000000E+00,0.000000E+00,0.000000E+00,0.000000E+00,2.199886E+01,4.394561E+01,2.399809E+01,4.328987E+01,3.829358E+03,7.957652E+03,2.086166E-01,7.796720E-01,0.000000E+00,0.000000E+00,0.000000E+00,0.000000E+00,0.000000E+00,0.000000E+00,0.000000E+00,0.000000E+00,2.199887E+01,4.203115E+01,2.400000E+01,4.236503E+01,2.238370E+04,4.556231E+04,1.219419E+00,4.464398E+00,0.000000E+00,0.000000E+00,0.000000E+00,0.000000E+00,0.000000E+00,0.000000E+00,0.000000E+00,0.000000E+00,2.199880E+01,4.313554E+01,2.399930E+01,4.288240E+01,2.913985E+03,4.872841E+03,1.587485E-01,4.774295E-01,0.000000E+00,0.000000E+00,0.000000E+00,0.000000E+00,0.000000E+00,0.000000E+00,0.000000E+00,0.000000E+00,2.199885E+01,4.368002E+01,2.400000E+01,4.236432E+01
15:50:00,1.791856E+04,6.402385E+04,9.764156E-01,6.274164E+00,0.000000E+00,0.000000E+00,0.000000E+00,0.000000E+00,0.000000E+00,0.000000E+00,0.000000E+00,0.000000E+00,2.200338E+01,4.990602E+01,2.399799E+01,4.318698E+01,2.324441E+03,1.228603E+04,1.266344E-01,1.203875E+00,0.000000E+00,0.000000E+00,0.000000E+00,0.000000E+00,0.000000E+00,0.000000E+00,0.000000E+00,0.000000E+00,2.199929E+01,3.619374E+01,2.399901E+01,4.435228E+01,3.082333E+04,5.739525E+04,1.679199E+00,5.624521E+00,0.000000E+00,0.000000E+00,0.000000E+00,0.000000E+00,0.000000E+00,0.000000E+00,0.000000E+00,0.000000E+00,2.199886E+01,4.394537E+01,2.399809E+01,4.328808E+01,3.829044E+03,8.088603E+03,2.085995E-01,7.925023E-01,0.000000E+00,0.000000E+00,0.000000E+00,0.000000E+00,0.000000E+00,0.000000E+00,0.000000E+00,0.000000E+00,2.199887E+01,4.203092E+01,2.400000E+01,4.236498E+01,2.237846E+04,4.557831E+04,1.219134E+00,4.465967E+00,0.000000E+00,0.000000E+00,0.000000E+00,0.000000E+00,0.000000E+00,0.000000E+00,0.000000E+00,0.000000E+00,2.199880E+01,4.313564E+01,2.399930E+01,4.288148E+01,2.913654E+03,4.843535E+03,1.587305E-01,4.745582E-01,0.000000E+00,0.000000E+00,0.000000E+00,0.000000E+00,0.000000E+00,0.000000E+00,0.000000E+00,0.000000E+00,2.199885E+01,4.367988E+01,2.400000E+01,4.236431E+01
16:00:00,1.790803E+04,6.422171E+04,9.758420E-01,6.293556E+00,0.000000E+00,0.000000E+00,0.000000E+00,0.000000E+00,0.000000E+00,0.000000E+00,0.000000E+00,0.000000E+00,2.200338E+01,4.990880E+01,2.399799E+01,4.318272E+01,2.319908E+03,1.226933E+04,1.263874E-01,1.202239E+00,0.000000E+00,0.000000E+00,0.000000E+00,0.000000E+00,0.000000E+00,0.000000E+00,0.000000E+00,0.000000E+00,2.199930E+01,3.619480E+01,2.399901E+01,4.435460E+01,3.081555E+04,5.747244E+04,1.678775E+00,5.632086E+00,0.000000E+00,0.000000E+00,0.000000E+00,0.000000E+00,0.000000E+00,0.000000E+00,0.000000E+00,0.000000E+00,2.199886E+01,4.394515E+01,2.399809E+01,4.328553E+01,3.828725E+03,8.214769E+03,2.085821E-01,8.048637E-01,0.000000E+00,0.000000E+00,0.000000E+00,0.000000E+00,0.000000E+00,0.000000E+00,0.000000E+00,0.000000E+00,2.199887E+01,4.203069E+01,2.400000E+01,4.236492E+01,2.237335E+04,4.566485E+04,1.218856E+00,4.474447E+00,0.000000E+00,0.000000E+00,0.000000E+00,0.000000E+00,0.000000E+00,0.000000E+00,0.000000E+00,0.000000E+00,2.199880E+01,4.313558E+01,2.399930E+01,4.287976E+01,2.913327E+03,4.815047E+03,1.587126E-01,4.717670E-01,0.000000E+00,0.000000E+00,0.000000E+00,0.000000E+00,0.000000E+00,0.000000E+00,0.000000E+00,0.000000E+00,2.199885E+01,4.367974E+01,2.400000E+01,4.236429E+01
16:10:00,1.816566E+04,6.424328E+04,9.898805E-01,6.295671E+00,0.000000E+00,0.000000E+00,0.000000E+00,0.000000E+00,0.000000E+00,0.000000E+00,0.000000E+00,0.000000E+00,2.200338E+01,4.991152E+01,2.399799E+01,4.317749E+01,2.458812E+03,1.211215E+04,1.339549E-01,1.186836E+00,0.000000E+00,0.000000E+00,0.000000E+00,0.000000E+00,0.000000E+00,0.000000E+00,0.000000E+00,0.000000E+00,2.199930E+01,3.619521E+01,2.399902E+01,4.435679E+01,3.098385E+04,5.742862E+04,1.687943E+00,5.627793E+00,0.000000E+00,0.000000E+00,0.000000E+00,0.000000E+00,0.000000E+00,0.000000E+00,0.000000E+00,0.000000E+00,2.199886E+01,4.394492E+01,2.399809E+01,4.328233E+01,3.842737E+03,8.321747E+03,2.093455E-01,8.153452E-01,0.000000E+00,0.000000E+00,0.000000E+00,0.000000E+00,0.000000E+00,0.000000E+00,0.000000E+00,0.000000E+00,2.199887E+01,4.203046E+01,2.400000E+01,4.236487E+01,2.249279E+04,4.569949E+04,1.225362E+00,4.477842E+00,0.000000E+00,0.000000E+00,0.000000E+00,0.000000E+00,0.000000E+00,0.000000E+00,0.000000E+00,0.000000E+00,2.199880E+01,4.313541E+01,2.399929E+01,4.287729E+01,2.926820E+03,4.772973E+03,1.594477E-01,4.676447E-01,0.000000E+00,0.000000E+00,0.000000E+00,0.000000E+00,0.000000E+00,0.000000E+00,0.000000E+00,0.000000E+00,2.199885E+01,4.367960E+01,2.400000E+01,4.236428E+01
16:20:00,1.842791E+04,6.433899E+04,1.004174E+00,6.305047E+00,0.000000E+00,0.000000E+00,0.000000E+00,0.000000E+00,0.000000E+00,0.000000E+00,0.000000E+00,0.000000E+00,2.200365E+01,4.897751E+01,2.399802E+01,4.308898E+01,2.599698E+03,1.195262E+04,1.416299E-01,1.171204E+00,0.000000E+00,0.000000E+00,0.000000E+00,0.000000E+00,0.000000E+00,0.000000E+00,0.000000E+00,0.000000E+00,2.199904E+01,3.620819E+01,2.399908E+01,4.433556E+01,3.115484E+04,5.742381E+04,1.697258E+00,5.627320E+00,0.000000E+00,0.000000E+00,0.000000E+00,0.000000E+00,0.000000E+00,0.000000E+00,0.000000E+00,0.000000E+00,2.199882E+01,4.366979E+01,2.399812E+01,4.317948E+01,3.856952E+03,8.422655E+03,2.101198E-01,8.252320E-01,0.000000E+00,0.000000E+00,0.000000E+00,0.000000E+00,0.000000E+00,0.000000E+00,0.000000E+00,0.000000E+00,2.199885E+01,4.203656E+01,2.400000E+01,4.236482E+01,2.261460E+04,4.579640E+04,1.231998E+00,4.487338E+00,0.000000E+00,0.000000E+00,0.000000E+00,0.000000E+00,0.000000E+00,0.000000E+00,0.000000E+00,0.000000E+00,2.199877E+01,4.310728E+01,2.399930E+01,4.284883E+01,2.940482E+03,4.730441E+03,1.601920E-01,4.634775E-01,0.000000E+00,0.000000E+00,0.000000E+00,0.000000E+00,0.000000E+00,0.000000E+00,0.000000E+00,0.000000E+00,2.199882E+01,4.370944E+01,2.400000E+01,4.236427E+01
16:30:00,1.869240E+04,6.450439E+04,1.018583E+00,6.321239E+00,0.000000E+00,0.000000E+00,0.000000E+00,0.000000E+00,0.000000E+00,0.000000E+00,0.000000E+00,0.000000E+00,2.200305E+01,4.892952E+01,2.399815E+01,4.308223E+01,2.741302E+03,1.179115E+04,1.493440E-01,1.155380E+00,0.000000E+00,0.000000E+00,0.000000E+00,0.000000E+00,0.000000E+00,0.000000E+00,0.000000E+00,0.000000E+00,2.199904E+01,3.622770E+01,2.399909E+01,4.430630E+01,3.132723E+04,5.745316E+04,1.706645E+00,5.630180E+00,0.000000E+00,0.000000E+00,0.000000E+00,0.000000E+00,0.000000E+00,0.000000E+00,0.000000E+00,0.000000E+00,2.199857E+01,4.366345E+01,2.399826E+01,4.317500E+01,3.871267E+03,8.516624E+03,2.108996E-01,8.344388E-01,0.000000E+00,0.000000E+00,0.000000E+00,0.000000E+00,0.000000E+00,0.000000E+00,0.000000E+00,0.000000E+00,2.199885E+01,4.204557E+01,2.400000E+01,4.236477E+01,2.273772E+04,4.595175E+04,1.238705E+00,4.502558E+00,0.000000E+00,0.000000E+00,0.000000E+00,0.000000E+00,0.000000E+00,0.000000E+00,0.000000E+00,0.000000E+00,2.199875E+01,4.307077E+01,2.399933E+01,4.282261E+01,2.954253E+03,4.687177E+03,1.609422E-01,4.592386E-01,0.000000E+00,0.000000E+00,0.000000E+00,0.000000E+00,0.000000E+00,0.000000E+00,0.000000E+00,0.000000E+00,2.199884E+01,4.371755E+01,2.400000E+01,4.236425E+01
16:40:00,1.895888E+04,6.473398E+04,1.033100E+00,6.343714E+00,0.000000E+00,0.000000E+00,0.000000E+00,0.000000E+00,0.000000E+00,0.000000E+00,0.000000E+00,0.000000E+00,2.200295E+01,4.894992E+01,2.399821E+01,4.307609E+01,2.883718E+03,1.162792E+04,1.571023E-01,1.139384E+00,0.000000E+00,0.000000E+00,0.000000E+00,0.000000E+00,0.000000E+00,0.000000E+00,0.000000E+00,0.000000E+00,2.199904E+01,3.624826E+01,2.399911E+01,4.428172E+01,3.150084E+04,5.751135E+04,1.716098E+00,5.635862E+00,0.000000E+00,0.000000E+00,0.000000E+00,0.000000E+00,0.000000E+00,0.000000E+00,0.000000E+00,0.000000E+00,2.199852E+01,4.366699E+01,2.399831E+01,4.317172E+01,3.885668E+03,8.602761E+03,2.116842E-01,8.428783E-01,0.000000E+00,0.000000E+00,0.000000E+00,0.000000E+00,0.000000E+00,0.000000E+00,0.000000E+00,0.000000E+00,2.199885E+01,4.205430E+01,2.400000E+01,4.236471E+01,2.286194E+04,4.616096E+04,1.245471E+00,4.523052E+00,0.000000E+00,0.000000E+00,0.000000E+00,0.000000E+00,0.000000E+00,0.000000E+00,0.000000E+00,0.000000E+00,2.199873E+01,4.304160E+01,2.399936E+01,4.280988E+01,2.968118E+03,4.642959E+03,1.616975E-01,4.549062E-01,0.000000E+00,0.000000E+00,0.000000E+00,0.000000E+00,0.000000E+00,0.000000E+00,0.000000E+00,0.000000E+00,2.199885E+01,4.371586E+01,2.400000E+01,4.236423E+01
16:50:00,1.922712E+04,6.502119E+04,1.047712E+00,6.371834E+00,0.000000E+00,0.000000E+00,0.000000E+00,0.000000E+00,0.000000E+00,0.000000E+00,0.000000E+00,0.000000E+00,2.200296E+01,4.894668E+01,2.399823E+01,4.306909E+01,3.026806E+03,1.146301E+04,1.648972E-01,1.123223E+00,0.000000E+00,0.000000E+00,0.000000E+00,0.000000E+00,0.000000E+00,0.000000E+00,0.000000E+00,0.000000E+00,2.199904E+01,3.626709E+01,2.399912E+01,4.426548E+01,3.167550E+04,5.759258E+04,1.725608E+00,5.643800E+00,0.000000E+00,0.000000E+00,0.000000E+00,0.000000E+00,0.000000E+00,0.000000E+00,0.000000E+00,0.000000E+00,2.199852E+01,4.366634E+01,2.399833E+01,4.316770E+01,3.900143E+03,8.680218E+03,2.124727E-01,8.504673E-01,0.000000E+00,0.000000E+00,0.000000E+00,0.000000E+00,0.000000E+00,0.000000E+00,0.000000E+00,0.000000E+00,2.199886E+01,4.206147E+01,2.400000E+01,4.236466E+01,2.298712E+04,4.641868E+04,1.252290E+00,4.548299E+00,0.000000E+00,0.000000E+00,0.000000E+00,0.000000E+00,0.000000E+00,0.000000E+00,0.000000E+00,0.000000E+00,2.199871E+01,4.302332E+01,2.399938E+01,4.280548E+01,2.982066E+03,4.597616E+03,1.624574E-01,4.504636E-01,0.000000E+00,0.000000E+00,0.000000E+00,0.000000E+00,0.000000E+00,0.000000E+00,0.000000E+00,0.000000E+00,2.199885E+01,4.371529E+01,2.400000E+01,4.236420E+01
17:00:00,1.949692E+04,6.535307E+04,1.062410E+00,6.404328E+00,0.000000E+00,0.000000E+00,0.000000E+00,0.000000E+00,0.000000E+00,0.000000E+00,0.000000E+00,0.000000E+00,2.200295E+01,4.894568E+01,2.399825E+01,4.306185E+01,3.170492E+03,1.129646E+04,1.727248E-01,1.106901E+00,0.000000E+00,0.000000E+00,0.000000E+00,0.000000E+00,0.000000E+00,0.000000E+00,0.000000E+00,0.000000E+00,2.199904E+01,3.628360E+01,2.399913E+01,4.425620E+01,3.185112E+04,5.768244E+04,1.735169E+00,5.652583E+00,0.000000E+00,0.000000E+00,0.000000E+00,0.000000E+00,0.000000E+00,0.000000E+00,0.000000E+00,0.000000E+00,2.199852E+01,4.366622E+01,2.399834E+01,4.316362E+01,3.914684E+03,8.750181E+03,2.132648E-01,8.573222E-01,0.000000E+00,0.000000E+00,0.000000E+00,0.000000E+00,0.000000E+00,0.000000E+00,0.000000E+00,0.000000E+00,2.199886E+01,4.206703E+01,2.400000E+01,4.236461E+01,2.311316E+04,4.671407E+04,1.259155E+00,4.577236E+00,0.000000E+00,0.000000E+00,0.000000E+00,0.000000E+00,0.000000E+00,0.000000E+00,0.000000E+00,0.000000E+00,2.199869E+01,4.301323E+01,2.399938E+01,4.280257E+01,2.996089E+03,4.548969E+03,1.632213E-01,4.456972E-01,0.000000E+00,0.000000E+00,0.000000E+00,0.000000E+00,0.000000E+00,0.000000E+00,0.000000E+00,0.000000E+00,2.199885E+01,4.371566E+01,2.400000E+01,4.236418E+01
17:10:00,1.998039E+04,6.552116E+04,1.088745E+00,6.420738E+00,0.000000E+00,0.000000E+00,0.000000E+00,0.000000E+00,0.000000E+00,0.000000E+00,0.000000E+00,0.000000E+00,2.200246E+01,4.773327E+01,2.399858E+01,4.290406E+01,3.432074E+03,1.101554E+04,1.869763E-01,1.079363E+00,0.000000E+00,0.000000E+00,0.000000E+00,0.000000E+00,0.000000E+00,0.000000E+00,0.000000E+00,0.000000E+00,2.199958E+01,3.631097E+01,2.399972E+01,4.421245E+01,3.214756E+04,5.766757E+04,1.751306E+00,5.651074E+00,0.000000E+00,0.000000E+00,0.000000E+00,0.000000E+00,0.000000E+00,0.000000E+00,0.000000E+00,0.000000E+00,2.199810E+01,4.322978E+01,2.399865E+01,4.298297E+01,3.915296E+03,8.825136E+03,2.132996E-01,8.646660E-01,0.000000E+00,0.000000E+00,0.000000E+00,0.000000E+00,0.000000E+00,0.000000E+00,0.000000E+00,0.000000E+00,2.199957E+01,4.207121E+01,2.400000E+01,4.236452E+01,2.333969E+04,4.694870E+04,1.271504E+00,4.600191E+00,0.000000E+00,0.000000E+00,0.000000E+00,0.000000E+00,0.000000E+00,0.000000E+00,0.000000E+00,0.000000E+00,2.199944E+01,4.296472E+01,2.399975E+01,4.275359E+01,2.996393E+03,4.511997E+03,1.632381E-01,4.420749E-01,0.000000E+00,0.000000E+00,0.000000E+00,0.000000E+00,0.000000E+00,0.000000E+00,0.000000E+00,0.000000E+00,2.199897E+01,4.371558E+01,2.400000E+01,4.236413E+01
17:20:00,2.046259E+04,6.572389E+04,1.115005E+00,6.440530E+00,0.000000E+00,0.000000E+00,0.000000E+00,0.000000E+00,0.000000E+00,0.000000E+00,0.000000E+00,0.000000E+00,2.200218E+01,4.746717E+01,2.399872E+01,4.286954E+01,3.692250E+03,1.073427E+04,2.011515E-01,1.051791E+00,0.000000E+00,0.000000E+00,0.000000E+00,0.000000E+00,0.000000E+00,0.000000E+00,0.000000E+00,0.000000E+00,2.199951E+01,3.632677E+01,2.399976E+01,4.417114E+01,3.244386E+04,5.765546E+04,1.767433E+00,5.649825E+00,0.000000E+00,0.000000E+00,0.000000E+00,0.000000E+00,0.000000E+00,0.000000E+00,0.000000E+00,0.000000E+00,2.199790E+01,4.313819E+01,2.399878E+01,4.294503E+01,3.915516E+03,8.889808E+03,2.133130E-01,8.710025E-01,0.000000E+00,0.000000E+00,0.000000E+00,0.000000E+00,0.000000E+00,0.000000E+00,0.000000E+00,0.000000E+00,2.199957E+01,4.207278E+01,2.400000E+01,4.236449E+01,2.356489E+04,4.717338E+04,1.283779E+00,4.622170E+00,0.000000E+00,0.000000E+00,0.000000E+00,0.000000E+00,0.000000E+00,0.000000E+00,0.000000E+00,0.000000E+00,2.199939E+01,4.292174E+01,2.399977E+01,4.271843E+01,2.996589E+03,4.473339E+03,1.632489E-01,4.382872E-01,0.000000E+00,0.000000E+00,0.000000E+00,0.000000E+00,0.000000E+00,0.000000E+00,0.000000E+00,0.000000E+00,2.199894E+01,4.371567E+01,2.400000E+01,4.236411E+01
17:30:00,2.094511E+04,6.594967E+04,1.141287E+00,6.462588E+00,0.000000E+00,0.000000E+00,0.000000E+00,0.000000E+00,0.000000E+00,0.000000E+00,0.000000E+00,0.000000E+00,2.200209E+01,4.746515E+01,2.399878E+01,4.286749E+01,3.951858E+03,1.045217E+04,2.152955E-01,1.024139E+00,0.000000E+00,0.000000E+00,0.000000E+00,0.000000E+00,0.000000E+00,0.000000E+00,0.000000E+00,0.000000E+00,2.199942E+01,3.634849E+01,2.399972E+01,4.411828E+01,3.274067E+04,5.763862E+04,1.783589E+00,5.648121E+00,0.000000E+00,0.000000E+00,0.000000E+00,0.000000E+00,0.000000E+00,0.000000E+00,0.000000E+00,0.000000E+00,2.199785E+01,4.313791E+01,2.399883E+01,4.294399E+01,3.915483E+03,8.943249E+03,2.133124E-01,8.762384E-01,0.000000E+00,0.000000E+00,0.000000E+00,0.000000E+00,0.000000E+00,0.000000E+00,0.000000E+00,0.000000E+00,2.199949E+01,4.207494E+01,2.400000E+01,4.236444E+01,2.378919E+04,4.739941E+04,1.296005E+00,4.644284E+00,0.000000E+00,0.000000E+00,0.000000E+00,0.000000E+00,0.000000E+00,0.000000E+00,0.000000E+00,0.000000E+00,2.199926E+01,4.286992E+01,2.399975E+01,4.268912E+01,2.996722E+03,4.432988E+03,1.632563E-01,4.343337E-01,0.000000E+00,0.000000E+00,0.000000E+00,0.000000E+00,0.000000E+00,0.000000E+00,0.000000E+00,0.000000E+00,2.199891E+01,4.371576E+01,2.400000E+01,4.236410E+01
17:40:00,2.142785E+04,6.618544E+04,1.167582E+00,6.485631E+00,0.000000E+00,0.000000E+00,0.000000E+00,0.000000E+00,0.000000E+00,0.000000E+00,0.000000E+00,0.000000E+00,2.200210E+01,4.746943E+01,2.399877E+01,4.286224E+01,4.212507E+03,1.016846E+04,2.294943E-01,9.963362E-01,0.000000E+00,0.000000E+00,0.000000E+00,0.000000E+00,0.000000E+00,0.000000E+00,0.000000E+00,0.000000E+00,2.199861E+01,3.636471E+01,2.399936E+01,4.408844E+01,3.303792E+04,5.760851E+04,1.799771E+00,5.645121E+00,0.000000E+00,0.000000E+00,0.000000E+00,0.000000E+00,0.000000E+00,0.000000E+00,0.000000E+00,0.000000E+00,2.199783E+01,4.313930E+01,2.399883E+01,4.294184E+01,3.915585E+03,8.984659E+03,2.133181E-01,8.802957E-01,0.000000E+00,0.000000E+00,0.000000E+00,0.000000E+00,0.000000E+00,0.000000E+00,0.000000E+00,0.000000E+00,2.199890E+01,4.207752E+01,2.400000E+01,4.236440E+01,2.401409E+04,4.763223E+04,1.308256E+00,4.667077E+00,0.000000E+00,0.000000E+00,0.000000E+00,0.000000E+00,0.000000E+00,0.000000E+00,0.000000E+00,0.000000E+00,2.199859E+01,4.284476E+01,2.399960E+01,4.268216E+01,2.996822E+03,4.390935E+03,1.632617E-01,4.302135E-01,0.000000E+00,0.000000E+00,0.000000E+00,0.000000E+00,0.000000E+00,0.000000E+00,0.000000E+00,0.000000E+00,2.199886E+01,4.371590E+01,2.400000E+01,4.236407E+01
17:50:00,2.191086E+04,6.641720E+04,1.193892E+00,6.508283E+00,0.000000E+00,0.000000E+00,0.000000E+00,0.000000E+00,0.000000E+00,0.000000E+00,0.000000E+00,0.000000E+00,2.200211E+01,4.746302E+01,2.399877E+01,4.285693E+01,4.472611E+03,9.883734E+03,2.436633E-01,9.684338E-01,0.000000E+00,0.000000E+00,0.000000E+00,0.000000E+00,0.000000E+00,0.000000E+00,0.000000E+00,0.000000E+00,2.199859E+01,3.639195E+01,2.399933E+01,4.403675E+01,3.333562E+04,5.755608E+04,1.815978E+00,5.639936E+00,0.000000E+00,0.000000E+00,0.000000E+00,0.000000E+00,0.000000E+00,0.000000E+00,0.000000E+00,0.000000E+00,2.199783E+01,4.313805E+01,2.399883E+01,4.293956E+01,3.915522E+03,9.013246E+03,2.133147E-01,8.830966E-01,0.000000E+00,0.000000E+00,0.000000E+00,0.000000E+00,0.000000E+00,0.000000E+00,0.000000E+00,0.000000E+00,2.199887E+01,4.207970E+01,2.400000E+01,4.236434E+01,2.423878E+04,4.785672E+04,1.320493E+00,4.689059E+00,0.000000E+00,0.000000E+00,0.000000E+00,0.000000E+00,0.000000E+00,0.000000E+00,0.000000E+00,0.000000E+00,2.199850E+01,4.280250E+01,2.399956E+01,4.267290E+01,2.996897E+03,4.347168E+03,1.632658E-01,4.259253E-01,0.000000E+00,0.000000E+00,0.000000E+00,0.000000E+00,0.000000E+00,0.000000E+00,0.000000E+00,0.000000E+00,2.199885E+01,4.371592E+01,2.400000E+01,4.236404E+01
18:00:00,2.239416E+04,6.663496E+04,1.220218E+00,6.529563E+00,0.000000E+00,0.000000E+00,0.000000E+00,0.000000E+00,0.000000E+00,0.000000E+00,0.000000E+00,0.000000E+00,2.200210E+01,4.746222E+01,2.399877E+01,4.285215E+01,4.732979E+03,9.597668E+03,2.578468E-01,9.403999E-01,0.000000E+00,0.000000E+00,0.000000E+00,0.000000E+00,0.000000E+00,0.000000E+00,0.000000E+00,0.000000E+00,2.199859E+01,3.641715E+01,2.399935E+01,4.399723E+01,3.363376E+04,5.747998E+04,1.832208E+00,5.632432E+00,0.000000E+00,0.000000E+00,0.000000E+00,0.000000E+00,0.000000E+00,0.000000E+00,0.000000E+00,0.000000E+00,2.199783E+01,4.313805E+01,2.399883E+01,4.293787E+01,3.915459E+03,9.026268E+03,2.133113E-01,8.843724E-01,0.000000E+00,0.000000E+00,0.000000E+00,0.000000E+00,0.000000E+00,0.000000E+00,0.000000E+00,0.000000E+00,2.199887E+01,4.208147E+01,2.400000E+01,4.236428E+01,2.446371E+04,4.806298E+04,1.332744E+00,4.709255E+00,0.000000E+00,0.000000E+00,0.000000E+00,0.000000E+00,0.000000E+00,0.000000E+00,0.000000E+00,0.000000E+00,2.199847E+01,4.277434E+01,2.399956E+01,4.266884E+01,2.996953E+03,4.303714E+03,1.632689E-01,4.216677E-01,0.000000E+00,0.000000E+00,0.000000E+00,0.000000E+00,0.000000E+00,0.000000E+00,0.000000E+00,0.000000E+00,2.199885E+01,4.371593E+01,2.400000E+01,4.236401E+01
18:10:00,2.393577E+04,6.576702E+04,1.304194E+00,6.444419E+00,0.000000E+00,0.000000E+00,0.000000E+00,0.000000E+00,0.000000E+00,0.000000E+00,0.000000E+00,0.000000E+00,2.200087E+01,4.559947E+01,2.399953E+01,4.251312E+01,5.562696E+03,8.749085E+03,3.030498E-01,8.572541E-01,0.000000E+00,0.000000E+00,0.000000E+00,0.000000E+00,0.000000E+00,0.000000E+00,0.000000E+00,0.000000E+00,2.199951E+01,3.655386E+01,2.399990E+01,4.389321E+01,3.454264E+04,5.676062E+04,1.881694E+00,5.561864E+00,0.000000E+00,0.000000E+00,0.000000E+00,0.000000E+00,0.000000E+00,0.000000E+00,0.000000E+00,0.000000E+00,2.199679E+01,4.242017E+01,2.399955E+01,4.253629E+01,3.958465E+03,8.980057E+03,2.156545E-01,8.798448E-01,0.000000E+00,0.000000E+00,0.000000E+00,0.000000E+00,0.000000E+00,0.000000E+00,0.000000E+00,0.000000E+00,2.199972E+01,4.209573E+01,2.400000E+01,4.236420E+01,2.518037E+04,4.777423E+04,1.371790E+00,4.680951E+00,0.000000E+00,0.000000E+00,0.000000E+00,0.000000E+00,0.000000E+00,0.000000E+00,0.000000E+00,0.000000E+00,2.199953E+01,4.268674E+01,2.399990E+01,4.256957E+01,3.038466E+03,4.217321E+03,1.655306E-01,4.132032E-01,0.000000E+00,0.000000E+00,0.000000E+00,0.000000E+00,0.000000E+00,0.000000E+00,0.000000E+00,0.000000E+00,2.199905E+01,4.379298E+01,2.400000E+01,4.236396E+01
18:20:00,2.548768E+04,6.482651E+04,1.388726E+00,6.352159E+00,0.000000E+00,0.000000E+00,0.000000E+00,0.000000E+00,0.000000E+00,0.000000E+00,0.000000E+00,0.000000E+00,2.200043E+01,4.536933E+01,2.399974E+01,4.247394E+01,6.396701E+03,7.892706E+03,3.484869E-01,7.733446E-01,0.000000E+00,0.000000E+00,0.000000E+00,0.000000E+00,0.000000E+00,0.000000E+00,0.000000E+00,0.000000E+00,2.199959E+01,3.668933E+01,2.399996E+01,4.380678E+01,3.545800E+04,5.597403E+04,1.931531E+00,5.484703E+00,0.000000E+00,0.000000E+00,0.000000E+00,0.000000E+00,0.000000E+00,0.000000E+00,0.000000E+00,0.000000E+00,2.199653E+01,4.233679E+01,2.399975E+01,4.249013E+01,4.002127E+03,8.916706E+03,2.180338E-01,8.736378E-01,0.000000E+00,0.000000E+00,0.000000E+00,0.000000E+00,0.000000E+00,0.000000E+00,0.000000E+00,0.000000E+00,2.199980E+01,4.211283E+01,2.400000E+01,4.236415E+01,2.590322E+04,4.747455E+04,1.411173E+00,4.651575E+00,0.000000E+00,0.000000E+00,0.000000E+00,0.000000E+00,0.000000E+00,0.000000E+00,0.000000E+00,0.000000E+00,2.199961E+01,4.261890E+01,2.399996E+01,4.249937E+01,3.080480E+03,4.128520E+03,1.678196E-01,4.045027E-01,0.000000E+00,0.000000E+00,0.000000E+00,0.000000E+00,0.000000E+00,0.000000E+00,0.000000E+00,0.000000E+00,2.199907E+01,4.381143E+01,2.400000E+01,4.236391E+01
18:30:00,2.704638E+04,6.379983E+04,1.473630E+00,6.251459E+00,0.000000E+00,0.000000E+00,0.000000E+00,0.000000E+00,0.000000E+00,0.000000E+00,0.000000E+00,0.000000E+00,2.200040E+01,4.536716E+01,2.399976E+01,4.247351E+01,7.233322E+03,7.030017E+03,3.940643E-01,6.888165E-01,0.000000E+00,0.000000E+00,0.000000E+00,0.000000E+00,0.000000E+00,0.000000E+00,0.000000E+00,0.000000E+00,2.199910E+01,3.678408E+01,2.399992E+01,4.374760E+01,3.637740E+04,5.511142E+04,1.981589E+00,5.400097E+00,0.000000E+00,0.000000E+00,0.000000E+00,0.000000E+00,0.000000E+00,0.000000E+00,0.000000E+00,0.000000E+00,2.199647E+01,4.233790E+01,2.399977E+01,4.249025E+01,4.046171E+03,8.755682E+03,2.204335E-01,8.578610E-01,0.000000E+00,0.000000E+00,0.000000E+00,0.000000E+00,0.000000E+00,0.000000E+00,0.000000E+00,0.000000E+00,2.199958E+01,4.212522E+01,2.400000E+01,4.236411E+01,2.662962E+04,4.712317E+04,1.450746E+00,4.617133E+00,0.000000E+00,0.000000E+00,0.000000E+00,0.000000E+00,0.000000E+00,0.000000E+00,0.000000E+00,0.000000E+00,2.199922E+01,4.258014E+01,2.399994E+01,4.246994E+01,3.122788E+03,4.037319E+03,1.701246E-01,3.955670E-01,0.000000E+00,0.000000E+00,0.000000E+00,0.000000E+00,0.000000E+00,0.000000E+00,0.000000E+00,0.000000E+00,2.199897E+01,4.381373E+01,2.400000E+01,4.236386E+01
18:40:00,2.861052E+04,6.266625E+04,1.558829E+00,6.140283E+00,0.000000E+00,0.000000E+00,0.000000E+00,0.000000E+00,0.000000E+00,0.000000E+00,0.000000E+00,0.000000E+00,2.200040E+01,4.536717E+01,2.399976E+01,4.247336E+01,8.071055E+03,6.162016E+03,4.397020E-01,6.037626E-01,0.000000E+00,0.000000E+00,0.000000E+00,0.000000E+00,0.000000E+00,0.000000E+00,0.000000E+00,0.000000E+00,2.199864E+01,3.689796E+01,2.399988E+01,4.367642E+01,3.730010E+04,5.415635E+04,2.031825E+00,5.306430E+00,0.000000E+00,0.000000E+00,0.000000E+00,0.000000E+00,0.000000E+00,0.000000E+00,0.000000E+00,0.000000E+00,2.199644E+01,4.233931E+01,2.399977E+01,4.249072E+01,4.090277E+03,8.546735E+03,2.228373E-01,8.373889E-01,0.000000E+00,0.000000E+00,0.000000E+00,0.000000E+00,0.000000E+00,0.000000E+00,0.000000E+00,0.000000E+00,2.199937E+01,4.213985E+01,2.400000E+01,4.236407E+01,2.735817E+04,4.661166E+04,1.490440E+00,4.566991E+00,0.000000E+00,0.000000E+00,0.000000E+00,0.000000E+00,0.000000E+00,0.000000E+00,0.000000E+00,0.000000E+00,2.199885E+01,4.253992E+01,2.399992E+01,4.244797E+01,3.165346E+03,3.942317E+03,1.724431E-01,3.862589E-01,0.000000E+00,0.000000E+00,0.000000E+00,0.000000E+00,0.000000E+00,0.000000E+00,0.000000E+00,0.000000E+00,2.199890E+01,4.381451E+01,2.400000E+01,4.236382E+01
18:50:00,3.017942E+04,6.140901E+04,1.644288E+00,6.016988E+00,0.000000E+00,0.000000E+00,0.000000E+00,0.000000E+00,0.000000E+00,0.000000E+00,0.000000E+00,0.000000E+00,2.200040E+01,4.536699E+01,2.399976E+01,4.247330E+01,8.909708E+03,5.288398E+03,4.853888E-01,5.181582E-01,0.000000E+00,0.000000E+00,0.000000E+00,0.000000E+00,0.000000E+00,0.000000E+00,0.000000E+00,0.000000E+00,2.199841E+01,3.703534E+01,2.399987E+01,4.358996E+01,3.822569E+04,5.310158E+04,2.082219E+00,5.202996E+00,0.000000E+00,0.000000E+00,0.000000E+00,0.000000E+00,0.000000E+00,0.000000E+00,0.000000E+00,0.000000E+00,2.199643E+01,4.234004E+01,2.399977E+01,4.249106E+01,4.134510E+03,8.307152E+03,2.252479E-01,8.139151E-01,0.000000E+00,0.000000E+00,0.000000E+00,0.000000E+00,0.000000E+00,0.000000E+00,0.000000E+00,0.000000E+00,2.199927E+01,4.215701E+01,2.400000E+01,4.236400E+01,2.808846E+04,4.600544E+04,1.530226E+00,4.507566E+00,0.000000E+00,0.000000E+00,0.000000E+00,0.000000E+00,0.000000E+00,0.000000E+00,0.000000E+00,0.000000E+00,2.199865E+01,4.249917E+01,2.399993E+01,4.243421E+01,3.208130E+03,3.844392E+03,1.747740E-01,3.766645E-01,0.000000E+00,0.000000E+00,0.000000E+00,0.000000E+00,0.000000E+00,0.000000E+00,0.000000E+00,0.000000E+00,2.199888E+01,4.381486E+01,2.400000E+01,4.236378E+01
19:00:00,3.175257E+04,6.000830E+04,1.729978E+00,5.879637E+00,0.000000E+00,0.000000E+00,0.000000E+00,0.000000E+00,0.000000E+00,0.000000E+00,0.000000E+00,0.000000E+00,2.200040E+01,4.536668E+01,2.399976E+01,4.247345E+01,9.751434E+03,4.409320E+03,5.312377E-01,4.320196E-01,0.000000E+00,0.000000E+00,0.000000E+00,0.000000E+00,0.000000E+00,0.000000E+00,0.000000E+00,0.000000E+00,2.199737E+01,3.714063E+01,2.399979E+01,4.352460E+01,3.915392E+04,5.189929E+04,2.132757E+00,5.085107E+00,0.000000E+00,0.000000E+00,0.000000E+00,0.000000E+00,0.000000E+00,0.000000E+00,0.000000E+00,0.000000E+00,2.199642E+01,4.234119E+01,2.399977E+01,4.249193E+01,4.179094E+03,8.043182E+03,2.276767E-01,7.880520E-01,0.000000E+00,0.000000E+00,0.000000E+00,0.000000E+00,0.000000E+00,0.000000E+00,0.000000E+00,0.000000E+00,2.199885E+01,4.217051E+01,2.400000E+01,4.236395E+01,2.882164E+04,4.517291E+04,1.570161E+00,4.425967E+00,0.000000E+00,0.000000E+00,0.000000E+00,0.000000E+00,0.000000E+00,0.000000E+00,0.000000E+00,0.000000E+00,2.199803E+01,4.247820E+01,2.399991E+01,4.243153E+01,3.251126E+03,3.743825E+03,1.771163E-01,3.668112E-01,0.000000E+00,0.000000E+00,0.000000E+00,0.000000E+00,0.000000E+00,0.000000E+00,0.000000E+00,0.000000E+00,2.199885E+01,4.381534E+01,2.400000E+01,4.236373E+01
19:10:00,3.185358E+04,5.991343E+04,1.735474E+00,5.870320E+00,0.000000E+00,0.000000E+00,0.000000E+00,0.000000E+00,0.000000E+00,0.000000E+00,0.000000E+00,0.000000E+00,2.200040E+01,4.536641E+01,2.399976E+01,4.247392E+01,9.797234E+03,4.313768E+03,5.337220E-01,4.226581E-01,0.000000E+00,0.000000E+00,0.000000E+00,0.000000E+00,0.000000E+00,0.000000E+00,0.000000E+00,0.000000E+00,2.199734E+01,3.728576E+01,2.399980E+01,4.343187E+01,3.924328E+04,5.136349E+04,2.137617E+00,5.032591E+00,0.000000E+00,0.000000E+00,0.000000E+00,0.000000E+00,0.000000E+00,0.000000E+00,0.000000E+00,0.000000E+00,2.199642E+01,4.234221E+01,2.399977E+01,4.249361E+01,4.180329E+03,7.803995E+03,2.277421E-01,7.646170E-01,0.000000E+00,0.000000E+00,0.000000E+00,0.000000E+00,0.000000E+00,0.000000E+00,0.000000E+00,0.000000E+00,2.199883E+01,4.218786E+01,2.400000E+01,4.236386E+01,2.886979E+04,4.492544E+04,1.572761E+00,4.401720E+00,0.000000E+00,0.000000E+00,0.000000E+00,0.000000E+00,0.000000E+00,0.000000E+00,0.000000E+00,0.000000E+00,2.199794E+01,4.245311E+01,2.399991E+01,4.243040E+01,3.252819E+03,3.683712E+03,1.772082E-01,3.609215E-01,0.000000E+00,0.000000E+00,0.000000E+00,0.000000E+00,0.000000E+00,0.000000E+00,0.000000E+00,0.000000E+00,2.199884E+01,4.381583E+01,2.400000E+01,4.236367E+01
19:20:00,3.194745E+04,5.965631E+04,1.740588E+00,5.845125E+00,0.000000E+00,0.000000E+00,0.000000E+00,0.000000E+00,0.000000E+00,0.000000E+00,0.000000E+00,0.000000E+00,2.200041E+01,4.502757E+01,2.399976E+01,4.236478E+01,9.840884E+03,4.223937E+03,5.360887E-01,4.138576E-01,0.000000E+00,0.000000E+00,0.000000E+00,0.000000E+00,0.000000E+00,0.000000E+00,0.000000E+00,0.000000E+00,2.199734E+01,3.737825E+01,2.399983E+01,4.330483E+01,3.932817E+04,5.070360E+04,2.142238E+00,4.967932E+00,0.000000E+00,0.000000E+00,0.000000E+00,0.000000E+00,0.000000E+00,0.000000E+00,0.000000E+00,0.000000E+00,2.199639E+01,4.211258E+01,2.399977E+01,4.236513E+01,4.181314E+03,7.549599E+03,2.277937E-01,7.396919E-01,0.000000E+00,0.000000E+00,0.000000E+00,0.000000E+00,0.000000E+00,0.000000E+00,0.000000E+00,0.000000E+00,2.199883E+01,4.220244E+01,2.400000E+01,4.236377E+01,2.891431E+04,4.455308E+04,1.575161E+00,4.365240E+00,0.000000E+00,0.000000E+00,0.000000E+00,0.000000E+00,0.000000E+00,0.000000E+00,0.000000E+00,0.000000E+00,2.199790E+01,4.240441E+01,2.399991E+01,4.240126E+01,3.254192E+03,3.623258E+03,1.772827E-01,3.549982E-01,0.000000E+00,0.000000E+00,0.000000E+00,0.000000E+00,0.000000E+00,0.000000E+00,0.000000E+00,0.000000E+00,2.199884E+01,4.381627E+01,2.400000E+01,4.236362E+01
19:30:00,3.203751E+04,5.920150E+04,1.745489E+00,5.800549E+00,0.000000E+00,0.000000E+00,0.000000E+00,0.000000E+00,0.000000E+00,0.000000E+00,0.000000E+00,0.000000E+00,2.200006E+01,4.501820E+01,2.399991E+01,4.236337E+01,9.883990E+03,4.138545E+03,5.384283E-01,4.054915E-01,0.000000E+00,0.000000E+00,0.000000E+00,0.000000E+00,0.000000E+00,0.000000E+00,0.000000E+00,0.000000E+00,2.199736E+01,3.743248E+01,2.399985E+01,4.316839E+01,3.941094E+04,4.997399E+04,2.146740E+00,4.896433E+00,0.000000E+00,0.000000E+00,0.000000E+00,0.000000E+00,0.000000E+00,0.000000E+00,0.000000E+00,0.000000E+00,2.199613E+01,4.210942E+01,2.399993E+01,4.236326E+01,4.182256E+03,7.361902E+03,2.278435E-01,7.213017E-01,0.000000E+00,0.000000E+00,0.000000E+00,0.000000E+00,0.000000E+00,0.000000E+00,0.000000E+00,0.000000E+00,2.199884E+01,4.221406E+01,2.400000E+01,4.236370E+01,2.895795E+04,4.402030E+04,1.577519E+00,4.313039E+00,0.000000E+00,0.000000E+00,0.000000E+00,0.000000E+00,0.000000E+00,0.000000E+00,0.000000E+00,0.000000E+00,2.199786E+01,4.235481E+01,2.399994E+01,4.237446E+01,3.255453E+03,3.562412E+03,1.773512E-01,3.490367E-01,0.000000E+00,0.000000E+00,0.000000E+00,0.000000E+00,0.000000E+00,0.000000E+00,0.000000E+00,0.000000E+00,2.199884E+01,4.381667E+01,2.400000E+01,4.236358E+01
19:40:00,3.212522E+04,5.851650E+04,1.750262E+00,5.733413E+00,0.000000E+00,0.000000E+00,0.000000E+00,0.000000E+00,0.000000E+00,0.000000E+00,0.000000E+00,0.000000E+00,2.199999E+01,4.502326E+01,2.399997E+01,4.236373E+01,9.926252E+03,4.057192E+03,5.407243E-01,3.975207E-01,0.000000E+00,0.000000E+00,0.000000E+00,0.000000E+00,0.000000E+00,0.000000E+00,0.000000E+00,0.000000E+00,2.199738E+01,3.746834E+01,2.399987E+01,4.304377E+01,3.949242E+04,4.910557E+04,2.151171E+00,4.811330E+00,0.000000E+00,0.000000E+00,0.000000E+00,0.000000E+00,0.000000E+00,0.000000E+00,0.000000E+00,0.000000E+00,2.199608E+01,4.211294E+01,2.399998E+01,4.236370E+01,4.183089E+03,7.192247E+03,2.278878E-01,7.046794E-01,0.000000E+00,0.000000E+00,0.000000E+00,0.000000E+00,0.000000E+00,0.000000E+00,0.000000E+00,0.000000E+00,2.199884E+01,4.222318E+01,2.400000E+01,4.236362E+01,2.900060E+04,4.332547E+04,1.579827E+00,4.244957E+00,0.000000E+00,0.000000E+00,0.000000E+00,0.000000E+00,0.000000E+00,0.000000E+00,0.000000E+00,0.000000E+00,2.199782E+01,4.232013E+01,2.399998E+01,4.236306E+01,3.256622E+03,3.502601E+03,1.774148E-01,3.431766E-01,0.000000E+00,0.000000E+00,0.000000E+00,0.000000E+00,0.000000E+00,0.000000E+00,0.000000E+00,0.000000E+00,2.199885E+01,4.381704E+01,2.400000E+01,4.236353E+01
19:50:00,3.221119E+04,5.756351E+04,1.754939E+00,5.640019E+00,0.000000E+00,0.000000E+00,0.000000E+00,0.000000E+00,0.000000E+00,0.000000E+00,0.000000E+00,0.000000E+00,2.199998E+01,4.502244E+01,2.399999E+01,4.236358E+01,9.969485E+03,3.979494E+03,5.430744E-01,3.899078E-01,0.000000E+00,0.000000E+00,0.000000E+00,0.000000E+00,0.000000E+00,0.000000E+00,0.000000E+00,0.000000E+00,2.199739E+01,3.749668E+01,2.399989E+01,4.293815E+01,3.957297E+04,4.809558E+04,2.155551E+00,4.712355E+00,0.000000E+00,0.000000E+00,0.000000E+00,0.000000E+00,0.000000E+00,0.000000E+00,0.000000E+00,0.000000E+00,2.199607E+01,4.211343E+01,2.399999E+01,4.236341E+01,4.184050E+03,7.024535E+03,2.279392E-01,6.882473E-01,0.000000E+00,0.000000E+00,0.000000E+00,0.000000E+00,0.000000E+00,0.000000E+00,0.000000E+00,0.000000E+00,2.199885E+01,4.223039E+01,2.400000E+01,4.236355E+01,2.904347E+04,4.239942E+04,1.582150E+00,4.154220E+00,0.000000E+00,0.000000E+00,0.000000E+00,0.000000E+00,0.000000E+00,0.000000E+00,0.000000E+00,0.000000E+00,2.199779E+01,4.230130E+01,2.399999E+01,4.236185E+01,3.257717E+03,3.443023E+03,1.774744E-01,3.373393E-01,0.000000E+00,0.000000E+00,0.000000E+00,0.000000E+00,0.000000E+00,0.000000E+00,0.000000E+00,0.000000E+00,2.199885E+01,4.381739E+01,2.400000E+01,4.236347E+01
20:00:00,3.229582E+04,5.625997E+04,1.759542E+00,5.512278E+00,0.000000E+00,0.000000E+00,0.000000E+00,0.000000E+00,0.000000E+00,0.000000E+00,0.000000E+00,0.000000E+00,2.199998E+01,4.502233E+01,2.400000E+01,4.236355E+01,1.001071E+04,3.905528E+03,5.453201E-01,3.826599E-01,0.000000E+00,0.000000E+00,0.000000E+00,0.000000E+00,0.000000E+00,0.000000E+00,0.000000E+00,0.000000E+00,2.199740E+01,3.752118E+01,2.399991E+01,4.285048E+01,3.965281E+04,4.690619E+04,2.159893E+00,4.595802E+00,0.000000E+00,0.000000E+00,0.000000E+00,0.000000E+00,0.000000E+00,0.000000E+00,0.000000E+00,0.000000E+00,2.199607E+01,4.211425E+01,2.400000E+01,4.236328E+01,4.184752E+03,6.852145E+03,2.279774E-01,6.713570E-01,0.000000E+00,0.000000E+00,0.000000E+00,0.000000E+00,0.000000E+00,0.000000E+00,0.000000E+00,0.000000E+00,2.199885E+01,4.223615E+01,2.400000E+01,4.236348E+01,2.908487E+04,4.130117E+04,1.584402E+00,4.046609E+00,0.000000E+00,0.000000E+00,0.000000E+00,0.000000E+00,0.000000E+00,0.000000E+00,0.000000E+00,0.000000E+00,2.199777E+01,4.229280E+01,2.400000E+01,4.236322E+01,3.258745E+03,3.383549E+03,1.775304E-01,3.315121E-01,0.000000E+00,0.000000E+00,0.000000E+00,0.000000E+00,0.000000E+00,0.000000E+00,0.000000E+00,0.000000E+00,2.199885E+01,4.381773E+01,2.400000E+01,4.236342E+01
20:10:00,3.231721E+04,5.461499E+04,1.760701E+00,5.351084E+00,0.000000E+00,0.000000E+00,0.000000E+00,0.000000E+00,0.000000E+00,0.000000E+00,0.000000E+00,0.000000E+00,2.199998E+01,4.502236E+01,2.400000E+01,4.236354E+01,1.001911E+04,3.862760E+03,5.457779E-01,3.784687E-01,0.000000E+00,0.000000E+00,0.000000E+00,0.000000E+00,0.000000E+00,0.000000E+00,0.000000E+00,0.000000E+00,2.199741E+01,3.754255E+01,2.399992E+01,4.277743E+01,3.966717E+04,4.560387E+04,2.160669E+00,4.468185E+00,0.000000E+00,0.000000E+00,0.000000E+00,0.000000E+00,0.000000E+00,0.000000E+00,0.000000E+00,0.000000E+00,2.199607E+01,4.211507E+01,2.400000E+01,4.236315E+01,4.185473E+03,6.672453E+03,2.280168E-01,6.537512E-01,0.000000E+00,0.000000E+00,0.000000E+00,0.000000E+00,0.000000E+00,0.000000E+00,0.000000E+00,0.000000E+00,2.199885E+01,4.224079E+01,2.400000E+01,4.236340E+01,2.909706E+04,3.988396E+04,1.585063E+00,3.907749E+00,0.000000E+00,0.000000E+00,0.000000E+00,0.000000E+00,0.000000E+00,0.000000E+00,0.000000E+00,0.000000E+00,2.199776E+01,4.228935E+01,2.400000E+01,4.236388E+01,3.259715E+03,3.323710E+03,1.775832E-01,3.256492E-01,0.000000E+00,0.000000E+00,0.000000E+00,0.000000E+00,0.000000E+00,0.000000E+00,0.000000E+00,0.000000E+00,2.199885E+01,4.381805E+01,2.400000E+01,4.236337E+01
20:20:00,3.233669E+04,5.257121E+04,1.761756E+00,5.150816E+00,0.000000E+00,0.000000E+00,0.000000E+00,0.000000E+00,0.000000E+00,0.000000E+00,0.000000E+00,0.000000E+00,2.199998E+01,4.502237E+01,2.400000E+01,4.236354E+01,1.002665E+04,3.822003E+03,5.461891E-01,3.744747E-01,0.000000E+00,0.000000E+00,0.000000E+00,0.000000E+00,0.000000E+00,0.000000E+00,0.000000E+00,0.000000E+00,2.199741E+01,3.756092E+01,2.399994E+01,4.271592E+01,3.968015E+04,4.409130E+04,2.161370E+00,4.319969E+00,0.000000E+00,0.000000E+00,0.000000E+00,0.000000E+00,0.000000E+00,0.000000E+00,0.000000E+00,0.000000E+00,2.199607E+01,4.211583E+01,2.400000E+01,4.236302E+01,4.186115E+03,6.485547E+03,2.280518E-01,6.354386E-01,0.000000E+00,0.000000E+00,0.000000E+00,0.000000E+00,0.000000E+00,0.000000E+00,0.000000E+00,0.000000E+00,2.199885E+01,4.224454E+01,2.400000E+01,4.236332E+01,2.910807E+04,3.815771E+04,1.585661E+00,3.738609E+00,0.000000E+00,0.000000E+00,0.000000E+00,0.000000E+00,0.000000E+00,0.000000E+00,0.000000E+00,0.000000E+00,2.199776E+01,4.228793E+01,2.400000E+01,4.236368E+01,3.260636E+03,3.262913E+03,1.776334E-01,3.196925E-01,0.000000E+00,0.000000E+00,0.000000E+00,0.000000E+00,0.000000E+00,0.000000E+00,0.000000E+00,0.000000E+00,2.199885E+01,4.381835E+01,2.400000E+01,4.236332E+01
20:30:00,3.235500E+04,5.041467E+04,1.762752E+00,4.939514E+00,0.000000E+00,0.000000E+00,0.000000E+00,0.000000E+00,0.000000E+00,0.000000E+00,0.000000E+00,0.000000E+00,2.199998E+01,4.502238E+01,2.400000E+01,4.236354E+01,1.003377E+04,3.783037E+03,5.465772E-01,3.706563E-01,0.000000E+00,0.000000E+00,0.000000E+00,0.000000E+00,0.000000E+00,0.000000E+00,0.000000E+00,0.000000E+00,2.199742E+01,3.757652E+01,2.399995E+01,4.266372E+01,3.969236E+04,4.247569E+04,2.162033E+00,4.161670E+00,0.000000E+00,0.000000E+00,0.000000E+00,0.000000E+00,0.000000E+00,0.000000E+00,0.000000E+00,0.000000E+00,2.199607E+01,4.211655E+01,2.400000E+01,4.236289E+01,4.186703E+03,6.303423E+03,2.280839E-01,6.175945E-01,0.000000E+00,0.000000E+00,0.000000E+00,0.000000E+00,0.000000E+00,0.000000E+00,0.000000E+00,0.000000E+00,2.199886E+01,4.224758E+01,2.400000E+01,4.236324E+01,2.911828E+04,3.634385E+04,1.586216E+00,3.560887E+00,0.000000E+00,0.000000E+00,0.000000E+00,0.000000E+00,0.000000E+00,0.000000E+00,0.000000E+00,0.000000E+00,2.199775E+01,4.228732E+01,2.400000E+01,4.236327E+01,3.261514E+03,3.203723E+03,1.776812E-01,3.138932E-01,0.000000E+00,0.000000E+00,0.000000E+00,0.000000E+00,0.000000E+00,0.000000E+00,0.000000E+00,0.000000E+00,2.199885E+01,4.381864E+01,2.400000E+01,4.236327E+01
20:40:00,3.237224E+04,4.828505E+04,1.763691E+00,4.730857E+00,0.000000E+00,0.000000E+00,0.000000E+00,0.000000E+00,0.000000E+00,0.000000E+00,0.000000E+00,0.000000E+00,2.199998E+01,4.502239E+01,2.400000E+01,4.236354E+01,1.004051E+04,3.745710E+03,5.469449E-01,3.669985E-01,0.000000E+00,0.000000E+00,0.000000E+00,0.000000E+00,0.000000E+00,0.000000E+00,0.000000E+00,0.000000E+00,2.199742E+01,3.758973E+01,2.399995E+01,4.261929E+01,3.970385E+04,4.090008E+04,2.162659E+00,4.007293E+00,0.000000E+00,0.000000E+00,0.000000E+00,0.000000E+00,0.000000E+00,0.000000E+00,0.000000E+00,0.000000E+00,2.199607E+01,4.211723E+01,2.400000E+01,4.236276E+01,4.187244E+03,6.131385E+03,2.281134E-01,6.007386E-01,0.000000E+00,0.000000E+00,0.000000E+00,0.000000E+00,0.000000E+00,0.000000E+00,0.000000E+00,0.000000E+00,2.199886E+01,4.225006E+01,2.400000E+01,4.236317E+01,2.912782E+04,3.460031E+04,1.586734E+00,3.390057E+00,0.000000E+00,0.000000E+00,0.000000E+00,0.000000E+00,0.000000E+00,0.000000E+00,0.000000E+00,0.000000E+00,2.199775E+01,4.228713E+01,2.400000E+01,4.236299E+01,3.262354E+03,3.147144E+03,1.777270E-01,3.083497E-01,0.000000E+00,0.000000E+00,0.000000E+00,0.000000E+00,0.000000E+00,0.000000E+00,0.000000E+00,0.000000E+00,2.199885E+01,4.381892E+01,2.400000E+01,4.236322E+01
20:50:00,3.238856E+04,4.627694E+04,1.764579E+00,4.534105E+00,0.000000E+00,0.000000E+00,0.000000E+00,0.000000E+00,0.000000E+00,0.000000E+00,0.000000E+00,0.000000E+00,2.199998E+01,4.502239E+01,2.400000E+01,4.236354E+01,1.004694E+04,3.709905E+03,5.472952E-01,3.634899E-01,0.000000E+00,0.000000E+00,0.000000E+00,0.000000E+00,0.000000E+00,0.000000E+00,0.000000E+00,0.000000E+00,2.199743E+01,3.760099E+01,2.399996E+01,4.258141E+01,3.971474E+04,3.940246E+04,2.163252E+00,3.860560E+00,0.000000E+00,0.000000E+00,0.000000E+00,0.000000E+00,0.000000E+00,0.000000E+00,0.000000E+00,0.000000E+00,2.199607E+01,4.211789E+01,2.400000E+01,4.236263E+01,4.187743E+03,5.972571E+03,2.281406E-01,5.851784E-01,0.000000E+00,0.000000E+00,0.000000E+00,0.000000E+00,0.000000E+00,0.000000E+00,0.000000E+00,0.000000E+00,2.199886E+01,4.225207E+01,2.400000E+01,4.236309E+01,2.913676E+04,3.296524E+04,1.587221E+00,3.229856E+00,0.000000E+00,0.000000E+00,0.000000E+00,0.000000E+00,0.000000E+00,0.000000E+00,0.000000E+00,0.000000E+00,2.199775E+01,4.228725E+01,2.400000E+01,4.236285E+01,3.263160E+03,3.093687E+03,1.777709E-01,3.031121E-01,0.000000E+00,0.000000E+00,0.000000E+00,0.000000E+00,0.000000E+00,0.000000E+00,0.000000E+00,0.000000E+00,2.199885E+01,4.381919E+01,2.400000E+01,4.236317E+01
21:00:00,3.240406E+04,4.452168E+04,1.765424E+00,4.362129E+00,0.000000E+00,0.000000E+00,0.000000E+00,0.000000E+00,0.000000E+00,0.000000E+00,0.000000E+00,0.000000E+00,2.199998E+01,4.502240E+01,2.400000E+01,4.236354E+01,1.005310E+04,3.675501E+03,5.476309E-01,3.601187E-01,0.000000E+00,0.000000E+00,0.000000E+00,0.000000E+00,0.000000E+00,0.000000E+00,0.000000E+00,0.000000E+00,2.199743E+01,3.761066E+01,2.399997E+01,4.254910E+01,3.972509E+04,3.808989E+04,2.163816E+00,3.731957E+00,0.000000E+00,0.000000E+00,0.000000E+00,0.000000E+00,0.000000E+00,0.000000E+00,0.000000E+00,0.000000E+00,2.199607E+01,4.211851E+01,2.400000E+01,4.236250E+01,4.188205E+03,5.831105E+03,2.281658E-01,5.713179E-01,0.000000E+00,0.000000E+00,0.000000E+00,0.000000E+00,0.000000E+00,0.000000E+00,0.000000E+00,0.000000E+00,2.199886E+01,4.225372E+01,2.400000E+01,4.236301E+01,2.914521E+04,3.153660E+04,1.587680E+00,3.089881E+00,0.000000E+00,0.000000E+00,0.000000E+00,0.000000E+00,0.000000E+00,0.000000E+00,0.000000E+00,0.000000E+00,2.199775E+01,4.228759E+01,2.400000E+01,4.236275E+01,3.263935E+03,3.043664E+03,1.778131E-01,2.982110E-01,0.000000E+00,0.000000E+00,0.000000E+00,0.000000E+00,0.000000E+00,0.000000E+00,0.000000E+00,0.000000E+00,2.199885E+01,4.381946E+01,2.400000E+01,4.236312E+01
21:10:00,3.241551E+04,4.310621E+04,1.766048E+00,4.223445E+00,0.000000E+00,0.000000E+00,0.000000E+00,0.000000E+00,0.000000E+00,0.000000E+00,0.000000E+00,0.000000E+00,2.199998E+01,4.502241E+01,2.400000E+01,4.236354E+01,9.395094E+03,3.565817E+03,5.117868E-01,3.493719E-01,0.000000E+00,0.000000E+00,0.000000E+00,0.000000E+00,0.000000E+00,0.000000E+00,0.000000E+00,0.000000E+00,2.199743E+01,3.761903E+01,2.399997E+01,4.252151E+01,3.890657E+04,3.689716E+04,2.119232E+00,3.615097E+00,0.000000E+00,0.000000E+00,0.000000E+00,0.000000E+00,0.000000E+00,0.000000E+00,0.000000E+00,0.000000E+00,2.199608E+01,4.211911E+01,2.400000E+01,4.236236E+01,4.106289E+03,5.699257E+03,2.237031E-01,5.583997E-01,0.000000E+00,0.000000E+00,0.000000E+00,0.000000E+00,0.000000E+00,0.000000E+00,0.000000E+00,0.000000E+00,2.199886E+01,4.225507E+01,2.400000E+01,4.236293E+01,2.858557E+04,3.028733E+04,1.557194E+00,2.967481E+00,0.000000E+00,0.000000E+00,0.000000E+00,0.000000E+00,0.000000E+00,0.000000E+00,0.000000E+00,0.000000E+00,2.199775E+01,4.228805E+01,2.400000E+01,4.236266E+01,3.238331E+03,2.994177E+03,1.764183E-01,2.933624E-01,0.000000E+00,0.000000E+00,0.000000E+00,0.000000E+00,0.000000E+00,0.000000E+00,0.000000E+00,0.000000E+00,2.199885E+01,4.381971E+01,2.400000E+01,4.236307E+01
21:20:00,3.242633E+04,4.208517E+04,1.766638E+00,4.123405E+00,0.000000E+00,0.000000E+00,0.000000E+00,0.000000E+00,0.000000E+00,0.000000E+00,0.000000E+00,0.000000E+00,2.199998E+01,4.503384E+01,2.400000E+01,4.236354E+01,8.735228E+03,3.461022E+03,4.758444E-01,3.391040E-01,0.000000E+00,0.000000E+00,0.000000E+00,0.000000E+00,0.000000E+00,0.000000E+00,0.000000E+00,0.000000E+00,2.199839E+01,3.780546E+01,2.399998E+01,4.250204E+01,3.808762E+04,3.596429E+04,2.074629E+00,3.523695E+00,0.000000E+00,0.000000E+00,0.000000E+00,0.000000E+00,0.000000E+00,0.000000E+00,0.000000E+00,0.000000E+00,2.199642E+01,4.397836E+01,2.400000E+01,4.236313E+01,4.024280E+03,5.587956E+03,2.192357E-01,5.474947E-01,0.000000E+00,0.000000E+00,0.000000E+00,0.000000E+00,0.000000E+00,0.000000E+00,0.000000E+00,0.000000E+00,2.199898E+01,4.242625E+01,2.400000E+01,4.236297E+01,2.802521E+04,2.933082E+04,1.526671E+00,2.873764E+00,0.000000E+00,0.000000E+00,0.000000E+00,0.000000E+00,0.000000E+00,0.000000E+00,0.000000E+00,0.000000E+00,2.199796E+01,4.265360E+01,2.400000E+01,4.236280E+01,3.212699E+03,2.949288E+03,1.750220E-01,2.889643E-01,0.000000E+00,0.000000E+00,0.000000E+00,0.000000E+00,0.000000E+00,0.000000E+00,0.000000E+00,0.000000E+00,2.199889E+01,4.452486E+01,2.400000E+01,4.236335E+01
21:30:00,3.243658E+04,4.122756E+04,1.767196E+00,4.039379E+00,0.000000E+00,0.000000E+00,0.000000E+00,0.000000E+00,0.000000E+00,0.000000E+00,0.000000E+00,0.000000E+00,2.199999E+01,4.503416E+01,2.400000E+01,4.236354E+01,8.075918E+03,3.361031E+03,4.399325E-01,3.293068E-01,0.000000E+00,0.000000E+00,0.000000E+00,0.000000E+00,0.000000E+00,0.000000E+00,0.000000E+00,0.000000E+00,2.199846E+01,3.809152E+01,2.399998E+01,4.248767E+01,3.726898E+04,3.514543E+04,2.030078E+00,3.443466E+00,0.000000E+00,0.000000E+00,0.000000E+00,0.000000E+00,0.000000E+00,0.000000E+00,0.000000E+00,0.000000E+00,2.199833E+01,4.402404E+01,2.400000E+01,4.236310E+01,3.942242E+03,5.486673E+03,2.147667E-01,5.375713E-01,0.000000E+00,0.000000E+00,0.000000E+00,0.000000E+00,0.000000E+00,0.000000E+00,0.000000E+00,0.000000E+00,2.199905E+01,4.267949E+01,2.400000E+01,4.236307E+01,2.746426E+04,2.850758E+04,1.496120E+00,2.793105E+00,0.000000E+00,0.000000E+00,0.000000E+00,0.000000E+00,0.000000E+00,0.000000E+00,0.000000E+00,0.000000E+00,2.199822E+01,4.312954E+01,2.400000E+01,4.236300E+01,3.187064E+03,2.906685E+03,1.736263E-01,2.847901E-01,0.000000E+00,0.000000E+00,0.000000E+00,0.000000E+00,0.000000E+00,0.000000E+00,0.000000E+00,0.000000E+00,2.199945E+01,4.471109E+01,2.400000E+01,4.236339E+01
21:40:00,3.244632E+04,4.045535E+04,1.767727E+00,3.963719E+00,0.000000E+00,0.000000E+00,0.000000E+00,0.000000E+00,0.000000E+00,0.000000E+00,0.000000E+00,0.000000E+00,2.199999E+01,4.503399E+01,2.400000E+01,4.236354E+01,7.416203E+03,3.265781E+03,4.039986E-01,3.199743E-01,0.000000E+00,0.000000E+00,0.000000E+00,0.000000E+00,0.000000E+00,0.000000E+00,0.000000E+00,0.000000E+00,2.199852E+01,3.838968E+01,2.399998E+01,4.247571E+01,3.645000E+04,3.439184E+04,1.985514E+00,3.369631E+00,0.000000E+00,0.000000E+00,0.000000E+00,0.000000E+00,0.000000E+00,0.000000E+00,0.000000E+00,0.000000E+00,2.199870E+01,4.399961E+01,2.400000E+01,4.236305E+01,3.860140E+03,5.391801E+03,2.102945E-01,5.282759E-01,0.000000E+00,0.000000E+00,0.000000E+00,0.000000E+00,0.000000E+00,0.000000E+00,0.000000E+00,0.000000E+00,2.199914E+01,4.292795E+01,2.400000E+01,4.236314E+01,2.690264E+04,2.776168E+04,1.465536E+00,2.720024E+00,0.000000E+00,0.000000E+00,0.000000E+00,0.000000E+00,0.000000E+00,0.000000E+00,0.000000E+00,0.000000E+00,2.199856E+01,4.351115E+01,2.400000E+01,4.236310E+01,3.161414E+03,2.865594E+03,1.722303E-01,2.807641E-01,0.000000E+00,0.000000E+00,0.000000E+00,0.000000E+00,0.000000E+00,0.000000E+00,0.000000E+00,0.000000E+00,2.199967E+01,4.466672E+01,2.400000E+01,4.236335E+01
21:50:00,3.245559E+04,3.973882E+04,1.768232E+00,3.893516E+00,0.000000E+00,0.000000E+00,0.000000E+00,0.000000E+00,0.000000E+00,0.000000E+00,0.000000E+00,0.000000E+00,2.199999E+01,4.503402E+01,2.400000E+01,4.236354E+01,6.756260E+03,3.175235E+03,3.680526E-01,3.111027E-01,0.000000E+00,0.000000E+00,0.000000E+00,0.000000E+00,0.000000E+00,0.000000E+00,0.000000E+00,0.000000E+00,2.199858E+01,3.866169E+01,2.399999E+01,4.246495E+01,3.563061E+04,3.368531E+04,1.940929E+00,3.300407E+00,0.000000E+00,0.000000E+00,0.000000E+00,0.000000E+00,0.000000E+00,0.000000E+00,0.000000E+00,0.000000E+00,2.199874E+01,4.400403E+01,2.400000E+01,4.236300E+01,3.777988E+03,5.301857E+03,2.058197E-01,5.194634E-01,0.000000E+00,0.000000E+00,0.000000E+00,0.000000E+00,0.000000E+00,0.000000E+00,0.000000E+00,0.000000E+00,2.199923E+01,4.313677E+01,2.400000E+01,4.236318E+01,2.634052E+04,2.707177E+04,1.434929E+00,2.652428E+00,0.000000E+00,0.000000E+00,0.000000E+00,0.000000E+00,0.000000E+00,0.000000E+00,0.000000E+00,0.000000E+00,2.199885E+01,4.375125E+01,2.400000E+01,4.236311E+01,3.135741E+03,2.825693E+03,1.708329E-01,2.768547E-01,0.000000E+00,0.000000E+00,0.000000E+00,0.000000E+00,0.000000E+00,0.000000E+00,0.000000E+00,0.000000E+00,2.199966E+01,4.465103E+01,2.400000E+01,4.236333E+01
22:00:00,3.246443E+04,3.906186E+04,1.768714E+00,3.827189E+00,0.000000E+00,0.000000E+00,0.000000E+00,0.000000E+00,0.000000E+00,0.000000E+00,0.000000E+00,0.000000E+00,2.199999E+01,4.503403E+01,2.400000E+01,4.236354E+01,6.096121E+03,3.089372E+03,3.320960E-01,3.026899E-01,0.000000E+00,0.000000E+00,0.000000E+00,0.000000E+00,0.000000E+00,0.000000E+00,0.000000E+00,0.000000E+00,2.199864E+01,3.890083E+01,2.399999E+01,4.245504E+01,3.481085E+04,3.301573E+04,1.896324E+00,3.234802E+00,0.000000E+00,0.000000E+00,0.000000E+00,0.000000E+00,0.000000E+00,0.000000E+00,0.000000E+00,0.000000E+00,2.199875E+01,4.400480E+01,2.400000E+01,4.236296E+01,3.695794E+03,5.215962E+03,2.013428E-01,5.110476E-01,0.000000E+00,0.000000E+00,0.000000E+00,0.000000E+00,0.000000E+00,0.000000E+00,0.000000E+00,0.000000E+00,2.199930E+01,4.330383E+01,2.400000E+01,4.236318E+01,2.577799E+04,2.642589E+04,1.404302E+00,2.589146E+00,0.000000E+00,0.000000E+00,0.000000E+00,0.000000E+00,0.000000E+00,0.000000E+00,0.000000E+00,0.000000E+00,2.199903E+01,4.388438E+01,2.400000E+01,4.236308E+01,3.110045E+03,2.786795E+03,1.694343E-01,2.730436E-01,0.000000E+00,0.000000E+00,0.000000E+00,0.000000E+00,0.000000E+00,0.000000E+00,0.000000E+00,0.000000E+00,2.199965E+01,4.465832E+01,2.400000E+01,4.236332E+01
22:10:00,3.247621E+04,3.841828E+04,1.769356E+00,3.764132E+00,0.000000E+00,0.000000E+00,0.000000E+00,0.000000E+00,0.000000E+00,0.000000E+00,0.000000E+00,0.000000E+00,2.199999E+01,4.503403E+01,2.400000E+01,4.236354E+01,6.099729E+03,3.083597E+03,3.322964E-01,3.021240E-01,0.000000E+00,0.000000E+00,0.000000E+00,0.000000E+00,0.000000E+00,0.000000E+00,0.000000E+00,0.000000E+00,2.199869E+01,3.911142E+01,2.399999E+01,4.244595E+01,3.481916E+04,3.247400E+04,1.896824E+00,3.181725E+00,0.000000E+00,0.000000E+00,0.000000E+00,0.000000E+00,0.000000E+00,0.000000E+00,0.000000E+00,0.000000E+00,2.199876E+01,4.400488E+01,2.400000E+01,4.236291E+01,3.695907E+03,5.143221E+03,2.013499E-01,5.039207E-01,0.000000E+00,0.000000E+00,0.000000E+00,0.000000E+00,0.000000E+00,0.000000E+00,0.000000E+00,0.000000E+00,2.199937E+01,4.343760E+01,2.400000E+01,4.236317E+01,2.578275E+04,2.588306E+04,1.404579E+00,2.535961E+00,0.000000E+00,0.000000E+00,0.000000E+00,0.000000E+00,0.000000E+00,0.000000E+00,0.000000E+00,0.000000E+00,2.199914E+01,4.395668E+01,2.400000E+01,4.236304E+01,3.110681E+03,2.752006E+03,1.694703E-01,2.696350E-01,0.000000E+00,0.000000E+00,0.000000E+00,0.000000E+00,0.000000E+00,0.000000E+00,0.000000E+00,0.000000E+00,2.199965E+01,4.466108E+01,2.400000E+01,4.236330E+01
22:20:00,3.248763E+04,3.780175E+04,1.769979E+00,3.703727E+00,0.000000E+00,0.000000E+00,0.000000E+00,0.000000E+00,0.000000E+00,0.000000E+00,0.000000E+00,0.000000E+00,2.199999E+01,4.503403E+01,2.400000E+01,4.236354E+01,6.104828E+03,3.077639E+03,3.325752E-01,3.015402E-01,0.000000E+00,0.000000E+00,0.000000E+00,0.000000E+00,0.000000E+00,0.000000E+00,0.000000E+00,0.000000E+00,2.199873E+01,3.929882E+01,2.399999E+01,4.243767E+01,3.482720E+04,3.195540E+04,1.897303E+00,3.130915E+00,0.000000E+00,0.000000E+00,0.000000E+00,0.000000E+00,0.000000E+00,0.000000E+00,0.000000E+00,0.000000E+00,2.199876E+01,4.400508E+01,2.400000E+01,4.236287E+01,3.696051E+03,5.073225E+03,2.013585E-01,4.970626E-01,0.000000E+00,0.000000E+00,0.000000E+00,0.000000E+00,0.000000E+00,0.000000E+00,0.000000E+00,0.000000E+00,2.199941E+01,4.354644E+01,2.400000E+01,4.236316E+01,2.578754E+04,2.536951E+04,1.404857E+00,2.485645E+00,0.000000E+00,0.000000E+00,0.000000E+00,0.000000E+00,0.000000E+00,0.000000E+00,0.000000E+00,0.000000E+00,2.199920E+01,4.399892E+01,2.400000E+01,4.236300E+01,3.111302E+03,2.718054E+03,1.695053E-01,2.663085E-01,0.000000E+00,0.000000E+00,0.000000E+00,0.000000E+00,0.000000E+00,0.000000E+00,0.000000E+00,0.000000E+00,2.199966E+01,4.466045E+01,2.400000E+01,4.236329E+01
22:30:00,3.249872E+04,3.720837E+04,1.770583E+00,3.645588E+00,0.000000E+00,0.000000E+00,0.000000E+00,0.000000E+00,0.000000E+00,0.000000E+00,0.000000E+00,0.000000E+00,2.199999E+01,4.503403E+01,2.400000E+01,4.236354E+01,6.109032E+03,3.071517E+03,3.328052E-01,3.009403E-01,0.000000E+00,0.000000E+00,0.000000E+00,0.000000E+00,0.000000E+00,0.000000E+00,0.000000E+00,0.000000E+00,2.199877E+01,3.946680E+01,2.399999E+01,4.243016E+01,3.483427E+04,3.145700E+04,1.897696E+00,3.082082E+00,0.000000E+00,0.000000E+00,0.000000E+00,0.000000E+00,0.000000E+00,0.000000E+00,0.000000E+00,0.000000E+00,2.199876E+01,4.400528E+01,2.400000E+01,4.236282E+01,3.696170E+03,5.005660E+03,2.013658E-01,4.904427E-01,0.000000E+00,0.000000E+00,0.000000E+00,0.000000E+00,0.000000E+00,0.000000E+00,0.000000E+00,0.000000E+00,2.199945E+01,4.363614E+01,2.400000E+01,4.236314E+01,2.579231E+04,2.488133E+04,1.405129E+00,2.437814E+00,0.000000E+00,0.000000E+00,0.000000E+00,0.000000E+00,0.000000E+00,0.000000E+00,0.000000E+00,0.000000E+00,2.199923E+01,4.402616E+01,2.400000E+01,4.236296E+01,3.111886E+03,2.684881E+03,1.695374E-01,2.630583E-01,0.000000E+00,0.000000E+00,0.000000E+00,0.000000E+00,0.000000E+00,0.000000E+00,0.000000E+00,0.000000E+00,2.199966E+01,4.466018E+01,2.400000E+01,4.236327E+01
22:40:00,3.250949E+04,3.663525E+04,1.771170E+00,3.589436E+00,0.000000E+00,0.000000E+00,0.000000E+00,0.000000E+00,0.000000E+00,0.000000E+00,0.000000E+00,0.000000E+00,2.199999E+01,4.503403E+01,2.400000E+01,4.236354E+01,6.113339E+03,3.065232E+03,3.330407E-01,3.003245E-01,0.000000E+00,0.000000E+00,0.000000E+00,0.000000E+00,0.000000E+00,0.000000E+00,0.000000E+00,0.000000E+00,2.199881E+01,3.961777E+01,2.399999E+01,4.242336E+01,3.484112E+04,3.097656E+04,1.898070E+00,3.035010E+00,0.000000E+00,0.000000E+00,0.000000E+00,0.000000E+00,0.000000E+00,0.000000E+00,0.000000E+00,0.000000E+00,2.199876E+01,4.400547E+01,2.400000E+01,4.236278E+01,3.696304E+03,4.940278E+03,2.013737E-01,4.840368E-01,0.000000E+00,0.000000E+00,0.000000E+00,0.000000E+00,0.000000E+00,0.000000E+00,0.000000E+00,0.000000E+00,2.199949E+01,4.371044E+01,2.400000E+01,4.236311E+01,2.579718E+04,2.441552E+04,1.405404E+00,2.392175E+00,0.000000E+00,0.000000E+00,0.000000E+00,0.000000E+00,0.000000E+00,0.000000E+00,0.000000E+00,0.000000E+00,2.199926E+01,4.404463E+01,2.400000E+01,4.236292E+01,3.112445E+03,2.652444E+03,1.695679E-01,2.598802E-01,0.000000E+00,0.000000E+00,0.000000E+00,0.000000E+00,0.000000E+00,0.000000E+00,0.000000E+00,0.000000E+00,2.199966E+01,4.466033E+01,2.400000E+01,4.236326E+01
22:50:00,3.251998E+04,3.608042E+04,1.771741E+00,3.535075E+00,0.000000E+00,0.000000E+00,0.000000E+00,0.000000E+00,0.000000E+00,0.000000E+00,0.000000E+00,0.000000E+00,2.199999E+01,4.503404E+01,2.400000E+01,4.236354E+01,6.117598E+03,3.058800E+03,3.332735E-01,2.996943E-01,0.000000E+00,0.000000E+00,0.000000E+00,0.000000E+00,0.000000E+00,0.000000E+00,0.000000E+00,0.000000E+00,2.199884E+01,3.975351E+01,2.399999E+01,4.241719E+01,3.484784E+04,3.051241E+04,1.898436E+00,2.989533E+00,0.000000E+00,0.000000E+00,0.000000E+00,0.000000E+00,0.000000E+00,0.000000E+00,0.000000E+00,0.000000E+00,2.199876E+01,4.400565E+01,2.400000E+01,4.236274E+01,3.696444E+03,4.876884E+03,2.013819E-01,4.778256E-01,0.000000E+00,0.000000E+00,0.000000E+00,0.000000E+00,0.000000E+00,0.000000E+00,0.000000E+00,0.000000E+00,2.199952E+01,4.377202E+01,2.400000E+01,4.236309E+01,2.580205E+04,2.396972E+04,1.405674E+00,2.348496E+00,0.000000E+00,0.000000E+00,0.000000E+00,0.000000E+00,0.000000E+00,0.000000E+00,0.000000E+00,0.000000E+00,2.199927E+01,4.405708E+01,2.400000E+01,4.236289E+01,3.112992E+03,2.620706E+03,1.695977E-01,2.567705E-01,0.000000E+00,0.000000E+00,0.000000E+00,0.000000E+00,0.000000E+00,0.000000E+00,0.000000E+00,0.000000E+00,2.199966E+01,4.466044E+01,2.400000E+01,4.236324E+01
23:00:00,3.253019E+04,3.554227E+04,1.772297E+00,3.482347E+00,0.000000E+00,0.000000E+00,0.000000E+00,0.000000E+00,0.000000E+00,0.000000E+00,0.000000E+00,0.000000E+00,2.199999E+01,4.503404E+01,2.400000E+01,4.236354E+01,6.121801E+03,3.052228E+03,3.335032E-01,2.990503E-01,0.000000E+00,0.000000E+00,0.000000E+00,0.000000E+00,0.000000E+00,0.000000E+00,0.000000E+00,0.000000E+00,2.199887E+01,3.987550E+01,2.399999E+01,4.241160E+01,3.485444E+04,3.006318E+04,1.898796E+00,2.945519E+00,0.000000E+00,0.000000E+00,0.000000E+00,0.000000E+00,0.000000E+00,0.000000E+00,0.000000E+00,0.000000E+00,2.199876E+01,4.400584E+01,2.400000E+01,4.236269E+01,3.696590E+03,4.815313E+03,2.013903E-01,4.717930E-01,0.000000E+00,0.000000E+00,0.000000E+00,0.000000E+00,0.000000E+00,0.000000E+00,0.000000E+00,0.000000E+00,2.199954E+01,4.382300E+01,2.400000E+01,4.236307E+01,2.580686E+04,2.354199E+04,1.405940E+00,2.306589E+00,0.000000E+00,0.000000E+00,0.000000E+00,0.000000E+00,0.000000E+00,0.000000E+00,0.000000E+00,0.000000E+00,2.199928E+01,4.406525E+01,2.400000E+01,4.236285E+01,3.113527E+03,2.589637E+03,1.696268E-01,2.537265E-01,0.000000E+00,0.000000E+00,0.000000E+00,0.000000E+00,0.000000E+00,0.000000E+00,0.000000E+00,0.000000E+00,2.199966E+01,4.466049E+01,2.400000E+01,4.236323E+01
23:10:00,3.254015E+04,3.501667E+04,1.772840E+00,3.430851E+00,0.000000E+00,0.000000E+00,0.000000E+00,0.000000E+00,0.000000E+00,0.000000E+00,0.000000E+00,0.000000E+00,2.199999E+01,4.503404E+01,2.400000E+01,4.236354E+01,6.125952E+03,3.045052E+03,3.337300E-01,2.983473E-01,0.000000E+00,0.000000E+00,0.000000E+00,0.000000E+00,0.000000E+00,0.000000E+00,0.000000E+00,0.000000E+00,2.199889E+01,3.998510E+01,2.399999E+01,4.240652E+01,3.486093E+04,2.962463E+04,1.899149E+00,2.902551E+00,0.000000E+00,0.000000E+00,0.000000E+00,0.000000E+00,0.000000E+00,0.000000E+00,0.000000E+00,0.000000E+00,2.199876E+01,4.400602E+01,2.400000E+01,4.236265E+01,3.696740E+03,4.755084E+03,2.013988E-01,4.658919E-01,0.000000E+00,0.000000E+00,0.000000E+00,0.000000E+00,0.000000E+00,0.000000E+00,0.000000E+00,0.000000E+00,2.199956E+01,4.386515E+01,2.400000E+01,4.236304E+01,2.581159E+04,2.312808E+04,1.406199E+00,2.266035E+00,0.000000E+00,0.000000E+00,0.000000E+00,0.000000E+00,0.000000E+00,0.000000E+00,0.000000E+00,0.000000E+00,2.199929E+01,4.407049E+01,2.400000E+01,4.236281E+01,3.114048E+03,2.558976E+03,1.696552E-01,2.507224E-01,0.000000E+00,0.000000E+00,0.000000E+00,0.000000E+00,0.000000E+00,0.000000E+00,0.000000E+00,0.000000E+00,2.199966E+01,4.466055E+01,2.400000E+01,4.236321E+01
23:20:00,3.254988E+04,3.450231E+04,1.773370E+00,3.380454E+00,0.000000E+00,0.000000E+00,0.000000E+00,0.000000E+00,0.000000E+00,0.000000E+00,0.000000E+00,0.000000E+00,2.199999E+01,4.503404E+01,2.400000E+01,4.236354E+01,6.130053E+03,3.037281E+03,3.339540E-01,2.975858E-01,0.000000E+00,0.000000E+00,0.000000E+00,0.000000E+00,0.000000E+00,0.000000E+00,0.000000E+00,0.000000E+00,2.199892E+01,4.008358E+01,2.399999E+01,4.240192E+01,3.486730E+04,2.919558E+04,1.899496E+00,2.860513E+00,0.000000E+00,0.000000E+00,0.000000E+00,0.000000E+00,0.000000E+00,0.000000E+00,0.000000E+00,0.000000E+00,2.199876E+01,4.400619E+01,2.400000E+01,4.236260E+01,3.696892E+03,4.696052E+03,2.014074E-01,4.601081E-01,0.000000E+00,0.000000E+00,0.000000E+00,0.000000E+00,0.000000E+00,0.000000E+00,0.000000E+00,0.000000E+00,2.199957E+01,4.390000E+01,2.400000E+01,4.236302E+01,2.581621E+04,2.272638E+04,1.406452E+00,2.226677E+00,0.000000E+00,0.000000E+00,0.000000E+00,0.000000E+00,0.000000E+00,0.000000E+00,0.000000E+00,0.000000E+00,2.199929E+01,4.407382E+01,2.400000E+01,4.236277E+01,3.114557E+03,2.528680E+03,1.696829E-01,2.477541E-01,0.000000E+00,0.000000E+00,0.000000E+00,0.000000E+00,0.000000E+00,0.000000E+00,0.000000E+00,0.000000E+00,2.199966E+01,4.466061E+01,2.400000E+01,4.236319E+01
23:30:00,3.255937E+04,3.399827E+04,1.773887E+00,3.331070E+00,0.000000E+00,0.000000E+00,0.000000E+00,0.000000E+00,0.000000E+00,0.000000E+00,0.000000E+00,0.000000E+00,2.199999E+01,4.503404E+01,2.400000E+01,4.236354E+01,6.134106E+03,3.028925E+03,3.341753E-01,2.967671E-01,0.000000E+00,0.000000E+00,0.000000E+00,0.000000E+00,0.000000E+00,0.000000E+00,0.000000E+00,0.000000E+00,2.199894E+01,4.017207E+01,2.400000E+01,4.239773E+01,3.487358E+04,2.877522E+04,1.899838E+00,2.819327E+00,0.000000E+00,0.000000E+00,0.000000E+00,0.000000E+00,0.000000E+00,0.000000E+00,0.000000E+00,0.000000E+00,2.199876E+01,4.400637E+01,2.400000E+01,4.236255E+01,3.697048E+03,4.638111E+03,2.014161E-01,4.544311E-01,0.000000E+00,0.000000E+00,0.000000E+00,0.000000E+00,0.000000E+00,0.000000E+00,0.000000E+00,0.000000E+00,2.199958E+01,4.392880E+01,2.400000E+01,4.236299E+01,2.582074E+04,2.233569E+04,1.406700E+00,2.188398E+00,0.000000E+00,0.000000E+00,0.000000E+00,0.000000E+00,0.000000E+00,0.000000E+00,0.000000E+00,0.000000E+00,2.199929E+01,4.407597E+01,2.400000E+01,4.236272E+01,3.115053E+03,2.498726E+03,1.697099E-01,2.448193E-01,0.000000E+00,0.000000E+00,0.000000E+00,0.000000E+00,0.000000E+00,0.000000E+00,0.000000E+00,0.000000E+00,2.199966E+01,4.466066E+01,2.400000E+01,4.236318E+01
23:40:00,3.256866E+04,3.350375E+04,1.774394E+00,3.282618E+00,0.000000E+00,0.000000E+00,0.000000E+00,0.000000E+00,0.000000E+00,0.000000E+00,0.000000E+00,0.000000E+00,2.199999E+01,4.503404E+01,2.400000E+01,4.236354E+01,6.138114E+03,3.019992E+03,3.343941E-01,2.958919E-01,0.000000E+00,0.000000E+00,0.000000E+00,0.000000E+00,0.000000E+00,0.000000E+00,0.000000E+00,0.000000E+00,2.199895E+01,4.025160E+01,2.400000E+01,4.239392E+01,3.487975E+04,2.836288E+04,1.900175E+00,2.778927E+00,0.000000E+00,0.000000E+00,0.000000E+00,0.000000E+00,0.000000E+00,0.000000E+00,0.000000E+00,0.000000E+00,2.199876E+01,4.400654E+01,2.400000E+01,4.236250E+01,3.697206E+03,4.581169E+03,2.014249E-01,4.488521E-01,0.000000E+00,0.000000E+00,0.000000E+00,0.000000E+00,0.000000E+00,0.000000E+00,0.000000E+00,0.000000E+00,2.199960E+01,4.395260E+01,2.400000E+01,4.236296E+01,2.582516E+04,2.195498E+04,1.406941E+00,2.151097E+00,0.000000E+00,0.000000E+00,0.000000E+00,0.000000E+00,0.000000E+00,0.000000E+00,0.000000E+00,0.000000E+00,2.199929E+01,4.407738E+01,2.400000E+01,4.236268E+01,3.115537E+03,2.469094E+03,1.697363E-01,2.419160E-01,0.000000E+00,0.000000E+00,0.000000E+00,0.000000E+00,0.000000E+00,0.000000E+00,0.000000E+00,0.000000E+00,2.199966E+01,4.466072E+01,2.400000E+01,4.236316E+01
23:50:00,3.257776E+04,3.301811E+04,1.774889E+00,3.235037E+00,0.000000E+00,0.000000E+00,0.000000E+00,0.000000E+00,0.000000E+00,0.000000E+00,0.000000E+00,0.000000E+00,2.199999E+01,4.503404E+01,2.400000E+01,4.236354E+01,6.142079E+03,3.010495E+03,3.346105E-01,2.949613E-01,0.000000E+00,0.000000E+00,0.000000E+00,0.000000E+00,0.000000E+00,0.000000E+00,0.000000E+00,0.000000E+00,2.199897E+01,4.032311E+01,2.400000E+01,4.239046E+01,3.488584E+04,2.795804E+04,1.900506E+00,2.739262E+00,0.000000E+00,0.000000E+00,0.000000E+00,0.000000E+00,0.000000E+00,0.000000E+00,0.000000E+00,0.000000E+00,2.199876E+01,4.400671E+01,2.400000E+01,4.236245E+01,3.697367E+03,4.525149E+03,2.014338E-01,4.433634E-01,0.000000E+00,0.000000E+00,0.000000E+00,0.000000E+00,0.000000E+00,0.000000E+00,0.000000E+00,0.000000E+00,2.199960E+01,4.397228E+01,2.400000E+01,4.236294E+01,2.582949E+04,2.158338E+04,1.407178E+00,2.114688E+00,0.000000E+00,0.000000E+00,0.000000E+00,0.000000E+00,0.000000E+00,0.000000E+00,0.000000E+00,0.000000E+00,2.199930E+01,4.407833E+01,2.400000E+01,4.236264E+01,3.116011E+03,2.439767E+03,1.697621E-01,2.390426E-01,0.000000E+00,0.000000E+00,0.000000E+00,0.000000E+00,0.000000E+00,0.000000E+00,0.000000E+00,0.000000E+00,2.199966E+01,4.466078E+01,2.400000E+01,4.236314E+01
24:00:00,3.258667E+04,3.254077E+04,1.775374E+00,3.188268E+00,0.000000E+00,0.000000E+00,0.000000E+00,0.000000E+00,0.000000E+00,0.000000E+00,0.000000E+00,0.000000E+00,2.199999E+01,4.503405E+01,2.400000E+01,4.236354E+01,6.146002E+03,3.000440E+03,3.348246E-01,2.939762E-01,0.000000E+00,0.000000E+00,0.000000E+00,0.000000E+00,0.000000E+00,0.000000E+00,0.000000E+00,0.000000E+00,2.199899E+01,4.038741E+01,2.400000E+01,4.238730E+01,3.489184E+04,2.756032E+04,1.900833E+00,2.700295E+00,0.000000E+00,0.000000E+00,0.000000E+00,0.000000E+00,0.000000E+00,0.000000E+00,0.000000E+00,0.000000E+00,2.199876E+01,4.400688E+01,2.400000E+01,4.236240E+01,3.697531E+03,4.469984E+03,2.014429E-01,4.379584E-01,0.000000E+00,0.000000E+00,0.000000E+00,0.000000E+00,0.000000E+00,0.000000E+00,0.000000E+00,0.000000E+00,2.199961E+01,4.398855E+01,2.400000E+01,4.236291E+01,2.583373E+04,2.122015E+04,1.407409E+00,2.079100E+00,0.000000E+00,0.000000E+00,0.000000E+00,0.000000E+00,0.000000E+00,0.000000E+00,0.000000E+00,0.000000E+00,2.199930E+01,4.407900E+01,2.400000E+01,4.236259E+01,3.116474E+03,2.410733E+03,1.697874E-01,2.361980E-01,0.000000E+00,0.000000E+00,0.000000E+00,0.000000E+00,0.000000E+00,0.000000E+00,0.000000E+00,0.000000E+00,2.199966E+01,4.466083E+01,2.400000E+01,4.236312E+01
Peak,3.287067E+04,6.807451E+04,1.790847E+00,6.671132E+00,0.000000E+00,0.000000E+00,0.000000E+00,0.000000E+00,0.000000E+00,0.000000E+00,0.000000E+00,0.000000E+00,,,,,1.005310E+04,1.231094E+04,5.476309E-01,1.206314E+00,0.000000E+00,0.000000E+00,0.000000E+00,0.000000E+00,0.000000E+00,0.000000E+00,0.000000E+00,0.000000E+00,,,,,3.972509E+04,6.322675E+04,2.163816E+00,6.195975E+00,0.000000E+00,0.000000E+00,0.000000E+00,0.000000E+00,0.000000E+00,0.000000E+00,0.000000E+00,0.000000E+00,,,,,4.198371E+03,9.026268E+03,2.287248E-01,8.843724E-01,0.000000E+00,0.000000E+00,0.000000E+00,0.000000E+00,0.000000E+00,0.000000E+00,0.000000E+00,0.000000E+00,,,,,2.920014E+04,4.992980E+04,1.590755E+00,4.892351E+00,0.000000E+00,0.000000E+00,0.000000E+00,0.000000E+00,0.000000E+00,0.000000E+00,0.000000E+00,0.000000E+00,,,,,3.276716E+03,6.009019E+03,1.785095E-01,5.887496E-01,0.000000E+00,0.000000E+00,0.000000E+00,0.000000E+00,0.000000E+00,0.000000E+00,0.000000E+00,0.000000E+00,,,,

Peak Vol Flow (m3/s),,,1.606306E+00,5.983692E+00,,,0.000000E+00,0.000000E+00,,,,,,,,,,,4.911992E-01,1.082007E+00,,,0.000000E+00,0.000000E+00,,,,,,,,,,,1.940841E+00,5.557498E+00,,,0.000000E+00,0.000000E+00,,,,,,,,,,,2.051554E-01,7.932405E-01,,,0.000000E+00,0.000000E+00,,,,,,,,,,,1.426832E+00,4.388209E+00,,,0.000000E+00,0.000000E+00,,,,,,,,,,,1.601146E-01,5.280807E-01,,,0.000000E+00,0.000000E+00,,,,,,,,
